Event Name,Event Type,Duration (hours),Participants,Venue Type,Location,Number of Devices,Avg Power per Device (kW),Energy Usage Hours,Transport Mode,Transport Distance (km),Attendees Using Transport,Meal Type,Number of Meals,Printed Material (kg),Decoration Material (kg),Total Emissions (kg CO2)
Conférence,Conference,39,51,Convention Center,London,27,0.27,39,Bus,489.15,124,Vegetarian,51,10.09,17.83,3913.77
Formation,Product Launch,35,1316,Outdoor,Dubai,5,1.88,35,Walking,180.46,16,Non-Vegetarian,1316,11.32,23.64,4840.42
Networking,Workshop,22,1936,Office,Dubai,36,1.89,22,Car,19.95,310,Vegetarian,1936,12.93,32.11,5041.26
Conférence,Product Launch,23,1518,Outdoor,Paris,6,1.39,23,Plane,62.21,345,Mixed,1518,14.15,9.2,9303.22
Product Launch,Workshop,30,10,Outdoor,Dubai,40,0.97,30,Walking,101.18,276,Non-Vegetarian,10,11.33,21.12,681.9
Lancement de Produit,Corporate Training,16,660,Office,New York,29,0.78,16,Bus,118.04,131,Vegan,660,5.31,25.21,1829.79
Fundraiser,Workshop,40,1954,Office,Dubai,25,1.58,40,Walking,148.02,272,Vegan,1954,7.43,7.36,2773.58
Networking,Fundraiser,3,1856,Hotel,Paris,33,1.12,3,Car,7.32,395,Vegetarian,1856,18.47,18.47,3520.51
Corporate Training,Workshop,33,1505,Hotel,New York,45,1.04,33,Plane,419.06,235,Non-Vegetarian,1505,14.79,45.52,30780.1
Workshop,Fundraiser,27,1992,Convention Center,London,15,0.24,27,Car,59.84,58,Vegan,1992,7.53,4.08,2792.67
Lancement de Produit,Seminar,48,118,Convention Center,Dubai,12,0.42,48,Train,364.04,431,Mixed,118,13.91,47.19,6814.21
Networking,Corporate Training,23,59,Office,Tokyo,5,1.4,23,Bicycle,330.4,104,Vegetarian,59,11.24,37.32,266.12
Réunion du Conseil,Workshop,43,457,Office,Paris,36,0.26,43,Train,494.72,143,Vegan,457,9.39,43.18,3593.18
Lancement de Produit,Networking Event,42,849,Outdoor,Dubai,32,1.27,42,Train,198.71,15,Mixed,849,10.3,15.64,3147.05
Conference,Board Meeting,43,252,Outdoor,Berlin,19,1.76,43,Train,380.19,26,Vegetarian,252,10.39,11.45,1536.04
Conférence,Corporate Training,22,537,Hotel,London,47,0.9,22,Bus,366.3,223,Vegetarian,537,0.7,49.44,6272.17
Team Building,Fundraiser,36,903,Hotel,Dubai,22,0.1,36,Car,395.41,208,Non-Vegetarian,903,19.45,26.74,20563.99
Seminar,Product Launch,6,1494,Office,Sydney,29,1.89,6,Plane,449.77,36,Vegan,1494,10.97,26.19,5780.68
Networking Event,Product Launch,38,1587,Convention Center,Sydney,21,0.34,38,Bicycle,110.92,294,Vegetarian,1587,17.7,16.02,2583.6
Réunion du Conseil,Workshop,24,1315,Office,Paris,38,1.36,24,Bus,399.26,182,Non-Vegetarian,1315,1.4,35.35,9656.08
Fundraiser,Workshop,28,1265,Coworking Space,New York,6,0.55,28,Plane,462.12,338,Vegetarian,1265,11.72,12.1,41040.48
Fundraiser,Conference,39,1042,Convention Center,London,24,0.66,39,Plane,134.37,329,Vegetarian,1042,2.57,9.94,12948.83
Seminar,Board Meeting,15,615,Convention Center,Tokyo,23,0.19,15,Car,110.7,131,Vegetarian,615,3.33,17.58,4042.45
Networking,Board Meeting,1,513,Hotel,London,9,1.11,1,Plane,318.86,451,Mixed,513,19.24,43.01,37363.46
Corporate Training,Team Building,44,953,Convention Center,Tokyo,8,0.88,44,Plane,157.03,195,Vegetarian,953,9.98,32.84,9325.23
Networking Event,Product Launch,29,272,Office,Berlin,45,1.84,29,Train,87.84,174,Non-Vegetarian,272,16.06,3.98,2804.05
Fundraiser,Workshop,20,1911,Convention Center,Dubai,8,1.41,20,Car,216.96,440,Mixed,1911,8.83,1.52,24958.1
Networking,Workshop,38,990,Office,Sydney,35,1.85,38,Bicycle,441.64,194,Mixed,990,10.43,12.1,3750.31
Networking,Product Launch,13,110,Hotel,Tokyo,38,0.6,13,Car,123.78,348,Vegetarian,110,19.99,35.26,9469.54
Team Building,Product Launch,27,1578,Convention Center,Sydney,8,0.2,27,Plane,332.07,335,Vegetarian,1578,9.06,37.66,30292.9
Corporate Training,Team Building,9,959,Coworking Space,Berlin,17,1.76,9,Bicycle,356.03,77,Vegetarian,959,17.19,17.82,1643.16
Événement de Bienfaisance,Trade Show,11,172,Coworking Space,Sydney,9,1.09,11,Bicycle,216.45,242,Vegetarian,172,2.18,19.64,355.59
Conférence,Networking Event,13,248,Coworking Space,Dubai,15,1.01,13,Bus,330.26,368,Mixed,248,6.1,27.89,8078.6
Trade Show,Seminar,1,745,Coworking Space,London,43,0.34,1,Bus,217.91,12,Vegan,745,9.41,22.64,973.31
Networking Event,Networking Event,47,205,Outdoor,London,6,1.69,47,Car,76.86,72,Vegetarian,205,9.52,2.64,1732.23
Conference,Product Launch,3,1942,Coworking Space,Paris,11,1.4,3,Car,403.22,471,Vegetarian,1942,2.79,28.51,42881.19
Fundraiser,Product Launch,41,1940,Office,Tokyo,24,1.88,41,Walking,272.25,363,Non-Vegetarian,1940,5.26,21.28,7768.04
Product Launch,Corporate Training,42,1144,Outdoor,London,23,0.35,42,Car,68.01,40,Vegan,1144,13.33,27.49,1965.97
Seminar,Seminar,9,1496,Hotel,London,28,0.56,9,Bicycle,416.8,79,Non-Vegetarian,1496,5.75,34.29,5386.64
Networking,Team Building,6,192,Hotel,New York,8,0.67,6,Car,73.26,216,Non-Vegetarian,192,13.58,27.25,4092.81
Product Launch,Trade Show,15,635,Outdoor,Sydney,37,0.64,15,Bus,36.99,88,Mixed,635,15.79,32.79,2057.57
Conférence,Team Building,10,1600,Coworking Space,Paris,7,1.04,10,Train,3.73,272,Vegetarian,1600,7.95,36.03,2564.94
Product Launch,Seminar,13,648,Outdoor,Berlin,42,1.16,13,Walking,397.86,424,Vegan,648,1.31,29.45,1026.2
Conférence,Corporate Training,11,1287,Hotel,Berlin,13,1.48,11,Car,253.98,103,Mixed,1287,2.42,41.08,8903.91
Board Meeting,Networking Event,5,143,Coworking Space,Paris,27,1.22,5,Walking,158.07,125,Vegetarian,143,17.47,22.39,376.57
Corporate Training,Board Meeting,4,1110,Outdoor,Paris,10,1.29,4,Bicycle,433.3,120,Vegan,1110,10.21,14.25,1184.72
Fundraiser,Corporate Training,29,1561,Office,London,13,1.09,29,Plane,427.11,202,Mixed,1561,19.76,35.29,25787.12
Product Launch,Networking Event,3,1363,Coworking Space,Berlin,24,0.74,3,Bicycle,302.78,73,Mixed,1363,2.59,20.75,3480.82
Trade Show,Board Meeting,36,677,Convention Center,New York,37,1.15,36,Car,116.51,201,Non-Vegetarian,677,17.43,15.57,8119.29
Networking,Product Launch,42,76,Outdoor,London,8,1.76,42,Plane,377.41,301,Vegetarian,76,2.18,13.78,28841.7
Corporate Training,Trade Show,21,1561,Office,Tokyo,43,1.57,21,Bicycle,148.98,406,Mixed,1561,18.56,31.85,4712.17
Fundraiser,Seminar,21,243,Outdoor,Sydney,21,0.11,21,Walking,340.99,246,Mixed,243,15.75,36.01,735.27
Corporate Training,Corporate Training,40,891,Outdoor,Berlin,13,1.6,40,Car,164.36,67,Vegetarian,891,12.84,43.04,4176.81
Conference,Seminar,37,215,Hotel,Paris,22,1.89,37,Car,90.8,399,Vegan,215,11.62,48.33,8712.26
Séminaire,Conference,15,60,Outdoor,New York,29,0.19,15,Car,123.84,457,Mixed,60,1.01,4.74,12087.75
Lancement de Produit,Board Meeting,47,1722,Coworking Space,London,21,1.87,47,Walking,146.89,286,Vegan,1722,15.13,39.83,2754.77
Fundraiser,Fundraiser,35,1621,Office,Tokyo,11,1.9,35,Walking,409.14,372,Vegetarian,1621,15.32,34.13,2896.15
Networking Event,Board Meeting,20,1298,Coworking Space,Sydney,22,0.38,20,Car,491.25,159,Mixed,1298,12.09,37.85,19831.32
Réunion du Conseil,Fundraiser,35,145,Outdoor,Berlin,23,1.08,35,Bus,261.0,214,Non-Vegetarian,145,9.94,19.45,4352.22
Board Meeting,Seminar,23,1102,Coworking Space,Dubai,17,0.71,23,Bus,90.78,305,Non-Vegetarian,1102,7.88,10.11,5693.06
Workshop,Corporate Training,7,975,Coworking Space,Paris,40,0.83,7,Bus,330.79,26,Vegan,975,5.88,34.88,1688.75
Événement de Bienfaisance,Conference,32,988,Office,Sydney,48,0.97,32,Car,276.72,20,Vegan,988,7.05,35.38,2980.04
Conférence,Networking Event,18,1895,Hotel,Berlin,33,1.68,18,Walking,202.07,355,Vegetarian,1895,11.45,44.28,3452.92
Atelier,Product Launch,36,1474,Convention Center,Paris,37,0.93,36,Bus,138.71,368,Vegan,1474,2.2,30.85,5222.2
Conférence,Workshop,18,1658,Convention Center,Paris,36,1.48,18,Bus,418.22,463,Vegan,1658,4.91,47.54,13860.57
Trade Show,Workshop,30,659,Office,Tokyo,32,1.77,30,Car,361.78,54,Vegan,659,18.4,16.16,5680.31
Networking Event,Team Building,12,63,Coworking Space,London,23,0.93,12,Bus,124.42,481,Non-Vegetarian,63,0.63,14.43,3969.72
Séminaire,Trade Show,12,424,Office,Berlin,43,0.16,12,Bicycle,76.0,330,Vegetarian,424,18.85,22.38,759.74
Atelier,Product Launch,46,1188,Outdoor,Tokyo,19,1.41,46,Plane,174.42,138,Non-Vegetarian,1188,14.94,16.01,10853.56
Conférence,Board Meeting,26,1343,Convention Center,Dubai,10,1.17,26,Plane,95.51,363,Vegetarian,1343,11.02,12.65,10881.47
Séminaire,Seminar,38,858,Hotel,Tokyo,50,0.71,38,Car,133.53,274,Vegetarian,858,3.54,41.79,9735.48
Seminar,Team Building,18,1610,Office,Dubai,31,1.65,18,Bicycle,155.47,195,Non-Vegetarian,1610,5.2,34.46,6174.67
Événement de Bienfaisance,Team Building,25,358,Hotel,London,41,0.76,25,Plane,262.64,295,Vegetarian,358,13.78,31.77,20387.3
Événement de Bienfaisance,Seminar,40,1422,Outdoor,Dubai,36,0.2,40,Bus,251.44,428,Vegan,1422,7.44,13.86,8065.58
Corporate Training,Networking Event,15,1068,Outdoor,Sydney,14,1.09,15,Plane,5.99,112,Vegetarian,1068,13.81,11.82,1935.43
Séminaire,Seminar,7,506,Coworking Space,New York,35,1.11,7,Train,423.35,473,Non-Vegetarian,506,4.87,40.07,10006.64
Networking Event,Networking Event,47,177,Coworking Space,Berlin,50,0.3,47,Bus,137.03,35,Vegetarian,177,10.01,38.38,1002.54
Team Building,Product Launch,27,236,Outdoor,New York,43,1.17,27,Train,266.1,419,Non-Vegetarian,236,2.66,5.59,5981.52
Networking,Fundraiser,7,1462,Convention Center,Paris,45,1.83,7,Walking,217.24,13,Vegan,1462,11.61,36.42,1846.28
Board Meeting,Product Launch,11,85,Convention Center,New York,8,1.5,11,Walking,354.17,218,Non-Vegetarian,85,8.21,22.49,424.9
Lancement de Produit,Board Meeting,19,1633,Coworking Space,Paris,26,0.69,19,Car,126.6,466,Non-Vegetarian,1633,11.97,13.15,18325.25
Product Launch,Fundraiser,40,886,Coworking Space,Tokyo,35,1.17,40,Bus,60.21,258,Vegetarian,886,16.87,49.8,3213.39
Networking,Seminar,4,502,Convention Center,Dubai,49,0.63,4,Train,430.4,285,Mixed,502,19.19,38.65,6338.98
Trade Show,Trade Show,37,796,Office,Berlin,9,1.19,37,Walking,225.45,304,Vegan,796,2.35,23.18,1045.19
Réunion du Conseil,Conference,27,1596,Coworking Space,Dubai,39,0.25,27,Walking,344.49,299,Vegetarian,1596,6.19,32.18,2602.36
Trade Show,Board Meeting,24,1404,Convention Center,New York,14,1.37,24,Walking,352.64,89,Mixed,1404,1.71,37.31,3818.2
Atelier,Product Launch,35,1818,Hotel,New York,46,1.7,35,Bus,185.9,233,Non-Vegetarian,1818,19.7,19.36,10408.5
Séminaire,Trade Show,9,1752,Hotel,Dubai,15,1.93,9,Bicycle,365.83,44,Non-Vegetarian,1752,3.98,31.73,6333.69
Formation,Corporate Training,28,1351,Convention Center,Paris,29,1.52,28,Bicycle,396.91,363,Mixed,1351,15.83,24.03,4074.34
Fundraiser,Workshop,9,1576,Office,London,25,0.14,9,Bicycle,189.44,81,Non-Vegetarian,1576,18.21,14.1,5596.37
Team Building,Networking Event,13,120,Office,Tokyo,38,1.39,13,Walking,175.58,310,Mixed,120,1.0,5.34,656.01
Seminar,Workshop,43,547,Outdoor,Paris,10,0.56,43,Bus,152.16,440,Vegan,547,3.67,14.98,4721.72
Networking Event,Trade Show,47,1815,Hotel,Tokyo,11,0.48,47,Bus,334.09,293,Mixed,1815,16.91,41.56,10651.82
Réunion du Conseil,Fundraiser,43,536,Office,Berlin,38,0.69,43,Bus,473.65,390,Vegetarian,536,7.29,12.45,12490.62
Workshop,Corporate Training,35,391,Convention Center,Dubai,35,1.97,35,Plane,296.08,464,Non-Vegetarian,391,9.82,24.64,36989.32
Board Meeting,Team Building,48,1847,Convention Center,London,45,0.64,48,Bicycle,67.64,498,Non-Vegetarian,1847,6.03,15.05,7197.86
Fundraiser,Board Meeting,32,610,Office,Sydney,21,0.72,32,Plane,398.49,312,Mixed,610,3.85,4.59,32866.02
Séminaire,Trade Show,1,901,Convention Center,London,40,1.75,1,Walking,314.93,314,Vegetarian,901,4.45,35.29,1465.98
Seminar,Networking Event,31,714,Office,New York,33,1.62,31,Plane,371.1,99,Mixed,714,0.76,47.72,11895.31
Formation,Team Building,26,451,Coworking Space,Tokyo,29,0.62,26,Bicycle,104.41,448,Mixed,451,17.74,45.84,1488.4
Product Launch,Networking Event,39,1392,Coworking Space,Dubai,46,0.82,39,Plane,75.47,239,Non-Vegetarian,1392,6.95,16.78,10164.33
Conférence,Board Meeting,36,1328,Outdoor,London,16,0.63,36,Car,390.51,410,Vegetarian,1328,7.0,49.56,35909.47
Atelier,Team Building,39,746,Coworking Space,Dubai,32,1.07,39,Bus,304.8,385,Vegan,746,11.72,31.49,8540.98
Fundraiser,Seminar,38,469,Convention Center,Paris,36,1.32,38,Bus,253.89,241,Vegetarian,469,11.51,48.24,5397.13
Team Building,Corporate Training,2,1626,Convention Center,Paris,28,0.68,2,Bicycle,234.59,305,Non-Vegetarian,1626,3.25,37.21,5790.96
Réunion du Conseil,Networking Event,2,447,Outdoor,London,29,1.49,2,Train,279.58,64,Vegetarian,447,7.02,21.37,1486.21
Réunion du Conseil,Trade Show,15,158,Convention Center,Sydney,49,1.41,15,Car,364.11,266,Mixed,158,19.59,24.18,21339.9
Trade Show,Workshop,8,1630,Office,Berlin,40,0.53,8,Plane,141.24,191,Vegetarian,1630,13.06,41.38,9382.89
Séminaire,Trade Show,10,949,Outdoor,Sydney,11,1.22,10,Walking,243.24,437,Non-Vegetarian,949,8.77,10.38,3426.9
Seminar,Trade Show,40,958,Hotel,New York,38,0.39,40,Bus,240.62,51,Vegetarian,958,18.86,11.78,2530.98
Board Meeting,Workshop,30,1070,Office,Sydney,41,1.13,30,Train,437.11,159,Vegan,1070,19.29,19.22,4621.99
Team Building,Seminar,8,1516,Hotel,Dubai,40,0.38,8,Train,397.97,384,Vegetarian,1516,1.51,33.24,8517.12
Lancement de Produit,Corporate Training,37,1452,Office,London,35,1.82,37,Bicycle,252.07,22,Vegetarian,1452,14.64,37.62,3460.97
Networking Event,Fundraiser,47,414,Office,Tokyo,50,0.59,47,Bus,99.0,105,Mixed,414,4.5,25.05,2411.05
Corporate Training,Board Meeting,27,223,Convention Center,Berlin,17,1.08,27,Walking,63.09,229,Non-Vegetarian,223,14.8,34.19,1126.34
Réunion du Conseil,Fundraiser,11,278,Office,Dubai,18,1.86,11,Walking,66.82,124,Vegetarian,278,13.04,18.95,665.12
Conference,Fundraiser,24,1903,Outdoor,Sydney,37,1.66,24,Bicycle,77.81,28,Vegan,1903,16.69,3.09,2679.6
Atelier,Fundraiser,6,1891,Hotel,New York,23,0.85,6,Plane,390.95,423,Vegetarian,1891,15.84,41.17,44352.13
Product Launch,Fundraiser,36,1853,Hotel,New York,44,0.96,36,Bus,79.99,258,Vegan,1853,15.71,7.71,3898.41
Atelier,Team Building,45,1183,Outdoor,Paris,14,0.87,45,Plane,389.37,487,Vegetarian,1183,2.39,11.73,49482.59
Corporate Training,Seminar,20,1981,Convention Center,Paris,18,1.59,20,Bicycle,228.09,407,Vegan,1981,6.48,18.5,2317.16
Séminaire,Workshop,12,1956,Coworking Space,London,11,1.06,12,Train,464.15,65,Vegetarian,1956,3.11,37.98,4292.93
Lancement de Produit,Corporate Training,10,433,Hotel,New York,48,0.58,10,Plane,197.1,289,Vegetarian,433,17.52,26.47,15117.16
Trade Show,Board Meeting,48,386,Outdoor,Tokyo,41,0.62,48,Car,54.44,150,Vegan,386,10.86,36.38,2805.42
Atelier,Conference,31,1966,Hotel,Tokyo,44,0.58,31,Bus,266.85,190,Vegan,1966,3.66,12.52,5436.01
Événement de Bienfaisance,Networking Event,32,405,Office,Sydney,12,1.35,32,Plane,58.01,435,Vegan,405,1.89,37.41,7051.39
Corporate Training,Team Building,40,1823,Hotel,Dubai,36,0.73,40,Plane,171.72,271,Mixed,1823,5.25,46.49,16820.61
Trade Show,Trade Show,24,881,Office,Paris,39,0.5,24,Train,315.85,221,Vegetarian,881,17.06,16.34,4414.41
Board Meeting,Trade Show,2,935,Convention Center,Paris,20,1.93,2,Train,111.64,226,Vegetarian,935,15.81,48.23,2578.41
Board Meeting,Product Launch,47,1572,Outdoor,Sydney,42,0.2,47,Bus,197.02,218,Mixed,1572,13.11,2.57,6735.78
Séminaire,Fundraiser,39,1122,Convention Center,Tokyo,24,0.83,39,Plane,179.77,271,Vegan,1122,1.26,49.45,13791.28
Séminaire,Fundraiser,29,1149,Office,New York,18,1.35,29,Plane,464.62,214,Vegetarian,1149,17.15,25.84,27019.0
Workshop,Team Building,12,1324,Office,London,13,0.23,12,Car,427.17,30,Mixed,1324,19.23,17.88,6093.33
Networking Event,Seminar,38,728,Office,Sydney,22,1.41,38,Bicycle,480.01,434,Non-Vegetarian,728,18.19,13.78,3201.32
Atelier,Corporate Training,1,1399,Outdoor,London,7,0.45,1,Plane,95.89,338,Vegetarian,1399,11.3,28.92,10283.22
Atelier,Workshop,44,874,Office,Paris,17,0.72,44,Bicycle,284.78,374,Vegetarian,874,14.61,47.81,1705.12
Lancement de Produit,Product Launch,18,1039,Hotel,Sydney,23,1.51,18,Bus,322.65,41,Non-Vegetarian,1039,14.89,4.36,4781.29
Networking Event,Conference,26,646,Coworking Space,Tokyo,8,1.42,26,Walking,499.28,129,Vegan,646,19.96,2.82,839.24
Board Meeting,Conference,40,18,Outdoor,London,29,0.79,40,Car,231.04,237,Non-Vegetarian,18,19.27,43.29,12145.18
Product Launch,Trade Show,44,1210,Outdoor,London,21,1.53,44,Bicycle,301.39,88,Non-Vegetarian,1210,14.41,32.71,5036.1
Lancement de Produit,Team Building,20,1736,Convention Center,London,47,1.48,20,Bicycle,58.45,281,Mixed,1736,19.96,22.54,5120.6
Networking,Workshop,48,1901,Hotel,London,10,1.46,48,Train,361.63,106,Vegan,1901,13.74,49.7,3911.59
Lancement de Produit,Workshop,25,1856,Outdoor,Sydney,20,0.87,25,Bus,220.47,150,Vegan,1856,8.52,37.54,4149.85
Workshop,Workshop,41,799,Hotel,Berlin,32,1.82,41,Walking,427.91,21,Vegetarian,799,11.67,11.32,2438.4
Événement de Bienfaisance,Team Building,23,1716,Outdoor,Tokyo,37,0.48,23,Plane,463.03,44,Non-Vegetarian,1716,5.51,42.75,11400.09
Lancement de Produit,Trade Show,48,1100,Coworking Space,Sydney,31,1.85,48,Plane,374.06,143,Vegan,1100,8.91,33.54,15933.94
Board Meeting,Seminar,36,1171,Outdoor,Dubai,14,0.19,36,Walking,140.78,19,Non-Vegetarian,1171,19.35,45.15,4275.38
Networking,Workshop,45,402,Hotel,London,40,0.15,45,Bicycle,280.86,51,Non-Vegetarian,402,10.29,39.53,1641.64
Team Building,Networking Event,29,1805,Hotel,Tokyo,41,1.57,29,Car,73.13,425,Mixed,1805,15.29,1.09,12005.48
Networking Event,Seminar,5,1534,Convention Center,London,12,1.88,5,Bicycle,478.52,351,Vegetarian,1534,14.53,6.58,2399.62
Board Meeting,Conference,45,1328,Office,Berlin,25,0.21,45,Bicycle,285.47,292,Vegan,1328,7.63,1.8,1464.98
Fundraiser,Networking Event,42,1486,Hotel,Sydney,6,1.81,42,Bicycle,98.26,45,Mixed,1486,7.28,40.38,4038.38
Conference,Board Meeting,44,1320,Coworking Space,Dubai,34,0.83,44,Walking,40.38,26,Mixed,1320,2.93,12.34,3951.38
Fundraiser,Product Launch,41,791,Convention Center,New York,10,1.3,41,Car,374.92,74,Non-Vegetarian,791,14.02,26.49,8942.28
Conférence,Networking Event,32,1068,Hotel,Berlin,32,0.73,32,Bicycle,142.59,149,Vegan,1068,7.26,32.3,1520.88
Atelier,Workshop,35,862,Office,London,15,1.26,35,Train,346.75,74,Mixed,862,6.78,11.35,3548.39
Product Launch,Product Launch,45,1808,Convention Center,Berlin,11,0.94,45,Car,4.92,351,Mixed,1808,2.79,16.04,5152.96
Seminar,Corporate Training,28,645,Coworking Space,London,21,0.83,28,Plane,347.09,438,Vegan,645,14.24,37.95,38999.75
Atelier,Team Building,4,893,Office,Dubai,5,1.14,4,Plane,274.97,291,Non-Vegetarian,893,15.16,33.42,23238.13
Team Building,Workshop,38,932,Convention Center,Paris,8,1.2,38,Train,170.45,70,Vegan,932,10.86,45.65,1704.68
Atelier,Conference,11,492,Office,Sydney,48,0.38,11,Plane,51.27,25,Mixed,492,1.19,24.45,1702.04
Événement de Bienfaisance,Team Building,42,1071,Hotel,Sydney,23,1.48,42,Plane,173.91,40,Vegetarian,1071,5.6,30.94,4133.52
Trade Show,Networking Event,41,1873,Outdoor,Paris,33,1.27,41,Bus,427.4,437,Vegan,1873,19.69,45.97,14069.9
Événement de Bienfaisance,Networking Event,1,391,Coworking Space,Berlin,38,1.4,1,Bus,441.78,366,Vegan,391,5.99,8.64,10148.35
Product Launch,Conference,32,1572,Outdoor,Dubai,48,1.71,32,Bicycle,353.05,129,Vegan,1572,3.4,42.41,2976.9
Lancement de Produit,Board Meeting,3,198,Office,Tokyo,31,0.16,3,Train,114.55,288,Vegetarian,198,7.21,12.59,1663.66
Networking,Conference,20,550,Office,Dubai,50,1.62,20,Plane,428.91,236,Vegetarian,550,1.72,31.68,27007.49
Réunion du Conseil,Product Launch,23,764,Hotel,London,48,0.41,23,Car,269.32,324,Vegan,764,13.92,10.04,19362.77
Workshop,Corporate Training,16,537,Hotel,London,29,0.22,16,Train,337.12,101,Non-Vegetarian,537,6.32,45.54,3396.22
Trade Show,Team Building,32,1075,Coworking Space,Sydney,5,1.91,32,Car,270.97,336,Vegetarian,1075,14.26,33.94,20981.34
Lancement de Produit,Corporate Training,1,1194,Office,London,41,0.27,1,Bus,183.38,51,Vegan,1194,5.4,21.11,1813.7
Board Meeting,Product Launch,24,1548,Coworking Space,Paris,24,0.17,24,Train,335.01,384,Non-Vegetarian,1548,4.94,28.86,10680.31
Formation,Networking Event,34,1623,Outdoor,Paris,10,0.69,34,Bicycle,55.89,124,Vegetarian,1623,8.18,29.74,2627.64
Trade Show,Product Launch,5,721,Coworking Space,London,45,1.67,5,Bus,66.67,413,Vegetarian,721,7.66,29.55,2995.88
Événement de Bienfaisance,Board Meeting,7,635,Outdoor,Dubai,44,1.41,7,Walking,482.84,29,Vegetarian,635,18.31,44.5,1295.26
Fundraiser,Board Meeting,12,437,Hotel,Paris,41,1.28,12,Walking,89.56,206,Mixed,437,9.31,21.1,1468.2
Workshop,Fundraiser,22,882,Office,London,30,0.78,22,Car,49.01,266,Vegetarian,882,2.96,27.03,4378.08
Atelier,Board Meeting,39,656,Office,Tokyo,11,1.51,39,Walking,332.69,220,Vegetarian,656,2.08,44.42,1400.89
Conference,Corporate Training,29,1107,Coworking Space,London,32,1.96,29,Plane,483.92,413,Vegan,1107,3.83,19.95,52028.74
Atelier,Trade Show,16,402,Office,Berlin,12,1.64,16,Bicycle,27.3,48,Vegan,402,4.35,15.18,598.5
Atelier,Team Building,20,1301,Outdoor,Paris,21,0.54,20,Plane,16.01,95,Vegan,1301,19.28,49.45,1932.1
Product Launch,Conference,4,880,Outdoor,Sydney,37,0.36,4,Bicycle,107.23,310,Non-Vegetarian,880,9.34,24.87,3175.06
Networking,Trade Show,27,742,Convention Center,Tokyo,30,0.17,27,Bus,393.63,187,Mixed,742,5.49,40.28,6431.92
Corporate Training,Fundraiser,35,274,Coworking Space,Berlin,35,1.74,35,Train,27.71,152,Vegetarian,274,16.58,37.11,1752.61
Trade Show,Trade Show,28,655,Hotel,London,20,0.27,28,Bus,31.38,272,Vegetarian,655,16.89,43.07,1690.14
Seminar,Board Meeting,38,1100,Coworking Space,Sydney,38,1.78,38,Bicycle,83.14,488,Vegetarian,1100,4.02,46.91,3037.02
Workshop,Seminar,25,1999,Office,New York,14,1.12,25,Bicycle,124.01,75,Mixed,1999,12.74,25.58,5270.14
Conférence,Seminar,3,1749,Coworking Space,Dubai,38,1.06,3,Walking,280.16,124,Mixed,1749,9.12,35.19,4521.54
Événement de Bienfaisance,Corporate Training,10,856,Hotel,Paris,45,1.72,10,Bus,353.97,191,Non-Vegetarian,856,9.55,14.29,7487.18
Board Meeting,Corporate Training,42,202,Convention Center,Berlin,14,1.42,42,Walking,27.24,90,Mixed,202,19.25,9.38,979.74
Seminar,Fundraiser,32,1634,Convention Center,New York,16,0.72,32,Bicycle,368.36,317,Vegetarian,1634,12.53,13.83,2688.04
Board Meeting,Seminar,13,1377,Outdoor,Tokyo,25,0.26,13,Bus,291.54,283,Non-Vegetarian,1377,12.57,25.44,9888.12
Product Launch,Corporate Training,12,1481,Coworking Space,Paris,44,0.75,12,Bicycle,151.0,344,Vegan,1481,7.38,38.94,1771.64
Conference,Networking Event,37,634,Hotel,London,29,0.25,37,Car,134.86,292,Vegetarian,634,5.38,33.02,9431.54
Board Meeting,Fundraiser,48,968,Office,Paris,50,1.73,48,Bus,234.54,83,Mixed,968,1.97,7.27,5682.49
Réunion du Conseil,Networking Event,3,111,Hotel,Berlin,33,1.46,3,Bicycle,293.42,134,Mixed,111,2.07,17.63,389.17
Atelier,Trade Show,18,1759,Outdoor,Paris,12,1.39,18,Bicycle,488.32,208,Mixed,1759,0.68,47.92,4644.82
Board Meeting,Corporate Training,37,1714,Office,Berlin,17,1.25,37,Bicycle,256.37,497,Non-Vegetarian,1714,9.21,30.69,6471.93
Product Launch,Networking Event,12,1607,Coworking Space,New York,5,1.9,12,Bicycle,242.01,259,Mixed,1607,17.73,32.82,4175.6
Événement de Bienfaisance,Board Meeting,41,1550,Coworking Space,London,38,0.51,41,Bus,135.49,93,Vegan,1550,15.24,20.99,2775.78
Networking Event,Board Meeting,32,1958,Hotel,New York,28,1.96,32,Bus,2.83,191,Vegan,1958,3.36,27.37,2929.97
Lancement de Produit,Networking Event,15,1298,Coworking Space,New York,10,0.57,15,Plane,58.15,69,Vegetarian,1298,15.18,5.52,3034.24
Product Launch,Trade Show,43,1151,Outdoor,Tokyo,9,1.96,43,Car,342.78,40,Vegan,1151,18.15,26.0,4497.91
Formation,Seminar,25,205,Office,New York,48,0.75,25,Train,242.59,187,Vegan,205,19.87,43.29,2595.89
Conference,Workshop,43,110,Coworking Space,New York,5,1.65,43,Train,88.8,462,Vegan,110,13.05,5.46,1965.42
Workshop,Seminar,47,1661,Convention Center,Tokyo,14,0.24,47,Car,273.43,107,Vegan,1661,16.7,11.18,7939.69
Seminar,Corporate Training,4,1814,Hotel,Paris,33,1.5,4,Car,358.02,164,Vegetarian,1814,13.33,26.49,15229.85
Conference,Corporate Training,48,487,Hotel,Sydney,19,1.33,48,Plane,491.93,388,Non-Vegetarian,487,18.3,31.75,50128.29
Conference,Trade Show,12,45,Convention Center,Dubai,30,0.4,12,Bicycle,7.13,466,Mixed,45,18.92,42.59,307.52
Networking,Team Building,28,596,Convention Center,Tokyo,37,0.43,28,Walking,144.27,286,Vegan,596,6.69,14.14,860.4
Team Building,Board Meeting,45,323,Convention Center,Dubai,15,1.21,45,Plane,140.07,182,Mixed,323,0.77,12.78,7616.16
Trade Show,Corporate Training,12,196,Outdoor,Berlin,36,0.87,12,Car,199.05,481,Vegetarian,196,11.07,35.56,20681.22
Lancement de Produit,Fundraiser,6,559,Coworking Space,Paris,17,0.29,6,Bus,40.38,383,Vegetarian,559,16.79,40.37,1895.54
Conference,Team Building,31,812,Outdoor,New York,19,0.63,31,Car,40.87,168,Vegan,812,17.84,39.17,2553.45
Networking,Board Meeting,20,1797,Coworking Space,Dubai,42,1.0,20,Bicycle,310.71,129,Vegan,1797,16.01,31.54,2312.1
Seminar,Team Building,4,289,Convention Center,London,22,0.6,4,Walking,148.69,281,Vegan,289,7.49,20.0,370.38
Conférence,Team Building,37,64,Convention Center,London,26,1.09,37,Plane,449.03,392,Vegan,64,8.33,12.3,44634.49
Séminaire,Conference,21,552,Office,Sydney,36,1.92,21,Bicycle,65.37,370,Non-Vegetarian,552,5.26,15.67,2699.62
Product Launch,Networking Event,36,1022,Office,Dubai,15,0.38,36,Bicycle,224.98,382,Mixed,1022,8.95,39.23,2753.96
Seminar,Fundraiser,12,1123,Convention Center,Sydney,15,1.34,12,Bus,59.09,20,Mixed,1123,9.69,33.61,3085.61
Product Launch,Corporate Training,35,1966,Coworking Space,Paris,50,1.35,35,Train,66.8,170,Vegetarian,1966,6.7,38.64,4675.17
Lancement de Produit,Workshop,39,953,Convention Center,Tokyo,10,0.21,39,Car,166.36,348,Mixed,953,15.02,30.77,14672.62
Trade Show,Networking Event,31,701,Convention Center,Berlin,6,1.07,31,Bus,318.74,42,Vegetarian,701,13.05,13.66,2007.65
Formation,Networking Event,7,265,Coworking Space,Tokyo,24,1.45,7,Walking,170.64,110,Vegan,265,13.47,39.28,492.3
Réunion du Conseil,Team Building,12,640,Office,Berlin,22,0.6,12,Bicycle,88.91,385,Vegetarian,640,10.97,41.03,1143.2
Lancement de Produit,Trade Show,28,1415,Convention Center,New York,49,0.82,28,Bus,245.78,270,Non-Vegetarian,1415,4.57,39.13,9584.06
Fundraiser,Trade Show,36,1417,Convention Center,Dubai,28,0.89,36,Plane,48.22,173,Non-Vegetarian,1417,3.53,22.85,7546.34
Networking Event,Trade Show,1,1272,Coworking Space,Sydney,12,1.99,1,Car,192.15,17,Non-Vegetarian,1272,4.33,1.62,5161.82
Product Launch,Fundraiser,48,196,Convention Center,New York,41,0.64,48,Bicycle,179.21,355,Vegetarian,196,10.14,46.84,1037.72
Atelier,Fundraiser,47,1704,Coworking Space,Sydney,19,1.22,47,Walking,410.09,159,Non-Vegetarian,1704,6.73,24.04,6570.27
Conférence,Fundraiser,47,563,Hotel,New York,43,0.73,47,Walking,498.78,155,Vegan,563,10.64,49.66,1421.26
Seminar,Seminar,28,299,Coworking Space,London,23,1.35,28,Bus,227.2,217,Mixed,299,19.85,16.28,4212.6
Conférence,Workshop,26,525,Outdoor,London,48,1.5,26,Bus,16.62,184,Mixed,525,3.49,30.14,2499.24
Product Launch,Board Meeting,44,1717,Outdoor,London,6,1.4,44,Plane,498.77,203,Mixed,1717,19.47,42.94,29914.7
Team Building,Product Launch,9,785,Hotel,Dubai,9,1.35,9,Car,353.62,130,Non-Vegetarian,785,9.59,2.71,12480.6
Networking,Board Meeting,35,1977,Coworking Space,London,50,0.22,35,Train,431.73,280,Non-Vegetarian,1977,1.14,45.25,12040.16
Board Meeting,Seminar,38,1128,Outdoor,Dubai,41,0.36,38,Train,128.75,182,Vegetarian,1128,15.27,22.11,2984.5
Lancement de Produit,Product Launch,6,725,Convention Center,New York,26,0.7,6,Walking,34.02,381,Mixed,725,1.05,44.48,1958.16
Team Building,Seminar,2,1242,Hotel,Paris,9,0.77,2,Car,66.05,87,Mixed,1242,11.36,5.91,4353.2
Conference,Networking Event,18,693,Coworking Space,Berlin,45,0.19,18,Bicycle,368.92,402,Vegan,693,13.64,22.21,841.65
Board Meeting,Workshop,34,462,Convention Center,Berlin,14,1.13,34,Plane,474.67,31,Mixed,462,16.54,16.74,5169.19
Séminaire,Networking Event,24,1163,Convention Center,Paris,49,1.61,24,Bicycle,405.36,407,Non-Vegetarian,1163,11.71,31.11,5102.82
Product Launch,Board Meeting,44,1836,Outdoor,Sydney,22,0.25,44,Walking,242.57,349,Vegetarian,1836,8.79,21.12,2934.82
Board Meeting,Conference,6,1248,Convention Center,Berlin,24,0.86,6,Bus,314.35,498,Vegetarian,1248,8.27,38.72,11420.68
Board Meeting,Board Meeting,22,1312,Office,Berlin,42,0.87,22,Walking,68.44,145,Mixed,1312,11.53,16.2,3737.4
Conférence,Seminar,22,1033,Coworking Space,New York,16,1.34,22,Plane,359.8,342,Mixed,1033,9.34,37.98,33675.88
Formation,Corporate Training,40,191,Hotel,Dubai,23,0.13,40,Plane,376.26,497,Non-Vegetarian,191,1.15,34.77,47550.44
Board Meeting,Corporate Training,31,346,Office,Sydney,10,1.68,31,Car,294.48,336,Vegetarian,346,10.86,1.82,21583.27
Workshop,Corporate Training,12,184,Coworking Space,New York,49,1.52,12,Bus,452.1,295,Vegan,184,19.58,6.61,8685.43
Événement de Bienfaisance,Workshop,1,77,Outdoor,London,7,1.67,1,Bus,378.65,260,Vegetarian,77,11.55,5.3,6061.98
Conférence,Networking Event,29,1479,Outdoor,Paris,35,1.98,29,Bicycle,490.84,140,Vegetarian,1479,16.01,11.48,3278.33
Lancement de Produit,Team Building,19,93,Office,Dubai,23,1.08,19,Plane,462.54,238,Vegan,93,11.21,34.46,27941.45
Lancement de Produit,Trade Show,35,901,Hotel,New York,44,1.35,35,Train,320.13,160,Vegan,901,3.13,21.2,4037.99
Conference,Board Meeting,17,246,Coworking Space,Dubai,7,1.15,17,Car,171.07,97,Vegan,246,16.14,5.26,3841.92
Fundraiser,Fundraiser,19,1277,Office,Tokyo,37,1.43,19,Train,206.82,466,Mixed,1277,12.37,5.79,7586.59
Corporate Training,Team Building,33,190,Hotel,Paris,45,0.81,33,Bicycle,134.72,100,Mixed,190,6.91,3.54,1097.33
Product Launch,Trade Show,32,1027,Office,New York,17,1.86,32,Car,314.57,12,Non-Vegetarian,1027,16.43,38.18,5002.36
Séminaire,Networking Event,42,522,Outdoor,Dubai,45,0.22,42,Bicycle,441.27,366,Non-Vegetarian,522,4.16,42.22,2127.66
Conference,Seminar,35,1247,Convention Center,Dubai,9,0.33,35,Car,346.95,471,Mixed,1247,12.37,21.69,37554.42
Atelier,Conference,7,529,Convention Center,London,21,1.01,7,Bicycle,116.53,271,Vegetarian,529,17.34,23.23,948.88
Réunion du Conseil,Product Launch,33,1296,Office,Berlin,22,0.55,33,Walking,389.68,116,Mixed,1296,14.61,37.85,3544.57
Formation,Corporate Training,11,970,Outdoor,Sydney,18,0.61,11,Train,141.66,278,Vegetarian,970,4.64,8.05,3116.03
Atelier,Networking Event,11,374,Outdoor,London,28,1.92,11,Bus,200.13,415,Non-Vegetarian,374,19.72,47.94,6723.24
Team Building,Team Building,41,671,Coworking Space,New York,40,1.5,41,Train,316.93,45,Non-Vegetarian,671,15.07,8.36,4195.83
Événement de Bienfaisance,Corporate Training,23,229,Coworking Space,Dubai,11,1.37,23,Walking,132.71,377,Non-Vegetarian,229,11.01,39.35,1075.53
Team Building,Seminar,34,1498,Convention Center,New York,23,1.8,34,Train,189.42,406,Mixed,1498,5.15,35.9,7607.08
Board Meeting,Seminar,6,777,Hotel,Tokyo,45,0.21,6,Car,48.82,282,Mixed,777,12.23,45.64,4977.71
Séminaire,Conference,1,416,Office,Paris,25,0.79,1,Bus,471.17,48,Non-Vegetarian,416,10.4,3.19,2850.02
Board Meeting,Team Building,48,721,Outdoor,Sydney,26,1.66,48,Bus,446.22,127,Non-Vegetarian,721,3.89,28.45,7024.22
Événement de Bienfaisance,Board Meeting,6,1894,Hotel,Paris,24,1.09,6,Train,70.32,310,Vegetarian,1894,1.57,45.3,3885.19
Fundraiser,Team Building,30,973,Coworking Space,Sydney,24,1.24,30,Bus,5.03,295,Mixed,973,4.72,33.45,3044.27
Formation,Workshop,20,305,Convention Center,Dubai,30,1.07,20,Walking,49.02,478,Non-Vegetarian,305,15.7,7.0,1433.9
Networking Event,Team Building,20,1472,Outdoor,Tokyo,38,0.43,20,Car,420.94,37,Mixed,1472,7.7,16.95,7163.4
Trade Show,Team Building,39,758,Convention Center,Berlin,19,1.39,39,Bus,355.8,35,Vegan,758,1.23,15.91,2054.45
Product Launch,Trade Show,14,440,Convention Center,London,39,0.66,14,Bus,425.88,310,Non-Vegetarian,440,6.23,40.81,9735.63
Conférence,Trade Show,22,352,Convention Center,London,15,0.74,22,Bus,18.81,380,Mixed,352,13.69,16.54,1491.43
Atelier,Networking Event,32,132,Outdoor,Paris,6,1.96,32,Bicycle,190.43,351,Vegetarian,132,10.51,4.18,415.54
Trade Show,Fundraiser,40,1411,Convention Center,New York,49,1.05,40,Car,419.5,248,Vegetarian,1411,5.53,1.35,25006.82
Trade Show,Product Launch,8,1368,Office,New York,24,1.34,8,Bus,202.54,495,Vegan,1368,7.79,9.91,7547.48
Conférence,Conference,15,1807,Hotel,London,14,1.21,15,Bus,16.09,44,Mixed,1807,2.26,22.32,4736.19
Product Launch,Board Meeting,47,1557,Convention Center,New York,22,0.92,47,Bicycle,190.95,349,Vegetarian,1557,16.62,40.48,2925.34
Événement de Bienfaisance,Product Launch,2,867,Hotel,London,14,0.73,2,Bus,29.91,241,Vegetarian,867,9.83,36.6,1836.08
Product Launch,Conference,11,1040,Office,New York,31,0.2,11,Bus,85.96,190,Vegetarian,1040,2.85,41.0,2661.74
Atelier,Board Meeting,46,1650,Office,Paris,17,0.51,46,Bicycle,400.39,119,Non-Vegetarian,1650,13.69,22.95,6047.69
Conference,Workshop,38,106,Hotel,Sydney,38,1.05,38,Car,293.26,253,Vegan,106,1.87,21.48,16491.7
Événement de Bienfaisance,Board Meeting,40,1414,Coworking Space,Paris,21,1.54,40,Walking,168.55,356,Vegan,1414,1.07,24.39,2111.72
Conférence,Fundraiser,36,1520,Outdoor,Berlin,8,1.29,36,Bicycle,94.6,321,Mixed,1520,17.19,15.72,4051.58
Corporate Training,Workshop,12,282,Hotel,Paris,29,0.43,12,Walking,245.16,98,Non-Vegetarian,282,3.03,46.29,1160.46
Networking Event,Trade Show,19,71,Hotel,Tokyo,44,0.97,19,Bicycle,235.71,296,Vegan,71,18.8,21.31,556.68
Conference,Conference,7,1428,Outdoor,Berlin,22,0.64,7,Train,234.61,63,Non-Vegetarian,1428,18.26,3.39,5681.8
Product Launch,Workshop,21,381,Convention Center,Paris,41,0.72,21,Car,485.15,316,Vegan,381,19.48,15.77,32956.01
Networking,Trade Show,24,1739,Coworking Space,Dubai,34,1.41,24,Bicycle,57.27,90,Non-Vegetarian,1739,8.96,41.17,6762.04
Lancement de Produit,Board Meeting,33,303,Office,Berlin,12,1.77,33,Train,10.71,383,Vegan,303,16.71,36.53,924.02
Réunion du Conseil,Conference,26,939,Coworking Space,Berlin,31,1.87,26,Walking,84.17,92,Non-Vegetarian,939,6.88,23.07,4100.01
Conference,Team Building,48,88,Coworking Space,Paris,22,0.69,48,Plane,443.73,338,Vegan,88,1.27,2.02,37954.09
Séminaire,Trade Show,21,566,Convention Center,London,5,1.83,21,Train,410.82,77,Vegetarian,566,10.18,41.24,2313.24
Lancement de Produit,Seminar,20,1771,Outdoor,London,17,0.14,20,Bicycle,265.55,72,Non-Vegetarian,1771,11.07,35.03,6314.5
Workshop,Team Building,17,846,Coworking Space,Berlin,24,1.58,17,Car,481.38,324,Mixed,846,18.57,19.27,35266.1
Networking,Workshop,35,1859,Hotel,New York,50,1.75,35,Walking,202.71,40,Mixed,1859,12.04,31.85,6266.53
Fundraiser,Seminar,30,1373,Outdoor,Dubai,26,0.54,30,Walking,492.2,48,Non-Vegetarian,1373,4.0,9.96,5044.02
Réunion du Conseil,Corporate Training,47,673,Office,Paris,36,1.01,47,Car,218.21,482,Non-Vegetarian,673,4.21,1.9,25309.4
Réunion du Conseil,Team Building,43,219,Office,Tokyo,28,1.41,43,Walking,480.41,194,Mixed,219,6.37,7.82,1424.7
Board Meeting,Trade Show,9,399,Coworking Space,New York,48,1.69,9,Train,50.53,175,Vegetarian,399,2.65,43.83,1410.21
Fundraiser,Conference,5,1880,Outdoor,New York,30,0.94,5,Walking,164.37,402,Mixed,1880,9.76,34.05,4858.12
Lancement de Produit,Fundraiser,16,1464,Convention Center,Dubai,19,1.22,16,Bicycle,85.84,92,Vegan,1464,10.06,14.71,1698.98
Atelier,Conference,7,871,Office,Dubai,29,1.94,7,Train,405.71,37,Vegan,871,5.95,30.9,1742.06
Événement de Bienfaisance,Networking Event,29,520,Hotel,Paris,49,0.85,29,Walking,483.29,192,Non-Vegetarian,520,12.63,15.6,2480.39
Networking Event,Team Building,7,168,Coworking Space,New York,18,1.76,7,Train,74.6,91,Vegan,168,19.95,37.15,664.62
Networking,Board Meeting,43,752,Hotel,New York,8,0.56,43,Bicycle,333.54,372,Vegan,752,13.37,42.52,960.1
Lancement de Produit,Product Launch,11,1226,Coworking Space,Berlin,27,0.68,11,Plane,381.32,159,Vegetarian,1226,5.46,40.14,17188.65
Board Meeting,Seminar,4,1967,Outdoor,Sydney,13,0.14,4,Train,330.18,247,Mixed,1967,6.31,47.72,8291.38
Corporate Training,Workshop,3,432,Office,Dubai,33,0.17,3,Bus,420.49,449,Mixed,432,6.65,29.34,12488.4
Conférence,Networking Event,43,1380,Convention Center,Tokyo,38,0.24,43,Plane,419.48,388,Vegan,1380,4.67,24.02,42323.02
Product Launch,Team Building,19,357,Coworking Space,Dubai,46,0.41,19,Train,313.2,309,Mixed,357,8.26,46.66,5052.66
Trade Show,Workshop,36,983,Convention Center,Sydney,33,1.64,36,Walking,426.91,277,Vegan,983,14.75,49.87,2086.4
Product Launch,Team Building,42,1455,Office,Dubai,50,1.63,42,Plane,479.5,77,Vegetarian,1455,13.31,45.2,13241.4
Seminar,Team Building,46,977,Outdoor,Paris,31,0.26,46,Plane,337.09,79,Vegetarian,977,10.52,11.26,8351.97
Trade Show,Networking Event,40,623,Coworking Space,Sydney,13,1.77,40,Train,25.05,101,Vegan,623,14.65,25.44,1264.58
Board Meeting,Trade Show,16,1236,Office,Tokyo,45,0.7,16,Bicycle,181.82,27,Non-Vegetarian,1236,4.46,43.79,4674.5
Fundraiser,Board Meeting,24,1686,Convention Center,Sydney,24,1.84,24,Train,141.03,411,Mixed,1686,10.4,29.8,7143.85
Formation,Board Meeting,36,1911,Coworking Space,London,20,1.91,36,Bus,155.36,94,Non-Vegetarian,1911,9.57,41.24,8353.95
Networking,Board Meeting,17,1947,Office,London,9,0.25,17,Bus,251.34,466,Non-Vegetarian,1947,9.22,34.52,13948.57
Fundraiser,Workshop,21,1816,Convention Center,New York,47,1.1,21,Plane,187.33,421,Vegetarian,1816,2.54,39.79,23067.99
Conference,Board Meeting,13,1619,Outdoor,Dubai,19,1.24,13,Bicycle,249.69,65,Mixed,1619,9.77,15.69,4251.56
Trade Show,Trade Show,18,1427,Convention Center,New York,20,0.28,18,Bicycle,306.08,425,Vegan,1427,18.51,24.01,1562.44
Product Launch,Corporate Training,19,1201,Outdoor,London,33,0.47,19,Car,458.59,225,Mixed,1201,17.03,48.52,24949.32
Formation,Fundraiser,27,26,Coworking Space,London,32,1.97,27,Walking,491.95,436,Mixed,26,14.15,43.59,1031.52
Product Launch,Workshop,7,942,Coworking Space,New York,16,1.75,7,Car,477.9,420,Non-Vegetarian,942,11.39,28.0,45624.56
Lancement de Produit,Fundraiser,47,1047,Coworking Space,Paris,36,0.67,47,Train,418.45,462,Vegetarian,1047,1.9,8.2,9890.48
Networking Event,Trade Show,20,648,Hotel,Sydney,12,1.95,20,Bus,21.02,346,Mixed,648,4.08,5.19,2308.92
Trade Show,Networking Event,2,1183,Hotel,Dubai,14,1.67,2,Bus,356.49,63,Non-Vegetarian,1183,11.38,18.64,5571.45
Trade Show,Conference,24,1510,Coworking Space,Tokyo,40,1.38,24,Plane,152.07,294,Non-Vegetarian,1510,18.82,14.23,17190.64
Workshop,Workshop,13,1962,Outdoor,Tokyo,6,0.39,13,Bus,400.23,479,Non-Vegetarian,1962,0.85,10.04,18406.6
Corporate Training,Board Meeting,32,164,Convention Center,Tokyo,41,1.89,32,Bus,71.58,65,Vegan,164,4.78,30.45,1753.46
Product Launch,Workshop,10,143,Hotel,New York,38,1.35,10,Car,240.59,289,Non-Vegetarian,143,7.09,35.75,15444.09
Conference,Corporate Training,27,1523,Coworking Space,New York,35,1.21,27,Bus,145.17,142,Non-Vegetarian,1523,14.04,28.46,7224.07
Formation,Board Meeting,18,1649,Convention Center,Paris,7,0.21,18,Train,382.35,339,Non-Vegetarian,1649,6.06,18.06,11017.64
Séminaire,Workshop,47,1968,Outdoor,Berlin,5,0.22,47,Bus,417.36,195,Vegetarian,1968,3.49,3.01,7873.96
Seminar,Team Building,3,1612,Outdoor,New York,15,1.12,3,Bus,117.9,385,Non-Vegetarian,1612,10.39,14.65,8440.77
Networking Event,Trade Show,34,1540,Office,Paris,20,1.14,34,Train,269.69,304,Mixed,1540,8.53,43.08,7620.25
Atelier,Team Building,12,687,Outdoor,Sydney,5,0.53,12,Plane,338.57,143,Vegan,687,18.03,2.43,12847.7
Séminaire,Trade Show,4,1063,Hotel,Sydney,31,1.86,4,Walking,309.64,171,Vegetarian,1063,11.41,45.43,1823.5
Seminar,Seminar,41,1269,Outdoor,New York,20,0.48,41,Bicycle,289.61,215,Vegan,1269,4.46,7.66,1490.04
Séminaire,Team Building,27,865,Outdoor,New York,46,1.55,27,Train,248.04,259,Vegetarian,865,10.57,23.22,4897.32
Workshop,Conference,35,70,Hotel,New York,34,0.74,35,Bus,455.02,453,Vegan,70,4.08,48.53,12982.96
Corporate Training,Board Meeting,47,1555,Convention Center,Dubai,26,0.64,47,Plane,415.06,409,Non-Vegetarian,1555,16.48,6.01,48318.41
Seminar,Workshop,29,1302,Office,Dubai,22,0.18,29,Bus,65.28,348,Vegan,1302,13.38,38.65,2826.53
Séminaire,Board Meeting,21,172,Convention Center,Tokyo,35,0.94,21,Train,233.71,206,Non-Vegetarian,172,6.67,30.27,2947.1
Conference,Workshop,21,1267,Convention Center,Tokyo,6,1.87,21,Bus,242.34,255,Vegan,1267,16.39,28.32,5182.03
Conference,Team Building,48,1027,Office,Berlin,37,1.21,48,Bicycle,252.31,42,Vegetarian,1027,13.42,24.5,2690.82
Fundraiser,Workshop,18,617,Convention Center,Dubai,33,0.56,18,Bicycle,490.95,208,Vegetarian,617,19.64,20.47,1172.04
Fundraiser,Trade Show,36,1461,Convention Center,Tokyo,30,0.41,36,Train,77.82,88,Mixed,1461,3.36,29.9,4214.35
Événement de Bienfaisance,Trade Show,29,926,Hotel,Paris,26,0.53,29,Car,289.58,417,Vegetarian,926,20.0,35.85,27059.03
Corporate Training,Board Meeting,34,765,Hotel,Sydney,21,0.41,34,Car,64.65,93,Vegetarian,765,15.11,1.95,2590.6
Workshop,Workshop,45,453,Coworking Space,Dubai,31,1.96,45,Walking,191.77,308,Vegetarian,453,7.19,19.9,2100.78
Trade Show,Networking Event,44,159,Hotel,Dubai,49,1.11,44,Walking,103.32,231,Vegetarian,159,6.63,48.71,1545.76
Atelier,Team Building,1,34,Outdoor,London,40,1.66,1,Bus,379.28,178,Mixed,34,6.33,18.6,4218.77
Atelier,Fundraiser,32,1866,Outdoor,Paris,6,1.32,32,Walking,456.15,498,Vegan,1866,15.32,37.46,2098.28
Seminar,Board Meeting,12,1538,Outdoor,Sydney,41,1.2,12,Plane,55.56,119,Vegan,1538,19.89,8.96,3543.81
Fundraiser,Board Meeting,4,1036,Outdoor,Paris,16,1.76,4,Bicycle,490.4,432,Mixed,1036,1.61,43.32,2736.18
Team Building,Corporate Training,10,1981,Office,Dubai,10,1.01,10,Bus,427.18,349,Mixed,1981,3.46,39.03,14033.13
Trade Show,Corporate Training,18,878,Coworking Space,New York,6,1.07,18,Plane,415.84,174,Vegan,878,16.54,5.94,19069.78
Conférence,Workshop,46,1845,Outdoor,Dubai,30,1.28,46,Bus,243.8,166,Vegetarian,1845,11.12,18.72,6138.63
Board Meeting,Workshop,21,1749,Outdoor,Sydney,43,1.97,21,Bus,196.05,466,Vegetarian,1749,16.11,15.27,9057.27
Workshop,Networking Event,10,649,Outdoor,Tokyo,20,0.28,10,Plane,32.07,270,Mixed,649,17.99,35.47,3922.14
Networking,Trade Show,13,1345,Convention Center,Sydney,36,1.81,13,Walking,302.99,73,Mixed,1345,13.03,46.25,3904.6
Team Building,Conference,8,1803,Coworking Space,London,28,0.74,8,Car,416.23,35,Vegan,1803,16.62,28.96,5036.33
Networking Event,Board Meeting,13,949,Convention Center,Dubai,50,0.49,13,Train,471.47,127,Vegetarian,949,19.23,39.22,4094.72
Networking,Fundraiser,17,517,Outdoor,Dubai,33,1.45,17,Car,478.31,164,Non-Vegetarian,517,7.04,10.54,18724.38
Conference,Trade Show,1,1540,Office,Dubai,26,0.97,1,Plane,488.2,133,Non-Vegetarian,1540,7.54,23.85,21698.04
Atelier,Board Meeting,42,830,Outdoor,Berlin,47,0.92,42,Plane,22.12,24,Vegetarian,830,9.08,30.81,2365.54
Séminaire,Trade Show,10,1406,Coworking Space,Tokyo,44,1.77,10,Train,269.85,158,Non-Vegetarian,1406,19.14,22.31,7098.75
Événement de Bienfaisance,Seminar,9,1272,Office,Berlin,28,0.36,9,Plane,263.13,195,Non-Vegetarian,1272,4.51,11.42,17356.81
Fundraiser,Corporate Training,38,1759,Convention Center,New York,25,1.39,38,Bicycle,138.2,10,Vegetarian,1759,17.84,27.42,3389.27
Réunion du Conseil,Workshop,12,368,Coworking Space,Tokyo,24,1.39,12,Bus,242.33,328,Mixed,368,8.0,23.26,5951.73
Team Building,Trade Show,46,1541,Office,London,40,2.0,46,Walking,218.94,405,Mixed,1541,3.69,5.39,5710.66
Réunion du Conseil,Workshop,48,1299,Hotel,London,50,1.25,48,Plane,114.12,198,Mixed,1299,4.43,23.68,10452.66
Product Launch,Conference,22,1298,Outdoor,New York,44,0.75,22,Walking,375.39,268,Non-Vegetarian,1298,5.65,13.15,4943.6
Networking Event,Corporate Training,40,1974,Hotel,Berlin,44,1.23,40,Car,306.74,242,Vegetarian,1974,13.89,5.64,19670.99
Conférence,Seminar,30,801,Convention Center,New York,43,0.11,30,Train,77.31,61,Non-Vegetarian,801,0.89,37.72,3140.31
Seminar,Corporate Training,43,272,Hotel,Paris,18,0.35,43,Car,388.77,307,Vegan,272,10.02,6.05,25503.59
Séminaire,Trade Show,20,1289,Outdoor,Tokyo,44,0.35,20,Bicycle,126.82,19,Vegan,1289,18.84,34.1,1548.88
Seminar,Corporate Training,43,858,Convention Center,London,23,1.86,43,Bicycle,189.7,369,Vegetarian,858,17.98,44.62,2331.97
Seminar,Trade Show,23,217,Convention Center,London,38,1.6,23,Train,13.58,132,Mixed,217,6.95,38.23,1403.76
Séminaire,Fundraiser,47,902,Hotel,New York,19,1.24,47,Bicycle,348.23,32,Mixed,902,15.69,45.46,2930.96
Conférence,Corporate Training,27,748,Convention Center,Paris,9,0.59,27,Walking,336.41,494,Non-Vegetarian,748,11.0,3.88,2719.45
Product Launch,Trade Show,10,215,Convention Center,London,9,1.25,10,Walking,490.43,146,Mixed,215,17.18,41.78,711.67
Product Launch,Product Launch,22,1546,Coworking Space,New York,19,1.05,22,Bicycle,327.02,214,Mixed,1546,8.98,23.18,4148.77
Séminaire,Workshop,38,929,Outdoor,Dubai,21,0.58,38,Bicycle,494.43,17,Non-Vegetarian,929,1.43,45.71,3577.2
Networking,Trade Show,42,125,Hotel,Dubai,37,0.51,42,Walking,57.73,167,Non-Vegetarian,125,18.83,8.08,887.59
Board Meeting,Board Meeting,40,910,Coworking Space,Paris,6,0.99,40,Car,244.48,309,Non-Vegetarian,910,18.88,5.95,19217.77
Seminar,Fundraiser,15,552,Outdoor,Dubai,9,1.28,15,Walking,316.79,139,Non-Vegetarian,552,6.18,28.47,2087.7
Workshop,Team Building,43,1740,Coworking Space,London,26,1.17,43,Train,140.3,299,Non-Vegetarian,1740,1.74,40.81,8507.12
Networking Event,Networking Event,2,1361,Convention Center,Sydney,40,1.93,2,Train,293.32,144,Non-Vegetarian,1361,13.97,24.74,6607.64
Formation,Conference,7,251,Convention Center,Berlin,32,1.42,7,Car,297.09,345,Non-Vegetarian,251,19.04,38.59,22676.97
Séminaire,Fundraiser,31,573,Office,London,18,1.99,31,Car,421.88,421,Vegan,573,12.03,24.26,38499.2
Séminaire,Corporate Training,5,833,Office,Sydney,17,1.49,5,Walking,199.73,45,Vegan,833,15.52,16.72,960.81
Networking Event,Conference,24,1452,Office,Tokyo,34,0.43,24,Bicycle,104.41,87,Vegetarian,1452,14.27,24.19,2430.36
Networking,Corporate Training,1,952,Hotel,London,16,1.23,1,Bicycle,320.73,370,Mixed,952,6.22,4.38,2411.04
Réunion du Conseil,Corporate Training,23,628,Outdoor,London,5,1.82,23,Bicycle,419.64,308,Non-Vegetarian,628,10.41,15.4,2354.27
Atelier,Trade Show,23,1581,Hotel,Sydney,25,0.63,23,Walking,252.01,235,Vegan,1581,8.79,3.52,1786.74
Board Meeting,Team Building,25,1552,Office,Dubai,22,0.17,25,Bus,363.96,335,Mixed,1552,15.18,29.84,11332.39
Team Building,Team Building,24,1637,Outdoor,Tokyo,49,0.84,24,Bus,401.19,436,Vegan,1637,2.44,3.78,12638.49
Corporate Training,Workshop,18,187,Convention Center,Paris,18,1.67,18,Car,296.86,140,Vegan,187,16.23,17.46,9252.6
Séminaire,Networking Event,30,1275,Coworking Space,Dubai,16,0.23,30,Train,434.32,302,Mixed,1275,1.97,41.47,8576.17
Corporate Training,Conference,2,428,Hotel,Berlin,20,0.62,2,Bicycle,406.79,400,Mixed,428,5.14,37.42,1167.52
Fundraiser,Networking Event,12,1911,Hotel,Berlin,41,1.61,12,Train,177.45,21,Non-Vegetarian,1911,7.66,45.78,7340.5
Seminar,Workshop,24,290,Outdoor,London,50,0.45,24,Bicycle,130.26,450,Vegan,290,9.31,18.18,614.98
Product Launch,Product Launch,16,1891,Convention Center,Berlin,46,1.29,16,Train,288.38,176,Vegan,1891,13.39,28.35,4479.4
Trade Show,Board Meeting,47,735,Office,Dubai,31,0.7,47,Walking,367.75,357,Non-Vegetarian,735,9.64,33.05,3167.83
Networking Event,Trade Show,30,1378,Office,Dubai,5,1.55,30,Bicycle,133.38,405,Non-Vegetarian,1378,15.0,35.72,5040.69
Networking Event,Seminar,15,843,Coworking Space,London,39,0.72,15,Train,498.32,131,Vegan,843,2.11,44.79,3758.6
Workshop,Seminar,30,497,Outdoor,Dubai,12,1.18,30,Bicycle,335.02,121,Vegetarian,497,2.21,28.96,1020.24
Conférence,Board Meeting,46,40,Office,Tokyo,37,1.24,46,Plane,61.63,361,Vegan,40,18.66,40.92,6776.51
Atelier,Conference,4,518,Hotel,Sydney,5,1.89,4,Plane,96.45,196,Non-Vegetarian,518,6.12,5.96,6582.11
Board Meeting,Trade Show,41,1024,Office,Dubai,42,1.81,41,Bus,75.49,415,Mixed,1024,17.91,47.33,6128.59
Corporate Training,Workshop,33,1472,Outdoor,Dubai,23,1.7,33,Bus,82.17,102,Vegetarian,1472,19.86,8.04,3411.83
Networking,Board Meeting,17,943,Hotel,New York,41,0.97,17,Bicycle,270.38,178,Non-Vegetarian,943,18.74,32.33,3740.68
Trade Show,Seminar,19,1606,Hotel,Berlin,27,0.33,19,Walking,294.47,131,Non-Vegetarian,1606,11.66,38.93,5806.83
Conference,Trade Show,2,1336,Hotel,Sydney,19,1.24,2,Bicycle,192.91,354,Non-Vegetarian,1336,18.64,9.34,4755.52
Réunion du Conseil,Team Building,5,113,Office,Paris,40,0.25,5,Plane,376.09,88,Vegan,113,15.1,29.54,8501.26
Conférence,Seminar,39,711,Coworking Space,London,38,1.21,39,Plane,288.18,108,Mixed,711,18.22,47.55,10586.51
Networking Event,Trade Show,24,542,Convention Center,Sydney,47,0.22,24,Bus,319.87,431,Mixed,542,15.61,13.89,9809.92
Lancement de Produit,Trade Show,29,1287,Convention Center,Berlin,33,0.4,29,Plane,387.9,144,Vegan,1287,13.25,18.17,15505.64
Team Building,Seminar,28,1420,Office,London,44,0.45,28,Car,94.15,365,Vegan,1420,1.14,20.92,8957.92
Product Launch,Networking Event,18,753,Hotel,New York,8,0.35,18,Bus,218.39,338,Vegan,753,14.37,17.27,5270.43
Formation,Networking Event,27,1261,Coworking Space,Berlin,17,0.97,27,Bus,242.05,190,Mixed,1261,8.02,4.3,6159.12
Product Launch,Product Launch,20,1029,Outdoor,New York,44,0.39,20,Train,311.46,330,Vegan,1029,1.39,26.55,5367.75
Atelier,Corporate Training,16,813,Outdoor,London,49,1.1,16,Train,222.69,177,Mixed,813,7.14,47.52,4149.67
Événement de Bienfaisance,Team Building,29,760,Outdoor,Paris,18,0.86,29,Bicycle,293.92,129,Mixed,760,13.81,30.63,2213.34
Trade Show,Product Launch,25,158,Convention Center,Dubai,15,1.2,25,Bicycle,251.01,435,Mixed,158,6.28,34.76,702.08
Trade Show,Workshop,27,1401,Coworking Space,Sydney,8,0.99,27,Bicycle,176.72,153,Non-Vegetarian,1401,7.29,2.93,5030.86
Événement de Bienfaisance,Networking Event,4,1692,Office,Paris,30,1.48,4,Car,408.45,215,Vegan,1692,6.64,35.77,20307.14
Atelier,Conference,20,128,Outdoor,Berlin,6,1.72,20,Walking,329.36,203,Vegetarian,128,19.09,48.36,430.1
Corporate Training,Seminar,47,521,Convention Center,London,31,1.07,47,Plane,415.34,407,Non-Vegetarian,521,19.66,45.59,44994.34
Lancement de Produit,Seminar,43,709,Outdoor,Dubai,36,1.63,43,Plane,281.86,227,Vegetarian,709,12.18,31.48,18407.99
Networking,Board Meeting,48,342,Convention Center,New York,46,0.34,48,Train,263.01,491,Vegan,342,9.06,30.51,5962.02
Board Meeting,Conference,44,997,Hotel,Dubai,50,0.45,44,Plane,405.35,466,Vegetarian,997,14.82,33.75,49310.92
Team Building,Workshop,6,485,Coworking Space,New York,43,1.96,6,Train,146.66,427,Vegan,485,7.27,5.45,3268.23
Networking Event,Team Building,34,407,Hotel,Berlin,34,1.31,34,Plane,369.2,232,Vegan,407,12.81,24.49,22652.38
Team Building,Networking Event,39,899,Outdoor,Berlin,11,1.51,39,Walking,350.03,13,Non-Vegetarian,899,8.96,23.57,3535.45
Conférence,Trade Show,5,392,Hotel,Paris,34,0.46,5,Car,382.17,134,Mixed,392,12.37,25.34,11848.78
Atelier,Corporate Training,16,851,Outdoor,Dubai,49,0.16,16,Bus,353.94,197,Mixed,851,8.67,6.86,6404.85
Fundraiser,Product Launch,45,1879,Office,Tokyo,13,1.16,45,Bus,213.19,207,Vegetarian,1879,4.27,27.58,5869.32
Séminaire,Conference,6,1443,Coworking Space,London,25,1.25,6,Car,243.43,283,Vegan,1443,1.95,18.05,16043.79
Team Building,Product Launch,29,837,Office,Paris,33,0.67,29,Train,16.56,421,Vegan,837,1.94,19.07,1478.49
Product Launch,Product Launch,10,166,Office,Paris,33,1.78,10,Bus,484.89,296,Vegan,166,2.82,11.0,9098.99
Formation,Seminar,35,665,Coworking Space,New York,10,1.93,35,Bicycle,214.28,483,Non-Vegetarian,665,14.54,30.1,2754.53
Formation,Fundraiser,45,1824,Office,New York,9,0.56,45,Bus,463.38,433,Vegetarian,1824,12.53,32.86,14978.79
Lancement de Produit,Workshop,30,1137,Coworking Space,Paris,25,1.68,30,Plane,58.81,359,Vegetarian,1137,19.88,34.1,7721.66
Team Building,Team Building,23,1864,Office,Berlin,45,0.43,23,Plane,478.26,73,Non-Vegetarian,1864,6.64,35.84,15559.73
Séminaire,Board Meeting,4,591,Hotel,London,49,0.13,4,Bicycle,423.4,460,Mixed,591,15.83,13.27,1548.44
Networking,Product Launch,8,1393,Hotel,Dubai,22,1.39,8,Bicycle,2.94,181,Non-Vegetarian,1393,9.33,3.42,5023.32
Corporate Training,Team Building,25,1988,Office,New York,20,0.25,25,Train,196.23,329,Mixed,1988,4.0,32.91,7688.71
Formation,Workshop,38,1862,Hotel,New York,46,0.36,38,Car,17.91,194,Vegan,1862,8.51,43.07,3009.45
Conférence,Product Launch,24,474,Convention Center,London,41,1.33,24,Plane,74.87,191,Mixed,474,12.74,13.64,5467.16
Conference,Product Launch,40,963,Hotel,Tokyo,29,1.26,40,Car,393.86,203,Vegan,963,0.51,29.02,18543.11
Product Launch,Fundraiser,14,1119,Hotel,Berlin,36,0.91,14,Car,278.03,303,Vegan,1119,3.78,17.67,19082.27
Atelier,Board Meeting,10,293,Office,Tokyo,26,0.85,10,Car,499.76,181,Non-Vegetarian,293,12.91,22.51,20202.72
Atelier,Product Launch,10,1510,Office,Sydney,6,1.53,10,Bicycle,286.95,203,Non-Vegetarian,1510,18.63,42.74,5453.64
Événement de Bienfaisance,Team Building,48,101,Convention Center,London,43,0.65,48,Plane,484.17,78,Mixed,101,4.16,23.15,10419.24
Workshop,Workshop,30,665,Office,Paris,12,0.97,30,Plane,110.94,176,Vegan,665,3.44,45.52,5818.88
Atelier,Board Meeting,37,1267,Convention Center,London,50,0.83,37,Walking,140.08,94,Vegetarian,1267,3.71,35.93,2747.53
Lancement de Produit,Team Building,38,1535,Outdoor,Dubai,42,0.37,38,Walking,306.48,94,Vegetarian,1535,11.6,7.73,2636.42
Product Launch,Seminar,45,1524,Outdoor,Berlin,48,0.81,45,Train,348.59,144,Non-Vegetarian,1524,17.34,41.56,8334.48
Conference,Workshop,35,1410,Convention Center,Berlin,8,1.74,35,Bus,390.17,424,Non-Vegetarian,1410,19.07,43.08,15228.82
Séminaire,Corporate Training,9,1360,Coworking Space,Sydney,10,0.89,9,Bicycle,322.2,343,Vegetarian,1360,4.9,21.52,2132.89
Networking,Workshop,46,1467,Convention Center,Tokyo,17,1.92,46,Car,84.89,197,Non-Vegetarian,1467,2.67,4.08,9410.62
Événement de Bienfaisance,Team Building,32,1797,Outdoor,Berlin,34,0.32,32,Train,264.45,270,Vegan,1797,4.37,18.59,4873.06
Team Building,Networking Event,23,66,Outdoor,Dubai,13,1.44,23,Bicycle,377.96,351,Vegan,66,11.47,44.13,392.48
Atelier,Team Building,13,1439,Hotel,New York,26,1.29,13,Car,304.47,303,Mixed,1439,3.85,17.23,23231.1
Corporate Training,Workshop,17,348,Coworking Space,London,16,1.26,17,Walking,231.58,240,Vegan,348,8.58,26.92,590.36
Atelier,Seminar,44,948,Hotel,Berlin,35,0.42,44,Bus,36.29,225,Vegan,948,8.64,40.08,1858.76
Lancement de Produit,Corporate Training,12,1139,Coworking Space,Sydney,8,0.84,12,Plane,333.68,159,Vegetarian,1139,17.04,22.35,15091.38
Networking Event,Fundraiser,41,944,Office,Berlin,6,1.13,41,Bus,350.22,252,Mixed,944,5.62,43.05,7891.66
Conference,Fundraiser,31,640,Hotel,Sydney,31,0.85,31,Bicycle,371.92,381,Non-Vegetarian,640,15.06,48.63,2775.81
Formation,Workshop,48,1363,Convention Center,London,19,0.77,48,Train,349.55,444,Non-Vegetarian,1363,7.01,34.91,11413.47
Séminaire,Product Launch,48,1413,Hotel,Berlin,42,1.75,48,Bus,67.32,410,Mixed,1413,16.45,38.08,7061.63
Networking Event,Corporate Training,5,1506,Office,New York,18,1.24,5,Bus,344.21,70,Vegan,1506,14.82,12.75,3062.62
Formation,Corporate Training,20,1791,Outdoor,Paris,5,0.73,20,Bus,462.16,68,Non-Vegetarian,1791,5.15,35.74,8272.39
Seminar,Workshop,37,218,Outdoor,Tokyo,28,1.76,37,Bicycle,241.03,318,Mixed,218,15.69,8.85,1505.76
Événement de Bienfaisance,Trade Show,46,256,Coworking Space,Berlin,29,1.12,46,Train,79.89,377,Non-Vegetarian,256,19.24,40.61,2967.48
Fundraiser,Corporate Training,41,1223,Convention Center,Tokyo,19,0.18,41,Plane,276.98,43,Vegetarian,1223,2.18,41.84,4970.19
Formation,Networking Event,28,555,Outdoor,Dubai,40,0.23,28,Bus,420.57,78,Vegetarian,555,16.21,26.06,3014.11
Team Building,Seminar,36,613,Convention Center,Berlin,45,1.76,36,Bus,58.8,114,Vegan,613,10.25,26.85,2514.99
Fundraiser,Networking Event,20,357,Office,Berlin,32,0.47,20,Bicycle,313.62,259,Non-Vegetarian,357,9.94,16.5,1452.78
Séminaire,Corporate Training,25,789,Coworking Space,Dubai,29,1.68,25,Train,422.58,35,Non-Vegetarian,789,10.28,27.47,4037.61
Réunion du Conseil,Board Meeting,45,1416,Convention Center,New York,48,1.14,45,Bicycle,496.95,288,Vegan,1416,10.78,49.86,2768.48
Atelier,Fundraiser,6,1676,Hotel,Paris,17,1.08,6,Car,27.13,236,Vegetarian,1676,14.55,24.96,3992.66
Conference,Conference,30,882,Office,New York,27,0.84,30,Bus,153.17,389,Mixed,882,1.88,15.79,6155.53
Product Launch,Workshop,23,84,Coworking Space,New York,8,0.12,23,Car,141.15,47,Vegan,84,16.12,18.37,1557.17
Networking Event,Corporate Training,18,718,Hotel,Tokyo,30,0.89,18,Walking,368.03,352,Non-Vegetarian,718,8.85,24.25,2819.5
Networking Event,Corporate Training,29,1593,Outdoor,Sydney,45,1.85,29,Bicycle,83.91,242,Vegan,1593,5.25,21.03,2852.68
Trade Show,Board Meeting,27,1214,Hotel,Sydney,27,1.38,27,Bicycle,305.12,437,Vegan,1214,17.23,13.88,1779.23
Conference,Product Launch,40,939,Hotel,Berlin,35,0.44,40,Bicycle,116.9,436,Mixed,939,11.54,13.53,2705.64
Product Launch,Product Launch,15,76,Outdoor,Dubai,28,1.04,15,Plane,322.03,14,Non-Vegetarian,76,0.51,28.54,1669.61
Seminar,Conference,32,1182,Convention Center,Dubai,5,1.18,32,Train,370.01,335,Mixed,1182,13.51,37.16,8108.87
Team Building,Trade Show,20,1344,Office,Sydney,19,0.34,20,Bicycle,188.6,386,Vegetarian,1344,12.97,21.9,2150.34
Conference,Trade Show,5,676,Coworking Space,London,43,1.61,5,Bicycle,122.69,398,Non-Vegetarian,676,3.84,26.33,2599.41
Conférence,Board Meeting,6,214,Hotel,Tokyo,32,1.15,6,Car,265.77,278,Mixed,214,3.03,2.28,16171.67
Fundraiser,Fundraiser,20,1671,Outdoor,Dubai,33,0.37,20,Bicycle,203.44,207,Non-Vegetarian,1671,19.41,11.46,6032.34
Trade Show,Board Meeting,33,260,Hotel,Sydney,34,1.11,33,Train,429.03,63,Mixed,260,10.64,42.19,2459.53
Networking,Product Launch,2,1500,Coworking Space,London,37,0.63,2,Car,32.33,360,Vegan,1500,6.88,26.36,4033.94
Événement de Bienfaisance,Networking Event,28,385,Coworking Space,Sydney,30,0.18,28,Bus,182.4,232,Vegetarian,385,7.86,13.69,3235.21
Team Building,Networking Event,8,1548,Office,New York,45,1.69,8,Bicycle,272.15,312,Mixed,1548,15.1,39.4,4283.2
Corporate Training,Conference,40,1504,Outdoor,Dubai,33,0.56,40,Bicycle,123.38,74,Vegan,1504,1.03,10.05,1895.76
Product Launch,Product Launch,39,1670,Hotel,New York,8,0.53,39,Train,320.11,32,Non-Vegetarian,1670,1.58,11.3,6363.18
Événement de Bienfaisance,Seminar,7,1121,Outdoor,Tokyo,35,0.79,7,Plane,268.52,254,Non-Vegetarian,1121,3.14,38.19,21153.96
Workshop,Networking Event,33,1995,Hotel,London,19,1.16,33,Car,452.42,263,Mixed,1995,17.87,41.17,30456.4
Événement de Bienfaisance,Product Launch,47,1732,Outdoor,Dubai,14,1.81,47,Car,462.12,355,Vegan,1732,18.92,48.6,36913.58
Conference,Seminar,28,1451,Convention Center,Dubai,6,0.55,28,Walking,240.74,110,Non-Vegetarian,1451,15.3,33.06,5221.42
Fundraiser,Fundraiser,25,465,Convention Center,Dubai,50,1.1,25,Train,353.25,266,Vegetarian,465,19.01,17.34,5216.28
Seminar,Trade Show,26,802,Office,Dubai,15,1.68,26,Train,459.32,243,Non-Vegetarian,802,2.67,35.7,7675.93
Conference,Product Launch,27,895,Coworking Space,Paris,33,1.94,27,Plane,323.03,157,Vegetarian,895,1.66,2.04,14893.1
Corporate Training,Team Building,46,329,Hotel,New York,24,0.44,46,Car,225.48,241,Mixed,329,17.71,44.5,12601.34
Networking,Workshop,35,601,Convention Center,Paris,24,1.91,35,Walking,87.1,345,Vegetarian,601,11.17,42.01,1810.06
Seminar,Networking Event,43,295,Coworking Space,New York,44,1.17,43,Car,69.57,309,Non-Vegetarian,295,5.09,5.62,6675.14
Trade Show,Conference,23,390,Coworking Space,Berlin,17,1.74,23,Walking,322.74,318,Vegan,390,5.23,34.3,809.23
Seminar,Conference,36,1368,Outdoor,Sydney,18,2.0,36,Bicycle,300.36,159,Mixed,1368,4.61,15.37,4107.96
Trade Show,Fundraiser,21,1430,Coworking Space,Sydney,8,1.28,21,Car,219.73,360,Non-Vegetarian,1430,15.55,13.42,21782.05
Conference,Conference,9,1048,Convention Center,Paris,18,1.03,9,Plane,260.43,307,Mixed,1048,7.8,19.82,22746.67
Événement de Bienfaisance,Conference,13,827,Coworking Space,London,26,0.45,13,Train,126.04,87,Vegetarian,827,4.7,14.98,1794.53
Seminar,Corporate Training,29,131,Hotel,London,24,0.2,29,Train,221.65,466,Non-Vegetarian,131,6.68,41.31,4755.64
Fundraiser,Conference,18,1599,Convention Center,Sydney,36,1.62,18,Plane,358.17,472,Vegetarian,1599,17.62,13.39,45249.46
Seminar,Workshop,11,702,Hotel,Tokyo,49,0.5,11,Walking,362.34,281,Non-Vegetarian,702,6.91,25.36,2656.29
Board Meeting,Trade Show,9,1297,Office,Tokyo,29,0.66,9,Walking,218.36,288,Mixed,1297,2.05,33.38,3399.49
Lancement de Produit,Corporate Training,13,1273,Outdoor,Sydney,39,0.84,13,Walking,274.04,128,Mixed,1273,18.4,37.0,3506.24
Networking,Product Launch,33,1452,Outdoor,London,11,0.19,33,Train,294.71,124,Vegan,1452,8.18,14.62,2993.85
Événement de Bienfaisance,Product Launch,20,614,Office,Sydney,23,1.22,20,Car,83.15,261,Vegan,614,17.98,30.11,5548.23
Seminar,Board Meeting,33,162,Coworking Space,New York,11,1.13,33,Car,335.36,461,Vegetarian,162,19.82,39.24,33032.42
Seminar,Workshop,10,566,Hotel,London,17,0.27,10,Train,410.78,132,Vegetarian,566,16.78,22.93,3120.29
Networking,Corporate Training,6,1280,Office,Paris,19,1.42,6,Train,120.61,307,Vegan,1280,7.19,39.64,2935.69
Product Launch,Seminar,6,732,Hotel,New York,46,1.69,6,Plane,177.23,67,Vegan,732,14.07,15.97,3993.9
Product Launch,Trade Show,35,975,Convention Center,Sydney,46,1.65,35,Train,481.46,227,Non-Vegetarian,975,3.63,42.05,9203.77
Lancement de Produit,Networking Event,41,1635,Hotel,Paris,34,0.68,41,Car,364.47,413,Vegan,1635,15.32,45.45,33840.98
Team Building,Networking Event,41,1720,Convention Center,Tokyo,23,1.28,41,Bicycle,467.38,42,Vegan,1720,12.24,40.56,2429.12
Formation,Trade Show,47,1039,Outdoor,London,6,1.2,47,Car,327.04,150,Non-Vegetarian,1039,18.53,15.25,14175.02
Team Building,Networking Event,1,327,Coworking Space,Tokyo,17,1.29,1,Walking,197.97,309,Vegan,327,7.44,4.34,361.52
Conference,Networking Event,48,549,Convention Center,London,17,0.99,48,Bus,445.34,280,Non-Vegetarian,549,1.77,7.0,9824.67
Séminaire,Conference,9,1369,Convention Center,Dubai,16,0.31,9,Plane,468.86,174,Vegetarian,1369,14.26,14.5,22528.75
Séminaire,Team Building,8,1939,Coworking Space,Paris,26,0.68,8,Plane,97.61,25,Mixed,1939,6.46,31.14,5603.48
Conference,Seminar,11,716,Convention Center,New York,7,0.57,11,Walking,190.65,402,Vegetarian,716,1.92,8.09,1115.96
Formation,Networking Event,20,824,Hotel,Dubai,7,1.05,20,Walking,49.6,181,Non-Vegetarian,824,15.13,5.39,2998.54
Conference,Corporate Training,37,1030,Coworking Space,Paris,31,0.61,37,Train,380.57,399,Mixed,1030,4.97,49.04,9106.75
Product Launch,Seminar,30,813,Outdoor,London,23,1.7,30,Bus,459.48,141,Vegetarian,813,13.32,48.0,5815.84
Fundraiser,Trade Show,26,283,Outdoor,Tokyo,18,1.72,26,Train,40.01,296,Mixed,283,10.59,15.65,1636.18
Atelier,Team Building,9,1433,Convention Center,New York,46,0.8,9,Bicycle,45.34,68,Mixed,1433,4.07,21.61,3799.46
Trade Show,Team Building,27,747,Hotel,Tokyo,26,0.54,27,Train,362.85,103,Non-Vegetarian,747,12.79,10.34,4345.24
Conférence,Team Building,30,1647,Coworking Space,Sydney,27,0.25,30,Plane,453.38,167,Vegan,1647,16.2,25.79,20760.85
Lancement de Produit,Product Launch,41,1176,Hotel,Paris,13,1.58,41,Plane,242.89,288,Vegetarian,1176,6.88,16.09,19719.09
Conference,Workshop,9,821,Coworking Space,Sydney,5,1.09,9,Train,485.75,145,Non-Vegetarian,821,5.97,47.54,5822.4
Trade Show,Product Launch,12,1227,Hotel,Tokyo,39,0.86,12,Train,182.52,294,Non-Vegetarian,1227,18.83,23.4,6726.64
Board Meeting,Product Launch,4,1584,Outdoor,London,11,1.27,4,Bus,191.45,448,Mixed,1584,6.06,5.27,9156.78
Événement de Bienfaisance,Corporate Training,42,1119,Coworking Space,Tokyo,22,0.27,42,Bus,244.25,197,Vegetarian,1119,2.15,42.28,4779.13
Board Meeting,Team Building,48,783,Convention Center,Tokyo,10,0.12,48,Walking,28.18,45,Vegetarian,783,12.78,44.47,1317.8
Formation,Fundraiser,3,878,Outdoor,Tokyo,18,0.86,3,Car,70.46,244,Vegan,878,5.92,16.99,4557.41
Product Launch,Team Building,47,1036,Hotel,London,38,1.89,47,Train,377.92,189,Mixed,1036,18.61,36.53,7245.13
Corporate Training,Team Building,14,257,Office,New York,42,0.94,14,Walking,406.57,448,Vegan,257,19.12,34.56,640.72
Trade Show,Seminar,37,847,Convention Center,Tokyo,32,1.29,37,Bus,494.49,61,Vegan,847,13.51,20.69,3488.91
Corporate Training,Networking Event,8,1149,Hotel,Dubai,46,1.2,8,Plane,393.87,179,Vegan,1149,0.82,23.98,19045.08
Networking Event,Team Building,42,1284,Outdoor,New York,10,1.73,42,Plane,368.64,125,Non-Vegetarian,1284,4.06,25.62,16436.66
Fundraiser,Team Building,45,1195,Coworking Space,Tokyo,39,0.34,45,Bus,424.06,420,Mixed,1195,17.55,40.8,14088.86
Fundraiser,Fundraiser,19,629,Outdoor,Paris,23,1.54,19,Bus,281.53,114,Mixed,629,9.08,48.11,3949.04
Séminaire,Product Launch,46,700,Outdoor,Sydney,35,1.91,46,Bus,128.99,323,Mixed,700,1.15,12.84,5815.36
Corporate Training,Networking Event,9,1126,Hotel,Sydney,16,0.67,9,Bus,439.07,348,Non-Vegetarian,1126,7.93,38.19,13249.26
Atelier,Seminar,7,569,Convention Center,Sydney,27,0.6,7,Plane,319.45,180,Vegan,569,9.88,40.26,15101.23
Board Meeting,Workshop,9,1166,Convention Center,Paris,6,0.14,9,Train,350.59,347,Non-Vegetarian,1166,12.27,26.26,9028.03
Événement de Bienfaisance,Corporate Training,46,171,Office,Paris,9,0.91,46,Walking,152.09,178,Non-Vegetarian,171,8.32,5.53,814.57
Atelier,Seminar,7,540,Coworking Space,Sydney,12,1.62,7,Plane,165.65,283,Non-Vegetarian,540,14.38,14.36,13735.26
Corporate Training,Networking Event,45,1087,Hotel,Dubai,45,1.57,45,Train,254.11,313,Vegan,1087,10.69,31.06,5941.58
Team Building,Workshop,40,595,Office,Dubai,49,0.63,40,Train,409.93,493,Vegetarian,595,8.84,3.13,9617.66
Atelier,Networking Event,37,76,Outdoor,New York,41,0.16,37,Bus,164.56,316,Vegetarian,76,12.86,37.21,3455.56
Board Meeting,Workshop,4,1274,Convention Center,Sydney,24,1.7,4,Bicycle,493.42,12,Mixed,1274,4.33,37.71,3350.68
Corporate Training,Product Launch,27,397,Office,Paris,25,1.08,27,Walking,373.25,387,Vegan,397,9.65,14.83,810.46
Product Launch,Team Building,47,884,Hotel,Sydney,49,0.78,47,Bus,352.62,306,Vegan,884,14.8,28.06,8341.99
Seminar,Product Launch,38,896,Convention Center,New York,41,1.44,38,Train,461.6,63,Vegetarian,896,1.29,30.5,3692.57
Séminaire,Seminar,39,487,Coworking Space,Dubai,46,0.85,39,Train,272.01,167,Mixed,487,16.13,3.78,3836.8
Réunion du Conseil,Networking Event,47,1348,Office,Sydney,45,1.34,47,Train,348.91,330,Mixed,1348,7.67,8.35,9424.7
Corporate Training,Networking Event,32,1189,Office,London,43,1.78,32,Plane,175.32,179,Vegan,1189,5.89,36.89,10344.77
Conférence,Workshop,31,229,Convention Center,Paris,31,1.42,31,Bicycle,42.47,240,Vegan,229,2.15,16.3,948.21
Conférence,Trade Show,25,673,Office,New York,20,1.45,25,Train,486.21,466,Vegetarian,673,0.93,33.69,10504.19
Réunion du Conseil,Workshop,32,1493,Outdoor,Sydney,32,1.95,32,Bicycle,386.67,138,Mixed,1493,16.22,3.55,4770.44
Product Launch,Networking Event,30,1953,Office,Sydney,8,0.45,30,Car,376.89,149,Vegan,1953,7.6,11.25,13837.59
Lancement de Produit,Networking Event,46,1881,Hotel,Tokyo,15,1.82,46,Bicycle,283.32,365,Vegan,1881,1.98,10.84,2534.54
Réunion du Conseil,Board Meeting,36,1043,Office,London,13,0.51,36,Bicycle,155.52,77,Mixed,1043,7.39,31.22,2804.06
Conference,Board Meeting,33,173,Outdoor,Dubai,16,0.59,33,Plane,174.81,98,Mixed,173,5.58,46.39,4975.05
Lancement de Produit,Trade Show,41,516,Outdoor,Dubai,7,1.21,41,Train,316.0,281,Mixed,516,1.49,18.74,5055.94
Product Launch,Team Building,37,1305,Coworking Space,Berlin,23,1.28,37,Bicycle,115.24,457,Non-Vegetarian,1305,4.67,2.58,5126.64
Formation,Workshop,18,1754,Office,Berlin,35,1.12,18,Bicycle,434.29,340,Vegetarian,1754,4.56,2.08,2997.08
Réunion du Conseil,Trade Show,37,218,Office,New York,40,1.55,37,Car,359.12,189,Mixed,218,4.4,27.28,16008.83
Networking,Workshop,10,940,Hotel,New York,34,0.41,10,Bus,391.32,61,Vegetarian,940,9.07,16.48,2963.03
Événement de Bienfaisance,Workshop,38,1240,Office,London,47,1.64,38,Train,262.21,468,Non-Vegetarian,1240,2.64,2.87,10724.11
Atelier,Product Launch,27,1461,Coworking Space,Berlin,7,0.39,27,Plane,53.28,89,Mixed,1461,10.92,42.71,4982.1
Conference,Fundraiser,2,1875,Outdoor,Paris,5,1.16,2,Train,311.45,268,Vegetarian,1875,6.66,13.4,6197.16
Conférence,Networking Event,47,812,Outdoor,Tokyo,44,0.68,47,Train,67.9,251,Non-Vegetarian,812,18.4,19.06,4301.76
Workshop,Trade Show,20,636,Coworking Space,Berlin,43,1.07,20,Bicycle,52.04,48,Vegan,636,4.37,22.51,1149.86
Seminar,Board Meeting,22,55,Outdoor,Paris,46,1.29,22,Walking,413.1,305,Non-Vegetarian,55,16.34,24.8,927.52
Atelier,Networking Event,12,1060,Office,New York,27,1.94,12,Car,129.71,187,Non-Vegetarian,1060,9.38,11.19,9159.13
Fundraiser,Team Building,45,288,Outdoor,Dubai,30,0.99,45,Car,385.05,18,Vegetarian,288,13.23,36.36,2654.92
Corporate Training,Seminar,8,509,Office,Tokyo,30,1.8,8,Bicycle,130.54,343,Vegan,509,8.24,16.71,774.9
Networking,Board Meeting,28,145,Convention Center,New York,24,0.12,28,Bicycle,75.07,112,Vegan,145,10.75,49.5,305.82
Conférence,Board Meeting,4,1975,Coworking Space,Tokyo,25,0.49,4,Bus,196.83,152,Vegetarian,1975,9.57,30.26,4861.75
Événement de Bienfaisance,Corporate Training,38,809,Hotel,London,16,0.84,38,Plane,27.98,211,Vegetarian,809,10.47,9.85,2985.44
Networking Event,Team Building,11,1217,Hotel,Berlin,47,0.14,11,Car,294.4,210,Non-Vegetarian,1217,7.05,22.01,17336.85
Team Building,Conference,42,1685,Convention Center,Tokyo,43,0.17,42,Bicycle,453.9,453,Non-Vegetarian,1685,13.95,8.17,6095.25
Board Meeting,Networking Event,47,1629,Hotel,Dubai,16,0.14,47,Train,429.89,491,Vegetarian,1629,3.03,30.31,11005.86
Workshop,Conference,4,262,Hotel,Sydney,43,1.01,4,Car,292.77,151,Vegetarian,262,13.2,25.87,9841.74
Conférence,Board Meeting,37,1661,Hotel,Tokyo,33,1.61,37,Bus,358.17,93,Mixed,1661,8.86,41.12,7233.95
Conférence,Board Meeting,8,1873,Outdoor,Tokyo,29,1.33,8,Plane,82.48,339,Vegetarian,1873,2.19,1.84,9962.02
Réunion du Conseil,Networking Event,45,1129,Hotel,New York,28,1.63,45,Bus,91.96,297,Non-Vegetarian,1129,18.83,32.67,6720.13
Conférence,Seminar,5,77,Office,London,17,0.51,5,Plane,26.46,496,Non-Vegetarian,77,19.05,46.36,3703.04
Corporate Training,Team Building,27,361,Office,Paris,43,1.96,27,Bus,90.71,206,Non-Vegetarian,361,19.05,4.67,3569.9
Networking Event,Team Building,24,1463,Convention Center,Berlin,20,1.93,24,Train,9.45,284,Non-Vegetarian,1463,9.88,7.1,5725.01
Réunion du Conseil,Corporate Training,40,1435,Hotel,London,25,1.2,40,Bicycle,109.19,232,Non-Vegetarian,1435,10.12,49.44,5741.62
Réunion du Conseil,Team Building,22,1349,Office,Berlin,30,0.97,22,Car,273.99,355,Non-Vegetarian,1349,15.63,40.78,25580.37
Board Meeting,Team Building,26,296,Convention Center,London,13,0.37,26,Bus,124.36,183,Vegan,296,4.37,27.17,1787.08
Séminaire,Workshop,15,1182,Hotel,Paris,32,0.54,15,Train,150.11,183,Vegetarian,1182,7.03,44.91,3105.29
Réunion du Conseil,Board Meeting,24,1797,Hotel,Sydney,24,0.56,24,Walking,89.66,157,Vegetarian,1797,12.23,39.99,2961.22
Formation,Networking Event,28,1931,Convention Center,Tokyo,13,0.64,28,Train,183.91,237,Vegan,1931,10.09,35.65,3882.43
Product Launch,Trade Show,39,1981,Office,Dubai,12,1.91,39,Walking,223.13,160,Non-Vegetarian,1981,7.37,8.47,7412.12
Product Launch,Fundraiser,16,1294,Coworking Space,New York,29,0.46,16,Walking,346.13,253,Vegan,1294,6.41,21.28,1456.1
Seminar,Workshop,32,409,Office,London,28,1.2,32,Train,217.21,128,Vegetarian,409,16.56,48.56,2393.46
Board Meeting,Board Meeting,23,1789,Coworking Space,Berlin,9,0.99,23,Plane,460.07,28,Mixed,1789,17.18,30.76,7891.34
Networking Event,Fundraiser,37,1680,Coworking Space,Tokyo,10,1.87,37,Train,322.93,143,Mixed,1680,2.72,8.1,6414.75
Networking,Board Meeting,20,1014,Convention Center,Berlin,13,1.19,20,Walking,433.48,208,Non-Vegetarian,1014,18.92,1.54,3744.62
Lancement de Produit,Team Building,14,126,Coworking Space,New York,47,1.93,14,Walking,440.0,418,Vegetarian,126,4.92,49.34,932.49
Réunion du Conseil,Networking Event,36,269,Convention Center,Berlin,11,0.53,36,Plane,94.34,235,Mixed,269,9.59,4.5,6348.1
Conférence,Networking Event,20,233,Convention Center,Tokyo,27,1.49,20,Plane,271.29,497,Vegetarian,233,9.63,26.59,34532.02
Corporate Training,Product Launch,13,624,Coworking Space,Sydney,40,1.6,13,Bicycle,385.27,130,Non-Vegetarian,624,8.53,32.3,2681.66
Conférence,Networking Event,31,1110,Convention Center,London,32,0.9,31,Train,360.84,364,Vegan,1110,10.51,37.4,6906.05
Événement de Bienfaisance,Product Launch,37,542,Coworking Space,Berlin,33,0.75,37,Car,39.89,265,Vegan,542,1.0,25.12,3271.99
Événement de Bienfaisance,Fundraiser,5,238,Coworking Space,New York,50,1.39,5,Train,143.85,372,Vegetarian,238,1.3,32.3,2738.44
Workshop,Seminar,30,426,Hotel,Berlin,36,0.35,30,Bus,279.62,421,Non-Vegetarian,426,5.81,10.1,8775.02
Networking Event,Seminar,42,812,Coworking Space,London,7,1.68,42,Train,404.31,301,Mixed,812,19.79,4.76,7193.95
Événement de Bienfaisance,Board Meeting,27,1031,Hotel,Berlin,15,1.75,27,Bicycle,418.81,467,Vegan,1031,18.79,38.31,1499.58
Networking Event,Fundraiser,18,203,Coworking Space,Tokyo,17,0.91,18,Car,372.88,240,Vegan,203,16.99,28.93,19227.22
Corporate Training,Board Meeting,35,197,Convention Center,London,41,0.98,35,Car,86.22,429,Non-Vegetarian,197,3.87,45.28,9258.51
Lancement de Produit,Networking Event,7,917,Hotel,New York,16,1.9,7,Train,214.05,314,Mixed,917,15.19,4.69,5127.13
Conférence,Conference,37,100,Outdoor,Dubai,26,0.38,37,Plane,426.19,43,Vegetarian,100,17.82,6.8,4963.56
Formation,Seminar,18,386,Convention Center,Tokyo,8,1.03,18,Bicycle,183.65,454,Vegan,386,12.49,25.92,536.98
Conférence,Seminar,16,839,Hotel,Tokyo,42,0.33,16,Walking,320.8,15,Mixed,839,15.63,11.14,2261.92
Corporate Training,Board Meeting,45,1461,Coworking Space,Berlin,40,0.92,45,Bus,280.19,361,Vegetarian,1461,7.64,30.49,9164.68
Seminar,Team Building,21,1145,Office,Berlin,11,1.42,21,Bus,351.87,298,Vegan,1145,12.42,49.74,7724.77
Trade Show,Conference,15,1750,Hotel,Berlin,43,0.23,15,Bus,490.04,316,Vegetarian,1750,13.52,31.77,12080.91
Product Launch,Board Meeting,31,1780,Office,Dubai,37,1.62,31,Car,109.18,262,Vegetarian,1780,10.35,44.14,9715.13
Conference,Board Meeting,37,127,Hotel,Tokyo,17,1.12,37,Bicycle,427.23,147,Mixed,127,6.32,6.29,694.96
Réunion du Conseil,Networking Event,2,1472,Coworking Space,London,5,0.82,2,Bicycle,147.95,217,Vegetarian,1472,8.45,46.64,2322.28
Fundraiser,Team Building,48,399,Office,London,7,0.22,48,Plane,227.15,80,Vegetarian,399,17.11,25.76,5264.2
Événement de Bienfaisance,Board Meeting,18,1329,Coworking Space,Sydney,17,1.71,18,Car,38.85,177,Vegan,1329,15.94,22.16,3110.88
Workshop,Product Launch,24,633,Coworking Space,Sydney,45,1.35,24,Plane,286.35,216,Vegan,633,17.29,16.76,16893.0
Séminaire,Networking Event,13,893,Hotel,Berlin,24,0.95,13,Walking,450.61,206,Vegan,893,2.07,8.5,1062.34
Trade Show,Fundraiser,43,1123,Convention Center,Sydney,29,0.45,43,Plane,212.45,92,Vegetarian,1123,5.76,18.87,6900.68
Networking Event,Corporate Training,27,1040,Outdoor,New York,43,1.75,27,Plane,179.63,438,Vegan,1040,13.05,45.24,21841.94
Formation,Team Building,11,21,Coworking Space,Sydney,33,1.95,11,Car,479.33,179,Mixed,21,4.81,5.06,18444.18
Seminar,Seminar,19,790,Coworking Space,London,46,1.88,19,Walking,16.89,116,Non-Vegetarian,790,11.89,40.24,3690.82
Trade Show,Product Launch,33,632,Outdoor,Paris,35,1.35,33,Plane,96.37,141,Vegan,632,7.4,5.18,4833.83
Corporate Training,Seminar,44,314,Hotel,Sydney,46,0.43,44,Walking,193.21,344,Vegetarian,314,8.7,19.46,962.48
Workshop,Fundraiser,23,579,Outdoor,Paris,11,1.17,23,Bus,388.71,219,Mixed,579,19.05,18.98,6779.21
Réunion du Conseil,Fundraiser,48,654,Hotel,Berlin,9,0.88,48,Car,440.03,319,Mixed,654,13.81,42.56,31415.43
Networking Event,Networking Event,29,1649,Convention Center,Paris,19,0.16,29,Bus,218.64,277,Non-Vegetarian,1649,6.5,44.81,9552.0
Conference,Trade Show,10,119,Office,New York,37,0.41,10,Bus,247.52,253,Vegetarian,119,4.04,26.31,4072.4
Lancement de Produit,Corporate Training,5,477,Hotel,Paris,26,0.63,5,Plane,454.99,179,Mixed,477,19.83,36.8,21707.51
Product Launch,Workshop,20,1628,Outdoor,Paris,35,0.16,20,Bus,283.44,119,Vegetarian,1628,16.84,22.99,4601.42
Formation,Conference,18,1346,Outdoor,Berlin,7,1.26,18,Walking,196.62,245,Vegetarian,1346,13.84,25.36,2176.78
Networking Event,Fundraiser,10,1619,Hotel,Dubai,38,1.98,10,Car,120.6,337,Mixed,1619,2.25,8.56,12980.18
Atelier,Conference,10,295,Hotel,Paris,49,0.34,10,Bicycle,177.58,443,Non-Vegetarian,295,16.45,22.48,1193.66
Networking Event,Networking Event,19,951,Hotel,New York,6,1.09,19,Car,372.03,278,Mixed,951,19.95,49.32,24297.28
Conférence,Product Launch,6,1812,Convention Center,Dubai,20,0.24,6,Train,205.89,21,Vegan,1812,0.61,7.3,2015.17
Trade Show,Corporate Training,47,719,Hotel,Dubai,9,1.77,47,Walking,444.9,172,Vegetarian,719,12.03,9.21,1495.34
Workshop,Team Building,29,72,Hotel,New York,14,0.22,29,Bicycle,178.41,255,Vegetarian,72,6.88,8.43,183.28
Réunion du Conseil,Seminar,21,400,Office,New York,6,0.55,21,Walking,28.16,437,Vegetarian,400,17.16,11.34,691.65
Séminaire,Conference,3,583,Outdoor,Dubai,49,0.96,3,Bus,321.06,456,Non-Vegetarian,583,6.14,46.2,10999.94
Workshop,Board Meeting,28,806,Hotel,Paris,6,1.39,28,Bus,286.79,439,Mixed,806,16.49,18.94,9756.67
Networking,Product Launch,19,1209,Convention Center,Berlin,8,1.85,19,Walking,8.53,259,Vegetarian,1209,4.37,41.98,2046.8
Trade Show,Fundraiser,37,1519,Hotel,Tokyo,49,1.61,37,Train,289.03,76,Vegan,1519,15.74,44.16,3976.92
Seminar,Team Building,8,249,Outdoor,Sydney,28,0.99,8,Train,492.3,358,Mixed,249,15.69,48.77,7912.04
Réunion du Conseil,Conference,37,162,Convention Center,Tokyo,35,1.3,37,Plane,55.61,83,Mixed,162,12.15,28.44,2481.84
Conférence,Team Building,17,1700,Convention Center,Berlin,29,1.87,17,Plane,170.75,484,Mixed,1700,8.5,7.69,25404.09
Conference,Product Launch,8,1970,Hotel,Paris,35,1.44,8,Car,262.32,282,Vegan,1970,7.09,22.29,17764.95
Fundraiser,Product Launch,4,189,Outdoor,London,30,1.02,4,Walking,242.57,485,Vegetarian,189,3.73,35.18,422.52
Atelier,Networking Event,39,310,Hotel,Berlin,15,0.73,39,Bicycle,49.11,425,Vegetarian,310,16.84,47.3,806.8
Conference,Conference,16,948,Convention Center,Berlin,46,0.64,16,Bicycle,34.49,424,Vegetarian,948,8.65,30.45,1735.72
Fundraiser,Product Launch,8,327,Convention Center,Dubai,44,1.65,8,Train,288.26,429,Vegan,327,12.56,4.35,5597.76
Product Launch,Networking Event,6,1695,Coworking Space,New York,48,0.12,6,Car,205.14,123,Non-Vegetarian,1695,0.95,14.54,11279.53
Product Launch,Conference,24,1363,Coworking Space,Sydney,12,1.51,24,Plane,242.96,334,Vegetarian,1363,7.99,47.59,22660.26
Fundraiser,Conference,18,1547,Coworking Space,Paris,7,1.03,18,Walking,380.09,385,Mixed,1547,12.45,22.26,4001.81
Séminaire,Workshop,3,1160,Outdoor,New York,46,0.2,3,Bus,111.35,324,Mixed,1160,10.11,7.25,5113.16
Séminaire,Seminar,22,666,Outdoor,Sydney,38,2.0,22,Bus,192.58,336,Vegan,666,6.26,10.86,5418.65
Corporate Training,Corporate Training,24,1634,Coworking Space,Paris,41,1.44,24,Train,110.11,212,Non-Vegetarian,1634,8.21,3.97,7385.57
Fundraiser,Conference,38,103,Hotel,Tokyo,49,0.83,38,Bus,253.42,63,Vegetarian,103,3.1,43.73,1978.82
Fundraiser,Team Building,1,356,Hotel,Sydney,18,1.53,1,Walking,341.48,338,Mixed,356,11.21,45.66,1017.51
Séminaire,Networking Event,26,1235,Outdoor,Berlin,8,1.46,26,Car,380.47,171,Vegan,1235,8.39,33.18,15132.66
Networking,Workshop,29,1698,Outdoor,London,31,1.3,29,Bus,488.93,217,Mixed,1698,11.51,33.14,11284.52
Board Meeting,Workshop,7,1318,Hotel,Paris,10,1.86,7,Walking,67.61,278,Mixed,1318,17.81,21.62,3438.96
Corporate Training,Board Meeting,11,1262,Hotel,Dubai,29,1.3,11,Bicycle,161.19,257,Vegetarian,1262,6.09,17.0,2146.53
Networking Event,Fundraiser,23,1814,Convention Center,Berlin,19,1.6,23,Walking,111.91,476,Non-Vegetarian,1814,12.83,41.08,6806.42
Événement de Bienfaisance,Fundraiser,36,1989,Convention Center,London,8,1.88,36,Bus,150.54,204,Non-Vegetarian,1989,14.01,15.64,9134.13
Networking Event,Fundraiser,9,633,Office,Tokyo,40,0.29,9,Train,13.24,441,Vegan,633,7.82,25.63,985.65
Fundraiser,Conference,1,1964,Outdoor,Dubai,9,0.12,1,Walking,36.09,330,Mixed,1964,15.51,15.65,4972.86
Product Launch,Trade Show,9,1484,Outdoor,Berlin,13,1.61,9,Bicycle,287.65,97,Non-Vegetarian,1484,13.39,41.15,5397.27
Conférence,Team Building,29,1110,Hotel,London,22,1.01,29,Bus,295.57,13,Vegan,1110,5.44,41.64,1756.89
Événement de Bienfaisance,Conference,31,479,Office,Paris,6,0.51,31,Walking,46.01,40,Mixed,479,13.18,42.35,1355.99
Seminar,Conference,42,538,Convention Center,Sydney,29,0.37,42,Bicycle,329.97,197,Non-Vegetarian,538,14.55,24.29,2186.01
Atelier,Trade Show,3,192,Outdoor,New York,42,0.68,3,Bus,487.37,185,Vegan,192,12.37,27.37,5724.13
Networking Event,Fundraiser,31,1912,Office,London,25,1.82,31,Plane,269.75,203,Mixed,1912,0.63,2.97,19182.26
Workshop,Team Building,24,1009,Office,London,16,1.92,24,Walking,16.91,223,Mixed,1009,7.89,3.41,2913.74
Formation,Conference,19,1570,Office,New York,42,1.98,19,Bicycle,299.35,409,Vegan,1570,4.79,2.41,2374.42
Workshop,Trade Show,29,883,Outdoor,Paris,15,0.17,29,Walking,256.71,43,Vegan,883,17.7,33.25,1021.88
Board Meeting,Fundraiser,40,1462,Hotel,London,16,0.78,40,Bus,117.13,53,Non-Vegetarian,1462,12.22,11.12,5785.75
Fundraiser,Conference,27,963,Convention Center,London,25,1.85,27,Train,415.62,416,Vegetarian,963,11.94,49.6,9107.87
Networking,Seminar,16,1229,Coworking Space,New York,28,0.54,16,Plane,183.3,178,Vegan,1229,18.89,46.49,9637.57
Seminar,Trade Show,43,1598,Convention Center,Sydney,16,1.75,43,Train,456.44,144,Vegetarian,1598,2.28,15.16,5662.97
Formation,Team Building,29,907,Coworking Space,Dubai,47,1.73,29,Bicycle,377.76,65,Non-Vegetarian,907,2.25,2.25,4362.49
Board Meeting,Board Meeting,28,1756,Convention Center,Tokyo,13,0.68,28,Walking,41.29,147,Vegan,1756,12.47,11.2,1927.1
Lancement de Produit,Team Building,30,172,Coworking Space,Sydney,20,1.63,30,Bicycle,281.85,368,Non-Vegetarian,172,3.34,6.07,1109.82
Réunion du Conseil,Product Launch,20,650,Hotel,Berlin,7,1.39,20,Plane,283.11,24,Mixed,650,6.28,44.5,3522.52
Board Meeting,Board Meeting,13,527,Office,Dubai,17,0.89,13,Train,402.55,135,Non-Vegetarian,527,16.61,24.77,4199.38
Séminaire,Product Launch,7,1274,Coworking Space,Berlin,34,1.71,7,Train,234.14,104,Mixed,1274,15.14,41.11,4475.01
Fundraiser,Team Building,23,1431,Office,Dubai,41,0.82,23,Plane,84.29,492,Vegetarian,1431,13.16,18.69,12964.5
Trade Show,Fundraiser,25,657,Outdoor,Paris,42,1.76,25,Walking,127.2,55,Mixed,657,9.13,39.82,2664.4
Événement de Bienfaisance,Board Meeting,36,1591,Coworking Space,London,34,1.37,36,Plane,187.12,120,Non-Vegetarian,1591,7.61,16.18,12068.12
Trade Show,Corporate Training,19,1369,Office,London,28,0.13,19,Bus,111.86,400,Mixed,1369,17.22,17.08,6210.32
Conference,Fundraiser,28,1885,Outdoor,Berlin,14,1.18,28,Car,303.32,421,Mixed,1885,8.12,27.4,31831.34
Formation,Corporate Training,18,57,Convention Center,Sydney,14,0.15,18,Bus,356.15,34,Vegan,57,15.95,23.58,881.51
Workshop,Board Meeting,43,1815,Outdoor,Paris,28,1.33,43,Car,10.34,187,Vegetarian,1815,2.83,29.42,3993.71
Trade Show,Fundraiser,37,1571,Outdoor,Tokyo,47,1.97,37,Bicycle,297.26,234,Vegan,1571,16.06,39.08,3394.2
Événement de Bienfaisance,Seminar,17,269,Convention Center,Paris,35,1.98,17,Walking,289.17,418,Vegetarian,269,11.43,37.13,1089.67
Réunion du Conseil,Board Meeting,27,436,Office,Berlin,50,1.38,27,Bicycle,237.21,46,Mixed,436,19.29,46.54,2153.16
Conference,Workshop,30,1045,Coworking Space,New York,6,1.13,30,Bus,279.19,467,Mixed,1045,8.57,40.95,10636.14
Formation,Board Meeting,48,1986,Office,Dubai,5,0.53,48,Bicycle,353.86,172,Non-Vegetarian,1986,12.35,7.65,7054.6
Formation,Fundraiser,26,641,Office,Berlin,17,1.42,26,Car,164.12,365,Vegetarian,641,10.24,32.95,13941.5
Networking,Conference,1,94,Outdoor,London,23,1.48,1,Car,415.61,438,Non-Vegetarian,94,11.6,24.47,38645.97
Fundraiser,Product Launch,43,1529,Office,Dubai,38,1.52,43,Walking,309.94,53,Vegetarian,1529,17.12,47.99,3665.56
Formation,Trade Show,46,1122,Office,Paris,29,1.92,46,Train,256.99,243,Non-Vegetarian,1122,2.51,46.34,7803.28
Board Meeting,Fundraiser,9,791,Coworking Space,Paris,9,0.63,9,Plane,299.69,223,Vegetarian,791,19.93,1.31,17962.21
Corporate Training,Networking Event,33,688,Convention Center,Sydney,8,0.8,33,Plane,426.51,323,Non-Vegetarian,688,4.11,20.76,37004.02
Seminar,Workshop,30,1987,Outdoor,Berlin,24,1.21,30,Walking,99.99,387,Vegan,1987,1.41,24.81,2475.04
Événement de Bienfaisance,Team Building,20,489,Outdoor,Berlin,13,0.25,20,Car,260.61,140,Vegan,489,16.29,15.91,8247.83
Trade Show,Seminar,31,1975,Outdoor,New York,45,1.02,31,Car,352.14,97,Non-Vegetarian,1975,7.91,44.06,14900.98
Trade Show,Seminar,39,799,Hotel,Paris,38,0.98,39,Walking,456.85,188,Vegetarian,799,18.29,43.35,2047.96
Réunion du Conseil,Networking Event,19,392,Office,Tokyo,7,0.98,19,Walking,368.38,320,Vegan,392,9.43,8.99,494.01
Fundraiser,Trade Show,32,828,Office,New York,45,0.63,32,Plane,186.5,332,Vegan,828,10.38,8.95,16799.76
Seminar,Conference,8,42,Hotel,Sydney,18,0.58,8,Train,95.11,366,Vegetarian,42,16.94,28.29,1587.63
Lancement de Produit,Fundraiser,24,254,Office,Tokyo,43,1.33,24,Walking,34.6,109,Vegan,254,5.23,34.63,1020.0
Lancement de Produit,Team Building,2,282,Office,Tokyo,27,1.45,2,Train,121.01,230,Mixed,282,6.18,7.82,1885.44
Fundraiser,Team Building,5,530,Office,Sydney,33,1.69,5,Train,308.49,318,Vegetarian,530,13.67,41.33,4968.42
Trade Show,Conference,10,753,Office,New York,50,1.75,10,Train,142.89,66,Vegan,753,14.84,42.85,1683.11
Formation,Fundraiser,8,1147,Convention Center,Berlin,34,0.27,8,Bicycle,170.18,146,Non-Vegetarian,1147,7.31,39.03,4143.9
Networking Event,Seminar,15,803,Office,Sydney,6,0.81,15,Walking,55.44,227,Non-Vegetarian,803,9.38,17.33,2900.37
Board Meeting,Corporate Training,24,623,Convention Center,New York,41,1.07,24,Bus,261.17,62,Vegetarian,623,4.25,21.33,2483.65
Networking Event,Conference,7,1802,Convention Center,Sydney,44,0.63,7,Bicycle,494.37,433,Non-Vegetarian,1802,15.04,36.42,6506.94
Team Building,Trade Show,30,976,Coworking Space,Paris,13,1.88,30,Car,255.62,142,Non-Vegetarian,976,16.38,27.57,11493.09
Séminaire,Corporate Training,48,1054,Outdoor,Tokyo,28,1.14,48,Bus,252.95,429,Non-Vegetarian,1054,14.96,44.37,11084.67
Board Meeting,Product Launch,12,1379,Office,Dubai,36,0.67,12,Train,299.61,80,Vegetarian,1379,1.19,48.57,3271.49
Conférence,Board Meeting,10,592,Hotel,New York,46,0.6,10,Bus,410.19,81,Non-Vegetarian,592,13.09,49.85,4329.4
Événement de Bienfaisance,Board Meeting,8,921,Outdoor,New York,21,1.77,8,Walking,148.41,257,Vegan,921,12.38,48.28,1191.0
Corporate Training,Trade Show,3,304,Coworking Space,Sydney,14,1.82,3,Walking,330.12,398,Mixed,304,7.48,12.04,837.26
Événement de Bienfaisance,Trade Show,32,1567,Outdoor,New York,35,1.35,32,Train,343.43,341,Non-Vegetarian,1567,12.66,11.74,10973.69
Networking,Trade Show,45,282,Hotel,Sydney,36,0.66,45,Bus,206.56,201,Non-Vegetarian,282,4.17,46.25,4113.55
Seminar,Corporate Training,37,183,Coworking Space,Berlin,42,1.37,37,Bus,289.79,191,Vegan,183,9.76,27.19,4642.38
Formation,Workshop,21,378,Office,Tokyo,22,1.28,21,Plane,239.55,372,Non-Vegetarian,378,8.35,5.08,23923.69
Fundraiser,Workshop,28,1417,Outdoor,New York,32,1.37,28,Bus,10.97,69,Non-Vegetarian,1417,17.55,43.24,5740.26
Board Meeting,Team Building,42,654,Coworking Space,London,47,1.15,42,Bus,454.19,41,Vegetarian,654,3.57,44.48,3329.46
Seminar,Corporate Training,37,1656,Office,New York,12,0.57,37,Plane,169.57,378,Mixed,1656,18.08,13.19,20353.44
Trade Show,Workshop,33,1361,Office,Tokyo,42,0.48,33,Plane,46.55,67,Mixed,1361,12.6,28.23,4596.51
Atelier,Product Launch,6,913,Coworking Space,London,20,1.82,6,Bus,40.21,256,Vegan,913,14.54,6.21,1681.33
Corporate Training,Trade Show,20,1746,Hotel,New York,40,1.23,20,Bus,14.51,165,Vegan,1746,15.77,7.84,2428.87
Board Meeting,Conference,4,150,Hotel,Tokyo,7,1.61,4,Bus,300.66,445,Vegan,150,18.66,34.03,8305.54
Conférence,Board Meeting,23,734,Hotel,Sydney,32,1.94,23,Plane,408.86,42,Vegan,734,10.9,27.76,5818.27
Board Meeting,Product Launch,29,1455,Outdoor,Sydney,47,1.17,29,Train,470.56,204,Mixed,1455,11.13,16.34,8329.56
Corporate Training,Seminar,30,367,Hotel,London,6,0.14,30,Car,384.42,447,Non-Vegetarian,367,11.19,11.37,37427.73
Fundraiser,Team Building,32,1289,Hotel,New York,15,0.55,32,Train,360.1,185,Vegetarian,1289,15.74,49.93,4861.58
Workshop,Conference,31,122,Outdoor,Dubai,35,1.48,31,Bus,128.19,126,Mixed,122,11.94,15.16,2131.22
Formation,Seminar,37,1388,Coworking Space,Sydney,34,0.41,37,Plane,335.28,322,Vegetarian,1388,4.9,3.93,29347.59
Board Meeting,Seminar,43,1166,Coworking Space,London,43,0.44,43,Walking,457.68,20,Vegetarian,1166,10.6,41.76,2260.5
Corporate Training,Product Launch,39,1182,Outdoor,London,30,1.61,39,Car,365.69,76,Mixed,1182,13.82,31.66,9824.22
Workshop,Team Building,40,350,Convention Center,Berlin,48,1.33,40,Train,464.06,398,Non-Vegetarian,350,13.06,49.33,10014.42
Team Building,Fundraiser,2,1724,Outdoor,Berlin,43,0.25,2,Walking,194.5,60,Mixed,1724,18.25,19.49,4396.23
Conférence,Corporate Training,48,46,Convention Center,London,15,1.0,48,Train,60.51,364,Vegetarian,46,7.3,24.26,1373.15
Board Meeting,Product Launch,30,518,Coworking Space,Dubai,5,1.14,30,Walking,277.24,324,Vegan,518,12.85,17.76,664.72
Réunion du Conseil,Fundraiser,10,1518,Convention Center,Sydney,35,0.84,10,Car,196.91,230,Mixed,1518,9.49,11.93,13495.59
Conference,Networking Event,36,1465,Outdoor,New York,33,1.21,36,Train,343.2,358,Non-Vegetarian,1465,2.98,26.28,10819.38
Trade Show,Conference,31,1897,Hotel,Tokyo,17,0.39,31,Car,16.3,327,Vegetarian,1897,14.68,43.7,4184.35
Conference,Corporate Training,25,1943,Coworking Space,Sydney,46,1.32,25,Bicycle,210.54,196,Non-Vegetarian,1943,6.05,48.83,7669.26
Atelier,Seminar,26,189,Outdoor,Dubai,42,0.52,26,Car,93.2,431,Mixed,189,14.87,21.48,9264.65
Conférence,Fundraiser,17,566,Hotel,Tokyo,27,0.74,17,Walking,96.69,474,Mixed,566,18.99,40.26,1703.33
Seminar,Team Building,38,1438,Coworking Space,Berlin,7,1.37,38,Train,9.53,463,Vegan,1438,11.61,31.15,1882.23
Seminar,Seminar,12,1717,Outdoor,Paris,9,0.84,12,Bus,183.99,301,Vegan,1717,6.84,37.3,5173.5
Lancement de Produit,Corporate Training,46,428,Convention Center,Sydney,17,0.21,46,Bicycle,380.75,486,Vegetarian,428,9.2,9.16,760.83
Team Building,Team Building,4,243,Convention Center,Paris,10,0.27,4,Bus,291.89,13,Non-Vegetarian,243,17.53,44.77,1208.17
Conference,Corporate Training,6,649,Convention Center,Sydney,12,0.52,6,Bus,86.51,21,Non-Vegetarian,649,8.98,8.1,2433.38
Événement de Bienfaisance,Team Building,26,1172,Convention Center,Dubai,32,1.95,26,Bicycle,213.2,327,Vegetarian,1172,8.6,19.64,2625.68
Séminaire,Product Launch,37,1846,Office,Paris,38,0.92,37,Train,456.07,466,Non-Vegetarian,1846,13.91,4.08,15644.88
Corporate Training,Networking Event,3,994,Convention Center,Tokyo,15,0.41,3,Train,313.11,491,Mixed,994,3.11,14.23,8678.39
Atelier,Networking Event,8,1422,Hotel,Berlin,25,1.86,8,Walking,66.65,439,Vegetarian,1422,1.55,37.28,2396.66
Board Meeting,Board Meeting,23,271,Outdoor,London,45,0.35,23,Walking,154.12,86,Non-Vegetarian,271,13.5,27.98,1212.59
Workshop,Networking Event,6,720,Outdoor,Sydney,40,1.32,6,Plane,23.85,371,Mixed,720,15.67,45.7,4293.23
Conference,Networking Event,15,1422,Coworking Space,Tokyo,43,0.53,15,Plane,21.98,492,Vegan,1422,15.29,3.48,4334.01
Réunion du Conseil,Product Launch,38,394,Coworking Space,Tokyo,41,0.94,38,Car,68.76,126,Vegetarian,394,17.69,44.48,3266.99
Workshop,Networking Event,46,1544,Convention Center,Dubai,37,0.47,46,Bus,90.38,91,Vegan,1544,11.23,2.61,2465.12
Team Building,Networking Event,32,352,Outdoor,Tokyo,14,1.27,32,Walking,65.42,207,Vegan,352,11.48,30.95,721.34
Trade Show,Seminar,37,152,Convention Center,Tokyo,17,1.57,37,Train,448.72,366,Vegan,152,7.54,8.71,7247.53
Événement de Bienfaisance,Product Launch,15,1910,Office,London,34,0.34,15,Bicycle,103.86,480,Vegan,1910,1.81,23.19,2046.7
Fundraiser,Conference,4,1189,Coworking Space,New York,14,0.92,4,Bicycle,345.82,265,Vegan,1189,4.69,48.91,1321.96
Événement de Bienfaisance,Networking Event,5,451,Outdoor,London,34,0.24,5,Bus,158.28,491,Mixed,451,4.49,9.24,5838.29
Formation,Board Meeting,6,622,Convention Center,London,10,0.67,6,Train,483.49,21,Vegetarian,622,15.7,49.51,1489.65
Séminaire,Networking Event,37,1476,Outdoor,New York,13,1.54,37,Plane,306.06,360,Vegetarian,1476,11.2,36.83,30225.83
Networking Event,Networking Event,46,62,Office,London,45,0.56,46,Car,443.94,54,Vegan,62,2.07,38.64,5757.3
Seminar,Workshop,45,1560,Convention Center,Sydney,43,0.17,45,Plane,155.95,199,Non-Vegetarian,1560,13.1,27.84,13464.87
Team Building,Trade Show,36,1736,Outdoor,Sydney,20,1.57,36,Plane,245.93,97,Vegetarian,1736,12.59,48.63,9255.44
Corporate Training,Seminar,45,393,Convention Center,Tokyo,15,0.54,45,Walking,209.1,137,Non-Vegetarian,393,6.2,40.84,1651.83
Atelier,Trade Show,26,1653,Office,New York,50,1.7,26,Bus,225.27,334,Non-Vegetarian,1653,9.53,12.68,11449.33
Conférence,Seminar,35,1877,Coworking Space,Sydney,42,0.98,35,Plane,413.3,58,Vegan,1877,15.82,9.17,8640.13
Séminaire,Seminar,21,1881,Outdoor,London,31,0.11,21,Car,207.26,339,Vegetarian,1881,7.59,14.78,17656.88
Fundraiser,Workshop,3,1981,Coworking Space,London,45,1.1,3,Walking,78.46,270,Mixed,1981,16.85,4.72,5069.89
Conférence,Workshop,38,837,Hotel,Tokyo,36,1.32,38,Bus,24.67,193,Mixed,837,5.26,28.57,3348.72
Formation,Product Launch,31,100,Hotel,Sydney,9,1.18,31,Plane,157.87,497,Mixed,100,13.52,31.76,20120.52
Seminar,Workshop,47,1654,Office,Dubai,9,1.4,47,Walking,77.17,380,Non-Vegetarian,1654,11.92,49.67,6208.28
Séminaire,Product Launch,11,1875,Convention Center,New York,33,1.59,11,Train,343.47,134,Non-Vegetarian,1875,2.99,27.82,8753.7
Conférence,Team Building,24,766,Office,Dubai,11,0.93,24,Bus,367.02,305,Vegetarian,766,14.82,9.34,8036.55
Fundraiser,Team Building,18,1611,Hotel,Berlin,41,0.94,18,Car,312.32,472,Non-Vegetarian,1611,16.09,33.11,37040.92
Networking Event,Team Building,11,972,Office,New York,5,1.85,11,Plane,141.18,456,Vegan,972,9.75,49.87,17236.64
Séminaire,Fundraiser,21,201,Outdoor,Paris,37,0.71,21,Bicycle,447.3,486,Vegan,201,9.36,49.72,595.0
Corporate Training,Workshop,14,764,Coworking Space,Berlin,6,0.1,14,Plane,486.96,52,Mixed,764,9.5,32.48,8328.64
Board Meeting,Seminar,36,1964,Office,Dubai,34,1.75,36,Train,211.97,18,Vegetarian,1964,11.26,41.52,4275.18
Conférence,Product Launch,2,1221,Office,Paris,27,0.2,2,Bus,19.06,226,Vegetarian,1221,13.69,10.62,2143.97
Conférence,Conference,42,1788,Outdoor,New York,42,0.45,42,Bus,314.41,274,Vegetarian,1788,19.36,46.29,8379.1
Seminar,Seminar,18,144,Hotel,Tokyo,14,0.51,18,Plane,19.72,221,Mixed,144,12.01,13.65,1565.11
Trade Show,Trade Show,39,1253,Coworking Space,Berlin,6,1.44,39,Train,355.5,429,Mixed,1253,17.13,43.62,9522.86
Réunion du Conseil,Workshop,45,1446,Coworking Space,London,9,0.82,45,Bicycle,196.09,276,Vegetarian,1446,17.36,16.42,2402.61
Conference,Workshop,40,893,Outdoor,Sydney,37,1.43,40,Bus,48.61,339,Vegetarian,893,12.5,41.31,3494.05
Conférence,Fundraiser,32,1292,Office,Tokyo,7,1.95,32,Train,294.66,236,Non-Vegetarian,1292,15.82,12.96,7579.55
Product Launch,Networking Event,43,1343,Convention Center,New York,43,0.32,43,Train,374.78,195,Vegan,1343,10.06,29.31,4640.86
Workshop,Board Meeting,41,742,Coworking Space,Sydney,12,0.67,41,Car,272.94,197,Mixed,742,4.69,40.84,13402.41
Conference,Workshop,38,1693,Coworking Space,Sydney,49,0.83,38,Train,267.45,46,Vegan,1693,3.03,23.5,3010.9
Fundraiser,Fundraiser,28,189,Hotel,New York,11,1.79,28,Bicycle,308.26,337,Vegetarian,189,3.42,40.63,647.26
Réunion du Conseil,Product Launch,12,1741,Outdoor,Tokyo,42,0.95,12,Train,476.99,235,Non-Vegetarian,1741,12.14,33.69,10908.27
Workshop,Team Building,45,809,Hotel,New York,10,0.99,45,Bus,140.43,222,Vegetarian,809,19.11,40.47,3425.94
Networking,Team Building,39,1048,Convention Center,Sydney,12,1.49,39,Bicycle,114.01,403,Non-Vegetarian,1048,18.4,42.16,4137.78
Networking,Seminar,45,20,Coworking Space,Sydney,33,1.7,45,Bus,51.93,45,Vegetarian,20,14.32,36.74,1534.58
Formation,Board Meeting,8,1229,Convention Center,London,5,1.96,8,Walking,336.37,327,Vegan,1229,8.77,5.33,1296.4
Networking,Board Meeting,22,1575,Outdoor,London,19,0.83,22,Car,483.95,15,Vegetarian,1575,17.68,26.79,4149.35
Corporate Training,Networking Event,36,814,Convention Center,London,48,1.39,36,Bicycle,473.16,245,Non-Vegetarian,814,7.0,15.06,4094.08
Product Launch,Product Launch,17,1729,Convention Center,Paris,28,0.11,17,Train,217.91,337,Vegetarian,1729,19.03,27.42,5650.01
Formation,Networking Event,43,762,Office,Berlin,42,0.1,43,Plane,26.79,342,Non-Vegetarian,762,17.17,6.31,5094.81
Conference,Workshop,11,54,Coworking Space,London,26,0.97,11,Bus,378.24,295,Mixed,54,17.67,27.26,7058.42
Seminar,Board Meeting,11,115,Coworking Space,Paris,22,0.36,11,Car,99.11,206,Vegetarian,115,19.17,17.16,4576.22
Networking Event,Board Meeting,31,972,Convention Center,Sydney,14,1.12,31,Bicycle,53.39,339,Mixed,972,13.78,39.23,2779.06
Team Building,Team Building,23,1579,Hotel,Berlin,48,1.4,23,Bicycle,131.35,431,Non-Vegetarian,1579,19.9,28.55,6396.2
Networking Event,Team Building,39,521,Convention Center,Berlin,16,1.57,39,Plane,39.17,495,Vegan,521,15.88,26.43,5942.75
Product Launch,Networking Event,20,1710,Outdoor,New York,16,0.67,20,Bicycle,214.87,183,Vegan,1710,17.65,48.51,1949.52
Conference,Corporate Training,41,239,Coworking Space,Tokyo,24,1.1,41,Walking,455.88,133,Vegan,239,5.22,38.59,867.82
Board Meeting,Board Meeting,10,1709,Hotel,Dubai,39,0.88,10,Train,233.04,402,Vegan,1709,15.16,26.29,5710.78
Formation,Product Launch,41,1032,Outdoor,London,22,1.92,41,Bicycle,225.13,83,Vegetarian,1032,17.92,32.05,2513.86
Networking,Team Building,19,917,Hotel,London,47,1.52,19,Plane,83.26,165,Vegan,917,10.2,13.52,5077.6
Product Launch,Trade Show,33,1204,Convention Center,Berlin,48,1.53,33,Walking,191.66,187,Vegetarian,1204,12.43,17.96,3078.54
Conference,Conference,35,1684,Hotel,Berlin,17,0.29,35,Bicycle,379.62,424,Mixed,1684,4.61,47.83,4401.15
Networking Event,Trade Show,22,1657,Coworking Space,Dubai,7,1.95,22,Bus,314.0,306,Vegetarian,1657,15.12,35.41,8501.75
Workshop,Networking Event,39,623,Coworking Space,New York,13,0.34,39,Walking,434.92,225,Vegetarian,623,1.88,34.07,1092.59
Corporate Training,Fundraiser,26,508,Convention Center,Paris,30,0.49,26,Bicycle,349.24,309,Mixed,508,12.91,9.53,1505.98
Workshop,Trade Show,20,569,Coworking Space,London,8,1.01,20,Bus,84.75,312,Vegan,569,3.88,39.12,2322.32
Corporate Training,Trade Show,40,1933,Hotel,New York,36,1.33,40,Car,254.39,179,Vegan,1933,0.51,14.65,12483.44
Formation,Board Meeting,2,1483,Outdoor,Paris,44,1.63,2,Train,164.06,394,Mixed,1483,13.98,48.86,6490.49
Événement de Bienfaisance,Conference,24,1117,Outdoor,Dubai,31,0.54,24,Bicycle,300.83,446,Non-Vegetarian,1117,11.88,39.21,4212.56
Workshop,Team Building,25,1511,Convention Center,London,12,1.27,25,Plane,39.08,209,Vegan,1511,9.32,24.2,3810.47
Fundraiser,Conference,5,1126,Outdoor,Paris,29,0.66,5,Bicycle,129.2,339,Vegetarian,1126,11.77,47.07,1854.53
Seminar,Workshop,26,651,Convention Center,Dubai,16,1.13,26,Car,357.93,271,Vegetarian,651,6.24,21.62,21637.06
Conférence,Fundraiser,19,1905,Coworking Space,Paris,43,0.92,19,Walking,179.5,215,Mixed,1905,2.75,9.89,5163.6
Trade Show,Board Meeting,8,1080,Outdoor,Berlin,26,0.78,8,Bus,257.3,124,Vegan,1080,0.83,16.16,3109.41
Conference,Seminar,18,1092,Coworking Space,New York,6,1.24,18,Walking,154.37,371,Vegan,1092,19.7,44.49,1287.34
Workshop,Seminar,45,1202,Hotel,Berlin,36,0.25,45,Bicycle,125.82,300,Non-Vegetarian,1202,9.89,6.08,4441.44
Networking,Team Building,21,1872,Coworking Space,Paris,40,0.71,21,Bicycle,327.62,321,Vegan,1872,16.18,21.0,2244.56
Lancement de Produit,Seminar,35,220,Office,London,11,0.92,35,Bicycle,460.34,364,Non-Vegetarian,220,7.27,14.49,990.62
Networking,Board Meeting,44,1611,Hotel,London,37,1.17,44,Plane,362.92,50,Non-Vegetarian,1611,13.02,24.25,11201.92
Fundraiser,Networking Event,39,235,Hotel,London,32,0.86,39,Plane,235.71,337,Vegetarian,235,10.73,16.42,20802.01
Fundraiser,Networking Event,7,1110,Hotel,New York,33,1.89,7,Walking,306.7,353,Vegetarian,1110,14.11,3.94,1919.39
Corporate Training,Corporate Training,11,1728,Hotel,London,35,1.85,11,Walking,119.81,23,Non-Vegetarian,1728,5.1,30.56,6475.44
Networking Event,Trade Show,45,39,Outdoor,Sydney,11,1.61,45,Car,303.25,500,Vegetarian,39,11.89,41.63,32405.26
Seminar,Product Launch,28,1979,Convention Center,Paris,7,0.24,28,Walking,384.8,166,Mixed,1979,1.46,49.86,5073.66
Conférence,Conference,10,1068,Convention Center,Paris,43,1.89,10,Car,476.41,111,Vegan,1068,10.38,8.09,12616.41
Networking,Team Building,27,812,Coworking Space,Berlin,16,1.4,27,Bicycle,126.93,402,Vegan,812,14.38,23.98,1191.12
Réunion du Conseil,Corporate Training,17,228,Office,New York,49,1.42,17,Car,391.67,430,Mixed,228,9.96,19.53,36588.21
Trade Show,Conference,40,60,Outdoor,Dubai,30,1.99,40,Plane,309.3,237,Vegetarian,60,3.25,15.04,19646.61
Workshop,Corporate Training,45,442,Outdoor,Sydney,27,1.18,45,Walking,326.77,306,Vegetarian,442,4.8,48.77,1486.99
Seminar,Corporate Training,30,355,Convention Center,London,35,1.57,30,Bicycle,170.71,481,Vegan,355,10.87,8.53,1218.05
Conference,Networking Event,13,1576,Hotel,Berlin,9,1.38,13,Walking,96.78,360,Mixed,1576,19.49,7.05,4073.81
Networking,Fundraiser,46,1900,Convention Center,Sydney,50,0.19,46,Bus,491.88,64,Vegan,1900,19.56,40.23,4126.9
Team Building,Seminar,4,633,Hotel,Berlin,18,1.0,4,Bus,389.77,426,Non-Vegetarian,633,7.48,4.74,12238.46
Corporate Training,Fundraiser,22,497,Convention Center,Sydney,44,1.24,22,Bicycle,9.45,175,Vegetarian,497,9.54,37.82,1440.38
Réunion du Conseil,Workshop,41,1953,Outdoor,Sydney,34,1.83,41,Train,225.92,44,Non-Vegetarian,1953,5.62,48.69,8617.25
Séminaire,Board Meeting,48,219,Convention Center,Dubai,38,0.29,48,Walking,243.28,285,Non-Vegetarian,219,15.89,47.77,1158.3
Conference,Corporate Training,26,1351,Outdoor,Berlin,12,1.59,26,Walking,446.76,350,Vegetarian,1351,13.39,32.35,2366.02
Formation,Workshop,47,583,Office,Paris,50,1.86,47,Bus,99.53,363,Vegan,583,5.11,29.77,5006.02
Networking,Corporate Training,28,127,Hotel,Sydney,26,1.57,28,Plane,452.92,265,Vegetarian,127,3.99,41.77,30859.45
Conférence,Trade Show,40,727,Convention Center,Berlin,36,1.16,40,Bus,148.54,126,Non-Vegetarian,727,19.24,43.86,4628.86
Lancement de Produit,Corporate Training,4,367,Office,London,18,1.87,4,Walking,108.37,290,Non-Vegetarian,367,1.72,34.64,1424.54
Conference,Seminar,44,1490,Convention Center,Tokyo,9,1.8,44,Bicycle,498.57,474,Non-Vegetarian,1490,4.83,21.82,5624.7
Séminaire,Corporate Training,24,757,Office,New York,32,1.13,24,Plane,327.41,118,Mixed,757,13.04,26.15,12063.4
Networking Event,Fundraiser,23,461,Office,Berlin,5,1.85,23,Plane,337.05,207,Mixed,461,8.07,45.13,18807.61
Formation,Conference,36,636,Office,New York,30,1.01,36,Bicycle,152.38,438,Vegan,636,13.19,27.46,1262.7
Séminaire,Board Meeting,13,1931,Office,London,18,0.97,13,Walking,427.68,397,Mixed,1931,14.69,10.29,4990.95
Lancement de Produit,Networking Event,19,632,Office,Berlin,6,0.55,19,Bicycle,455.04,130,Vegan,632,4.92,41.79,756.77
Product Launch,Workshop,10,1827,Hotel,Dubai,36,0.97,10,Train,269.74,447,Non-Vegetarian,1827,5.74,34.97,11473.47
Conference,Seminar,5,594,Convention Center,London,9,0.35,5,Train,29.8,235,Vegetarian,594,1.83,32.93,1248.51
Trade Show,Fundraiser,20,758,Convention Center,London,25,1.78,20,Bus,155.85,293,Non-Vegetarian,758,6.61,40.57,5932.2
Team Building,Product Launch,40,1566,Convention Center,Paris,48,1.07,40,Bicycle,322.24,95,Vegan,1566,17.5,34.13,2696.46
Workshop,Conference,24,345,Coworking Space,Tokyo,12,1.15,24,Car,460.6,86,Non-Vegetarian,345,1.27,44.99,9784.06
Réunion du Conseil,Fundraiser,36,756,Outdoor,London,46,1.09,36,Train,115.52,115,Mixed,756,13.23,28.2,3406.77
Formation,Team Building,42,1302,Office,Paris,18,1.66,42,Bicycle,232.81,265,Vegetarian,1302,4.26,6.78,2602.56
Board Meeting,Workshop,17,1771,Coworking Space,New York,8,1.37,17,Bus,499.79,409,Mixed,1771,9.74,37.66,16880.31
Networking Event,Team Building,34,1016,Hotel,Sydney,32,0.21,34,Walking,222.13,117,Non-Vegetarian,1016,2.04,34.15,3742.62
Workshop,Product Launch,12,1801,Hotel,Tokyo,19,1.1,12,Bus,138.03,314,Vegan,1801,17.76,9.07,4580.55
Conférence,Conference,5,1947,Office,New York,32,1.12,5,Bicycle,357.8,350,Non-Vegetarian,1947,3.9,34.96,6981.82
Événement de Bienfaisance,Board Meeting,27,1735,Hotel,Tokyo,19,0.95,27,Bicycle,285.43,23,Mixed,1735,7.84,46.94,4690.74
Networking,Board Meeting,3,1140,Coworking Space,Berlin,19,0.27,3,Train,81.58,411,Mixed,1140,8.43,41.32,4298.37
Networking Event,Team Building,45,1372,Hotel,Dubai,20,1.15,45,Train,399.89,256,Non-Vegetarian,1372,18.29,46.76,9544.47
Board Meeting,Networking Event,9,463,Coworking Space,New York,21,1.96,9,Bus,337.28,166,Mixed,463,1.88,43.51,4792.81
Trade Show,Conference,37,895,Office,New York,6,0.25,37,Plane,146.94,147,Vegetarian,895,13.22,28.82,6854.38
Board Meeting,Workshop,20,742,Outdoor,Paris,42,0.29,20,Plane,60.79,166,Vegetarian,742,11.98,8.31,3798.16
Événement de Bienfaisance,Workshop,30,1006,Coworking Space,Dubai,7,1.17,30,Car,408.19,51,Non-Vegetarian,1006,5.91,34.76,8096.9
Trade Show,Workshop,3,1458,Coworking Space,New York,7,0.11,3,Walking,186.1,296,Mixed,1458,5.78,38.71,3735.14
Séminaire,Trade Show,27,1389,Office,Sydney,50,1.14,27,Train,379.08,19,Vegan,1389,17.06,35.89,2552.5
Trade Show,Board Meeting,4,1725,Hotel,Sydney,37,0.78,4,Bicycle,247.54,263,Vegan,1725,18.37,2.28,1824.02
Conference,Seminar,19,1634,Coworking Space,Dubai,24,1.43,19,Train,256.15,83,Non-Vegetarian,1634,12.9,33.19,6987.64
Trade Show,Conference,32,898,Coworking Space,Dubai,27,1.54,32,Bicycle,108.09,25,Non-Vegetarian,898,4.81,4.36,3826.62
Board Meeting,Trade Show,2,1908,Hotel,Berlin,26,1.96,2,Bus,370.2,69,Non-Vegetarian,1908,19.19,7.45,8314.87
Événement de Bienfaisance,Networking Event,5,1777,Convention Center,New York,26,0.56,5,Car,218.85,297,Vegan,1777,4.4,36.54,15544.95
Atelier,Workshop,46,1546,Outdoor,Paris,12,1.34,46,Bus,53.63,491,Non-Vegetarian,1546,14.28,34.44,7458.22
Lancement de Produit,Workshop,22,722,Hotel,Paris,17,1.58,22,Plane,306.54,79,Mixed,722,14.97,42.11,8268.78
Conférence,Corporate Training,42,552,Hotel,Tokyo,34,0.14,42,Bus,143.89,94,Vegetarian,552,3.46,13.24,1772.9
Conférence,Fundraiser,10,718,Office,Berlin,29,0.5,10,Walking,463.51,480,Mixed,718,2.23,26.64,1925.24
Corporate Training,Seminar,9,1907,Coworking Space,London,35,0.14,9,Walking,420.07,213,Vegetarian,1907,6.76,47.16,2990.39
Corporate Training,Team Building,17,1637,Outdoor,Paris,28,1.62,17,Bicycle,121.08,381,Vegan,1637,19.74,20.39,2102.82
Séminaire,Trade Show,32,938,Convention Center,Berlin,37,0.59,32,Plane,74.0,212,Vegetarian,938,14.4,24.72,5756.52
Corporate Training,Networking Event,1,1055,Convention Center,Tokyo,41,0.32,1,Walking,193.29,465,Vegan,1055,16.66,44.3,1183.48
Trade Show,Corporate Training,37,768,Coworking Space,Dubai,41,0.32,37,Train,171.28,223,Vegan,768,2.42,7.56,2558.5
Réunion du Conseil,Corporate Training,46,1731,Coworking Space,Sydney,17,1.11,46,Bus,61.17,107,Vegan,1731,1.58,43.87,2648.62
Seminar,Trade Show,45,1214,Office,New York,38,0.42,45,Train,490.02,246,Mixed,1214,19.13,21.28,8296.72
Corporate Training,Conference,34,1186,Hotel,Paris,32,1.75,34,Walking,360.45,224,Non-Vegetarian,1186,9.48,43.01,5207.98
Board Meeting,Board Meeting,28,289,Office,Tokyo,39,0.77,28,Plane,112.69,418,Vegan,289,15.19,21.64,12559.18
Team Building,Fundraiser,17,32,Office,Berlin,9,1.06,17,Walking,137.78,450,Vegetarian,32,11.41,34.55,221.01
Trade Show,Conference,19,967,Convention Center,Tokyo,9,1.81,19,Train,444.2,291,Mixed,967,19.24,19.76,7820.74
Lancement de Produit,Team Building,1,1929,Outdoor,New York,29,1.72,1,Bus,453.9,451,Vegan,1929,15.36,18.28,14303.75
Board Meeting,Corporate Training,21,960,Coworking Space,Dubai,14,1.49,21,Plane,310.36,474,Vegan,960,18.49,38.63,38070.93
Fundraiser,Product Launch,23,1875,Coworking Space,Tokyo,28,1.35,23,Bicycle,40.92,467,Non-Vegetarian,1875,14.91,6.48,7039.98
Trade Show,Team Building,30,338,Outdoor,Berlin,8,1.07,30,Plane,343.64,195,Vegetarian,338,2.93,6.52,17406.75
Networking Event,Workshop,39,141,Convention Center,Sydney,19,0.62,39,Bicycle,133.77,220,Vegetarian,141,15.86,41.24,555.41
Réunion du Conseil,Networking Event,16,976,Convention Center,Dubai,17,1.71,16,Bicycle,357.27,320,Mixed,976,2.93,10.3,2699.02
Événement de Bienfaisance,Conference,41,1757,Coworking Space,Sydney,39,1.9,41,Walking,67.41,63,Mixed,1757,14.02,23.67,5986.93
Événement de Bienfaisance,Team Building,35,1893,Hotel,Sydney,41,0.93,35,Walking,374.33,129,Non-Vegetarian,1893,16.25,12.76,7350.8
Lancement de Produit,Team Building,35,1876,Office,New York,5,1.79,35,Plane,368.25,468,Non-Vegetarian,1876,3.95,7.74,49831.25
Product Launch,Team Building,15,1503,Coworking Space,Paris,29,0.5,15,Bus,464.18,44,Non-Vegetarian,1503,12.5,47.29,6714.27
Séminaire,Seminar,24,1975,Convention Center,Dubai,18,0.76,24,Walking,51.94,278,Vegan,1975,15.68,7.5,2185.52
Team Building,Trade Show,20,451,Convention Center,Berlin,31,1.54,20,Walking,135.92,139,Non-Vegetarian,451,4.13,41.33,2146.82
Conférence,Networking Event,9,475,Convention Center,London,48,1.72,9,Bus,331.73,59,Non-Vegetarian,475,19.9,24.7,3297.54
Product Launch,Product Launch,17,111,Convention Center,Sydney,30,1.18,17,Bicycle,465.91,12,Vegetarian,111,9.74,9.63,506.14
Réunion du Conseil,Corporate Training,34,494,Coworking Space,Berlin,15,0.31,34,Car,16.95,478,Vegetarian,494,14.84,25.48,2602.13
Seminar,Workshop,29,455,Hotel,Paris,49,1.82,29,Bicycle,197.34,404,Vegan,455,14.71,16.91,1811.35
Conference,Networking Event,33,1373,Convention Center,London,19,0.22,33,Plane,422.89,479,Non-Vegetarian,1373,19.79,17.08,55589.29
Fundraiser,Seminar,46,1929,Coworking Space,Dubai,24,1.92,46,Plane,166.18,27,Non-Vegetarian,1929,6.48,36.17,9018.35
Product Launch,Board Meeting,24,251,Hotel,Paris,25,0.37,24,Plane,345.69,436,Non-Vegetarian,251,2.52,45.69,38766.13
Seminar,Fundraiser,13,1430,Outdoor,London,47,0.19,13,Plane,46.75,310,Mixed,1430,10.33,41.27,7359.37
Conference,Workshop,44,503,Hotel,Berlin,7,0.22,44,Bicycle,286.72,181,Non-Vegetarian,503,9.54,15.62,1844.7
Networking Event,Board Meeting,4,1738,Convention Center,Tokyo,30,0.53,4,Bicycle,145.72,172,Vegan,1738,19.13,10.21,1828.48
Séminaire,Team Building,2,319,Convention Center,London,48,1.23,2,Plane,255.68,240,Non-Vegetarian,319,2.77,13.92,16549.72
Fundraiser,Workshop,38,995,Convention Center,London,8,0.61,38,Plane,258.83,307,Vegan,995,4.24,30.78,21022.96
Séminaire,Team Building,1,854,Outdoor,Tokyo,17,0.18,1,Walking,248.07,344,Mixed,854,18.13,44.1,2260.99
Formation,Workshop,36,1896,Outdoor,Berlin,18,0.86,36,Plane,324.43,471,Non-Vegetarian,1896,10.84,25.45,45188.85
Conférence,Workshop,41,937,Hotel,London,6,1.11,41,Bicycle,252.31,357,Mixed,937,1.21,18.78,2519.01
Networking,Networking Event,39,603,Coworking Space,Berlin,40,0.63,39,Bus,409.11,476,Non-Vegetarian,603,1.15,33.12,14354.62
Networking,Seminar,17,395,Office,Berlin,43,0.76,17,Bus,498.7,487,Non-Vegetarian,395,17.1,15.82,16298.13
Corporate Training,Trade Show,6,704,Convention Center,Berlin,31,1.39,6,Walking,296.62,114,Non-Vegetarian,704,3.4,6.29,2612.65
Fundraiser,Corporate Training,20,718,Coworking Space,London,6,1.0,20,Car,490.61,180,Mixed,718,18.88,7.66,20453.14
Seminar,Product Launch,6,810,Outdoor,Dubai,45,1.87,6,Bicycle,22.35,499,Vegan,810,6.53,6.92,1089.35
Board Meeting,Board Meeting,16,1256,Convention Center,London,44,1.99,16,Car,447.17,159,Mixed,1256,12.59,18.3,18833.27
Séminaire,Board Meeting,26,837,Outdoor,Sydney,20,0.88,26,Walking,203.01,194,Vegan,837,10.69,24.53,1136.24
Atelier,Product Launch,26,704,Coworking Space,New York,27,0.17,26,Walking,354.26,372,Vegan,704,12.33,35.08,858.49
Trade Show,Networking Event,40,140,Hotel,Sydney,50,0.85,40,Plane,459.46,362,Vegetarian,140,3.21,26.6,42700.75
Product Launch,Team Building,11,1100,Hotel,Tokyo,46,1.24,11,Walking,391.95,135,Non-Vegetarian,1100,9.35,21.89,4226.2
Fundraiser,Conference,9,1380,Office,London,10,0.65,9,Walking,189.55,443,Vegetarian,1380,13.58,12.12,2150.65
Product Launch,Corporate Training,29,588,Coworking Space,New York,12,1.35,29,Bicycle,96.38,102,Vegetarian,588,17.5,2.13,1156.16
Workshop,Workshop,34,620,Office,London,24,0.77,34,Car,49.11,375,Non-Vegetarian,620,3.79,41.69,6442.53
Board Meeting,Networking Event,28,533,Office,Paris,16,0.77,28,Bus,33.41,256,Non-Vegetarian,533,11.15,13.97,2601.4
Conference,Team Building,23,284,Coworking Space,New York,18,1.97,23,Bicycle,73.03,54,Mixed,284,14.97,13.32,1174.37
Conférence,Seminar,43,776,Outdoor,Paris,50,1.03,43,Bus,497.1,121,Non-Vegetarian,776,3.12,10.6,7459.64
Réunion du Conseil,Workshop,6,1307,Hotel,Tokyo,7,1.79,6,Bicycle,16.47,68,Mixed,1307,8.96,4.79,3332.59
Événement de Bienfaisance,Corporate Training,37,918,Convention Center,New York,17,0.45,37,Bicycle,196.95,25,Mixed,918,1.74,28.84,2497.68
Product Launch,Seminar,9,37,Coworking Space,Paris,10,1.64,9,Plane,243.93,471,Non-Vegetarian,37,19.04,8.91,28981.96
Team Building,Trade Show,36,752,Convention Center,Berlin,37,0.6,36,Car,463.82,135,Non-Vegetarian,752,12.65,27.07,16260.34
Formation,Workshop,19,110,Hotel,New York,9,1.1,19,Walking,408.28,465,Mixed,110,11.61,31.63,455.53
Réunion du Conseil,Fundraiser,19,1941,Convention Center,Sydney,34,1.95,19,Plane,324.57,365,Mixed,1941,9.7,45.0,35208.76
Réunion du Conseil,Fundraiser,43,82,Outdoor,Paris,17,1.44,43,Walking,44.81,130,Non-Vegetarian,82,12.22,32.57,902.9
Conference,Trade Show,26,1458,Hotel,Tokyo,29,0.94,26,Car,429.05,395,Non-Vegetarian,1458,2.59,24.66,41101.58
Lancement de Produit,Board Meeting,35,1792,Office,Berlin,5,0.9,35,Train,103.95,435,Non-Vegetarian,1792,13.55,3.85,8194.28
Board Meeting,Trade Show,15,1469,Outdoor,New York,39,1.27,15,Bicycle,310.76,473,Vegetarian,1469,12.15,28.56,2656.39
Événement de Bienfaisance,Corporate Training,23,1770,Coworking Space,Paris,24,0.52,23,Train,356.37,435,Mixed,1770,5.17,33.21,10846.12
Conférence,Corporate Training,18,608,Convention Center,Sydney,28,1.72,18,Train,176.8,399,Vegan,608,14.04,33.39,3958.03
Networking,Fundraiser,14,680,Office,Berlin,12,1.63,14,Plane,318.53,474,Non-Vegetarian,680,1.43,25.52,40316.62
Networking,Team Building,47,1237,Convention Center,Dubai,14,0.99,47,Bus,240.09,32,Vegetarian,1237,3.6,41.64,2732.66
Lancement de Produit,Workshop,21,939,Hotel,Dubai,17,1.48,21,Bicycle,94.74,73,Vegan,939,2.9,40.57,1290.12
Networking Event,Trade Show,33,1711,Outdoor,New York,41,1.13,33,Bicycle,154.89,204,Vegan,1711,0.56,25.75,2528.06
Conférence,Trade Show,5,1380,Coworking Space,Dubai,30,1.04,5,Train,430.45,421,Vegan,1380,11.75,30.46,8791.2
Networking Event,Product Launch,25,881,Hotel,Tokyo,33,1.58,25,Car,495.43,51,Vegan,881,10.05,42.82,6944.55
Conference,Team Building,27,222,Coworking Space,Sydney,35,1.71,27,Car,392.05,178,Non-Vegetarian,222,5.11,3.36,16256.74
Fundraiser,Trade Show,1,311,Hotel,Tokyo,24,0.6,1,Walking,302.24,298,Vegetarian,311,16.91,29.35,566.22
Workshop,Board Meeting,27,304,Coworking Space,New York,37,1.08,27,Plane,110.44,241,Vegan,304,17.73,11.58,7556.09
Atelier,Fundraiser,15,879,Convention Center,New York,16,0.4,15,Train,111.1,421,Vegetarian,879,16.06,8.71,3286.96
Networking,Seminar,7,280,Office,Dubai,40,0.42,7,Car,190.59,294,Vegetarian,280,2.91,32.32,12316.29
Lancement de Produit,Product Launch,24,1778,Hotel,New York,26,1.84,24,Car,339.32,433,Vegetarian,1778,8.04,35.51,34182.55
Conférence,Seminar,43,413,Hotel,Paris,13,1.57,43,Train,385.27,80,Non-Vegetarian,413,18.24,1.78,3157.22
Conférence,Product Launch,37,1430,Hotel,London,15,1.56,37,Bus,257.81,492,Vegetarian,1430,15.25,11.07,10241.09
Séminaire,Team Building,43,315,Outdoor,Paris,30,1.32,43,Plane,380.45,74,Non-Vegetarian,315,13.18,35.22,9089.02
Formation,Board Meeting,37,1042,Coworking Space,Paris,36,0.66,37,Car,75.67,484,Vegan,1042,9.5,35.75,9263.16
Corporate Training,Seminar,39,1581,Coworking Space,London,24,1.38,39,Plane,230.35,385,Vegetarian,1581,18.79,8.42,25242.95
Corporate Training,Fundraiser,9,1077,Convention Center,Tokyo,37,0.91,9,Bicycle,461.23,361,Mixed,1077,19.95,15.09,2914.09
Séminaire,Trade Show,41,1114,Convention Center,Dubai,5,1.65,41,Train,243.59,300,Non-Vegetarian,1114,12.16,10.94,7037.4
Lancement de Produit,Conference,44,1548,Office,Dubai,36,0.32,44,Car,484.3,22,Vegan,1548,4.46,23.85,4095.53
Team Building,Conference,45,174,Convention Center,Tokyo,42,1.54,45,Bicycle,429.83,500,Non-Vegetarian,174,11.64,10.79,2109.16
Trade Show,Product Launch,42,1711,Convention Center,Paris,6,1.66,42,Car,499.39,158,Vegan,1711,8.71,33.81,18574.96
Formation,Product Launch,24,706,Office,New York,15,1.74,24,Car,261.65,122,Vegetarian,706,17.41,9.38,8129.25
Réunion du Conseil,Seminar,47,774,Outdoor,London,33,0.25,47,Train,62.99,204,Vegan,774,0.74,47.93,1579.21
Formation,Workshop,38,1314,Hotel,Berlin,26,0.64,38,Bus,200.6,151,Vegan,1314,14.54,47.6,3571.88
Conference,Fundraiser,25,1686,Coworking Space,Tokyo,9,1.01,25,Car,388.6,432,Vegetarian,1686,19.59,12.55,37960.7
Conference,Networking Event,9,1444,Hotel,London,37,1.75,9,Train,184.69,349,Non-Vegetarian,1444,18.18,31.89,8023.79
Lancement de Produit,Workshop,27,257,Hotel,Sydney,31,1.61,27,Walking,246.13,314,Non-Vegetarian,257,2.81,16.94,1612.79
Team Building,Corporate Training,16,1045,Coworking Space,New York,25,0.5,16,Bus,327.59,159,Vegan,1045,10.12,17.81,4326.07
Séminaire,Corporate Training,38,196,Convention Center,Tokyo,26,1.62,38,Car,127.98,452,Mixed,196,2.35,28.26,13499.36
Conférence,Product Launch,33,315,Office,Tokyo,50,0.39,33,Train,255.68,131,Non-Vegetarian,315,1.38,19.54,2805.85
Fundraiser,Board Meeting,2,1444,Coworking Space,London,38,0.94,2,Bicycle,114.1,307,Non-Vegetarian,1444,9.97,2.08,5113.82
Trade Show,Trade Show,3,1991,Convention Center,Sydney,20,0.87,3,Plane,497.15,13,Vegetarian,1991,11.14,6.4,4663.42
Board Meeting,Team Building,42,1760,Hotel,Tokyo,14,0.41,42,Car,308.64,416,Vegetarian,1760,17.73,25.26,29809.31
Product Launch,Seminar,3,976,Coworking Space,New York,42,1.43,3,Plane,208.13,283,Mixed,976,5.92,8.9,17284.93
Workshop,Conference,31,984,Convention Center,Sydney,40,0.71,31,Plane,301.11,215,Non-Vegetarian,984,18.7,30.26,20166.78
Conference,Networking Event,16,1918,Outdoor,New York,15,1.94,16,Plane,94.54,473,Vegetarian,1918,1.62,9.81,14312.02
Corporate Training,Fundraiser,29,1810,Outdoor,New York,36,0.26,29,Car,378.85,37,Mixed,1810,11.36,37.78,7702.66
Corporate Training,Workshop,17,225,Hotel,New York,42,0.45,17,Bicycle,224.18,77,Vegetarian,225,5.25,21.01,550.67
Seminar,Seminar,40,1785,Convention Center,New York,36,1.14,40,Bus,234.44,132,Vegetarian,1785,11.22,33.55,5444.6
Événement de Bienfaisance,Conference,17,758,Coworking Space,Dubai,14,1.88,17,Car,312.49,320,Mixed,758,5.29,47.01,23222.65
Fundraiser,Networking Event,44,453,Hotel,Dubai,28,0.36,44,Bicycle,407.1,499,Vegetarian,453,4.51,18.04,946.36
Conférence,Networking Event,2,438,Outdoor,New York,35,1.19,2,Plane,164.74,86,Non-Vegetarian,438,7.5,46.02,5223.6
Séminaire,Team Building,15,1521,Convention Center,London,16,0.49,15,Walking,195.98,105,Mixed,1521,17.3,11.42,3918.74
Conférence,Team Building,45,838,Convention Center,Paris,34,0.75,45,Walking,100.47,203,Vegetarian,838,12.35,49.46,1954.37
Networking Event,Workshop,11,555,Coworking Space,Tokyo,8,0.94,11,Walking,3.96,73,Vegetarian,555,13.72,17.23,935.76
Networking Event,Product Launch,13,1252,Office,London,28,0.75,13,Bus,116.24,208,Vegetarian,1252,7.65,1.6,3483.68
Séminaire,Seminar,8,1593,Hotel,Tokyo,29,0.1,8,Bicycle,231.87,92,Vegetarian,1593,2.04,40.57,2486.32
Lancement de Produit,Board Meeting,45,1536,Outdoor,Tokyo,12,0.59,45,Train,243.1,383,Non-Vegetarian,1536,11.62,8.66,9300.15
Atelier,Trade Show,8,1033,Office,Tokyo,34,0.36,8,Bicycle,101.13,303,Non-Vegetarian,1033,11.98,2.07,3692.56
Product Launch,Trade Show,9,1585,Office,Sydney,38,0.91,9,Bus,96.24,232,Vegan,1585,14.7,40.65,3190.97
Atelier,Product Launch,28,1827,Hotel,Dubai,11,1.27,28,Walking,205.51,131,Vegan,1827,1.72,13.42,2052.86
Product Launch,Product Launch,26,597,Office,Sydney,50,1.74,26,Bus,147.72,442,Vegan,597,11.92,6.12,5681.61
Networking Event,Trade Show,1,448,Office,Sydney,45,1.59,1,Train,424.93,245,Vegetarian,448,10.26,43.77,4980.15
Événement de Bienfaisance,Fundraiser,43,905,Office,Sydney,11,0.46,43,Bus,262.43,289,Vegetarian,905,1.29,3.25,6025.91
Lancement de Produit,Workshop,35,73,Coworking Space,Paris,46,1.47,35,Train,249.33,489,Non-Vegetarian,73,19.78,45.5,6446.3
Événement de Bienfaisance,Product Launch,3,655,Outdoor,London,36,0.62,3,Bicycle,311.69,224,Mixed,655,4.71,9.2,1698.8
Événement de Bienfaisance,Board Meeting,46,650,Convention Center,New York,37,0.8,46,Train,128.68,484,Non-Vegetarian,650,2.45,15.55,5483.04
Séminaire,Fundraiser,25,1592,Hotel,Paris,31,1.32,25,Bicycle,51.34,176,Vegan,1592,13.47,19.38,2169.2
Conférence,Fundraiser,32,881,Outdoor,London,24,0.94,32,Walking,474.82,393,Non-Vegetarian,881,6.64,34.28,3526.3
Formation,Board Meeting,37,1593,Office,London,21,1.09,37,Car,331.03,97,Vegan,1593,16.4,31.96,8856.27
Workshop,Product Launch,40,1938,Convention Center,London,48,0.19,40,Bicycle,467.21,362,Non-Vegetarian,1938,11.54,29.98,7048.44
Seminar,Corporate Training,45,364,Hotel,Tokyo,34,1.85,45,Walking,346.31,453,Non-Vegetarian,364,12.09,18.42,2750.27
Lancement de Produit,Team Building,47,1521,Office,Dubai,13,0.25,47,Bicycle,210.07,431,Non-Vegetarian,1521,10.48,27.23,5475.3
Product Launch,Team Building,32,583,Coworking Space,Paris,36,0.32,32,Bus,399.25,413,Vegetarian,583,15.84,21.49,11026.89
Networking Event,Fundraiser,44,597,Hotel,Berlin,45,1.16,44,Bus,158.56,470,Vegan,597,18.31,7.98,6269.37
Événement de Bienfaisance,Networking Event,24,1893,Convention Center,Tokyo,15,0.29,24,Bus,382.76,334,Mixed,1893,15.77,17.62,12521.99
Product Launch,Product Launch,34,29,Office,Tokyo,16,1.39,34,Bus,106.96,352,Vegetarian,29,19.14,18.03,2754.92
Atelier,Workshop,16,161,Outdoor,Sydney,44,1.66,16,Train,391.29,188,Non-Vegetarian,161,4.03,17.49,4133.36
Workshop,Trade Show,36,1613,Office,New York,15,0.26,36,Walking,94.62,213,Vegan,1613,5.49,34.57,1763.32
Événement de Bienfaisance,Product Launch,39,80,Outdoor,Paris,15,1.73,39,Train,234.57,172,Vegetarian,80,18.52,19.03,2314.97
Lancement de Produit,Corporate Training,33,1797,Outdoor,Sydney,16,0.78,33,Car,403.12,111,Non-Vegetarian,1797,4.43,44.05,15989.11
Networking,Networking Event,48,403,Office,Paris,42,1.52,48,Bicycle,385.75,24,Non-Vegetarian,403,9.64,29.05,3020.04
Séminaire,Board Meeting,16,1458,Coworking Space,Sydney,32,1.96,16,Plane,476.86,276,Non-Vegetarian,1458,14.9,37.14,38612.18
Formation,Conference,6,568,Convention Center,Tokyo,7,0.7,6,Car,456.4,99,Vegetarian,568,17.54,9.04,10408.42
Événement de Bienfaisance,Corporate Training,46,1377,Coworking Space,Tokyo,41,0.32,46,Walking,343.46,474,Non-Vegetarian,1377,16.4,13.45,5180.96
Seminar,Team Building,23,62,Office,London,11,1.34,23,Walking,220.9,415,Vegetarian,62,11.04,31.24,347.07
Conference,Board Meeting,43,1642,Convention Center,Tokyo,30,1.32,43,Bicycle,159.58,124,Vegetarian,1642,8.23,18.55,3367.96
Lancement de Produit,Networking Event,13,1869,Hotel,London,19,1.49,13,Car,455.88,133,Vegan,1869,17.58,41.24,14903.38
Seminar,Fundraiser,28,1794,Coworking Space,Tokyo,28,0.45,28,Train,188.43,285,Vegan,1794,4.86,31.56,4191.34
Lancement de Produit,Fundraiser,29,1520,Coworking Space,Sydney,16,1.54,29,Car,370.35,378,Vegan,1520,17.6,6.52,31323.9
Événement de Bienfaisance,Trade Show,22,349,Hotel,New York,10,0.15,22,Car,71.31,351,Non-Vegetarian,349,16.67,16.9,6561.4
Formation,Fundraiser,11,110,Outdoor,London,24,0.7,11,Car,335.32,464,Mixed,110,19.75,1.63,33083.74
Workshop,Trade Show,11,1100,Office,Berlin,24,0.52,11,Plane,250.03,327,Vegetarian,1100,10.85,44.93,22270.15
Conférence,Corporate Training,21,1150,Convention Center,Paris,26,1.77,21,Plane,240.03,132,Non-Vegetarian,1150,15.41,38.23,12536.48
Workshop,Seminar,24,542,Office,Paris,10,0.9,24,Car,380.06,392,Vegan,542,17.53,5.76,31983.12
Conference,Conference,46,557,Convention Center,Tokyo,29,1.43,46,Train,210.87,169,Non-Vegetarian,557,14.7,41.35,4440.89
Fundraiser,Conference,15,637,Hotel,Dubai,50,0.87,15,Bus,42.93,422,Vegetarian,637,7.75,38.01,2460.26
Trade Show,Board Meeting,14,1371,Office,London,26,1.64,14,Walking,33.48,277,Vegetarian,1371,15.54,6.94,2399.94
Networking,Board Meeting,25,1719,Hotel,Sydney,48,0.63,25,Bus,226.58,315,Non-Vegetarian,1719,3.94,41.94,10768.62
Trade Show,Corporate Training,9,891,Convention Center,Tokyo,18,0.79,9,Car,169.34,199,Non-Vegetarian,891,12.09,13.3,10309.99
Workshop,Networking Event,31,1486,Office,Berlin,46,0.76,31,Car,60.82,348,Vegan,1486,18.34,21.07,6551.43
Workshop,Workshop,13,1325,Convention Center,New York,10,0.18,13,Plane,460.99,38,Vegan,1325,3.54,3.62,5730.42
Réunion du Conseil,Workshop,4,1246,Hotel,Sydney,9,1.45,4,Walking,393.12,455,Mixed,1246,0.63,42.47,3227.3
Formation,Networking Event,26,547,Hotel,Tokyo,33,0.62,26,Walking,431.69,10,Non-Vegetarian,547,5.43,25.1,2241.54
Séminaire,Trade Show,43,956,Coworking Space,Paris,32,0.28,43,Bus,310.32,201,Non-Vegetarian,956,19.12,17.23,7353.8
Lancement de Produit,Conference,6,863,Hotel,Dubai,16,1.79,6,Train,203.49,43,Non-Vegetarian,863,8.69,46.25,3566.3
Atelier,Fundraiser,15,595,Office,London,32,0.27,15,Train,415.83,33,Vegetarian,595,18.89,15.76,1575.5
Trade Show,Conference,16,777,Outdoor,Berlin,22,1.05,16,Bicycle,1.96,29,Vegetarian,777,11.68,49.37,1472.4
Corporate Training,Conference,5,1612,Office,Tokyo,40,0.76,5,Walking,213.62,150,Mixed,1612,3.72,12.81,4139.06
Fundraiser,Trade Show,7,250,Outdoor,Dubai,33,1.7,7,Plane,100.79,404,Vegetarian,250,5.32,30.17,10822.12
Trade Show,Corporate Training,23,153,Convention Center,Sydney,22,0.8,23,Bus,107.08,146,Mixed,153,19.59,5.99,1574.08
Conférence,Networking Event,3,1952,Hotel,Paris,8,1.95,3,Plane,348.02,342,Vegan,1952,14.88,18.03,31796.93
Seminar,Board Meeting,17,979,Coworking Space,Dubai,13,0.66,17,Car,140.21,230,Mixed,979,14.28,24.13,9369.39
Conference,Conference,8,434,Outdoor,Tokyo,16,1.5,8,Bus,484.03,294,Non-Vegetarian,434,13.64,47.84,10276.25
Workshop,Networking Event,27,189,Coworking Space,Sydney,32,1.68,27,Car,199.31,183,Mixed,189,1.5,26.7,8914.14
Team Building,Conference,47,1894,Outdoor,Berlin,38,1.59,47,Bus,240.97,489,Mixed,1894,12.61,37.93,13326.01
Team Building,Networking Event,20,993,Convention Center,London,41,1.06,20,Bicycle,175.05,88,Non-Vegetarian,993,12.62,43.96,4023.26
Board Meeting,Seminar,48,129,Hotel,Tokyo,44,1.43,48,Train,397.94,487,Mixed,129,9.46,41.19,9685.75
Formation,Corporate Training,46,1983,Hotel,Paris,45,0.54,46,Train,186.74,432,Non-Vegetarian,1983,12.13,47.52,10845.57
Atelier,Workshop,41,204,Coworking Space,Berlin,13,0.19,41,Bicycle,7.32,335,Mixed,204,16.39,4.95,603.31
Seminar,Board Meeting,23,764,Coworking Space,Sydney,30,1.57,23,Bus,74.8,361,Mixed,764,13.72,8.08,4115.42
Product Launch,Trade Show,7,1907,Convention Center,New York,17,0.81,7,Bicycle,392.3,49,Mixed,1907,17.28,44.39,4939.03
Lancement de Produit,Fundraiser,42,1128,Outdoor,Berlin,46,1.7,42,Bicycle,393.06,485,Non-Vegetarian,1128,3.73,6.18,5610.02
Product Launch,Team Building,7,1849,Hotel,Sydney,28,1.16,7,Walking,147.88,239,Vegan,1849,12.34,45.68,2078.72
Formation,Corporate Training,42,343,Coworking Space,Sydney,16,1.79,42,Bicycle,58.94,383,Vegetarian,343,16.64,49.26,1247.74
Formation,Board Meeting,10,1952,Hotel,Sydney,6,0.91,10,Walking,262.12,138,Mixed,1952,17.24,33.37,5008.52
Trade Show,Networking Event,6,276,Office,Berlin,37,1.31,6,Train,119.81,65,Non-Vegetarian,276,1.22,45.19,1515.74
Seminar,Networking Event,40,449,Convention Center,Tokyo,9,0.48,40,Bicycle,83.67,198,Non-Vegetarian,449,8.07,19.83,1713.7
Product Launch,Board Meeting,42,1561,Office,Paris,33,1.21,42,Bus,66.87,232,Non-Vegetarian,1561,14.4,23.47,7308.6
Seminar,Fundraiser,41,922,Convention Center,New York,19,1.8,41,Train,9.38,183,Vegan,922,3.67,44.07,1787.24
Networking Event,Fundraiser,36,1561,Coworking Space,New York,38,1.82,36,Train,292.35,311,Non-Vegetarian,1561,10.49,17.55,10401.29
Réunion du Conseil,Conference,47,1749,Office,Paris,45,1.26,47,Walking,165.92,237,Vegetarian,1749,16.24,18.41,4025.25
Séminaire,Corporate Training,37,1090,Convention Center,Dubai,34,0.81,37,Walking,444.38,370,Vegan,1090,16.49,42.94,1718.35
Trade Show,Fundraiser,10,164,Hotel,Paris,17,1.62,10,Bicycle,325.61,155,Vegetarian,164,12.75,7.41,424.02
Atelier,Networking Event,19,360,Office,Sydney,50,1.29,19,Walking,120.58,496,Vegan,360,7.78,47.91,1084.13
Conférence,Trade Show,14,437,Convention Center,Berlin,50,1.83,14,Bicycle,286.97,308,Vegetarian,437,5.73,19.8,1347.06
Team Building,Corporate Training,22,715,Outdoor,New York,8,1.2,22,Bicycle,250.42,114,Vegetarian,715,16.23,16.73,1244.02
Réunion du Conseil,Corporate Training,2,178,Outdoor,Sydney,30,0.2,2,Walking,179.11,19,Vegan,178,17.04,41.11,300.3
Atelier,Fundraiser,33,1722,Coworking Space,Tokyo,25,1.45,33,Train,476.86,191,Mixed,1722,7.49,6.52,8574.36
Seminar,Fundraiser,42,401,Convention Center,Dubai,36,1.31,42,Car,98.64,277,Mixed,401,8.93,25.54,7799.69
Trade Show,Corporate Training,6,1027,Hotel,Paris,7,0.49,6,Plane,137.03,135,Mixed,1027,7.01,40.24,7297.05
Product Launch,Fundraiser,6,184,Outdoor,New York,34,1.54,6,Bicycle,89.1,376,Vegan,184,7.1,5.84,366.96
Board Meeting,Product Launch,33,764,Convention Center,Dubai,31,1.54,33,Bus,167.62,410,Vegan,764,16.01,6.93,5721.04
Formation,Workshop,32,1864,Convention Center,Tokyo,27,1.92,32,Plane,475.16,82,Non-Vegetarian,1864,9.43,36.51,17186.1
Conference,Seminar,4,1480,Hotel,Dubai,49,1.18,4,Bus,311.14,266,Vegan,1480,18.4,11.06,6620.35
Networking,Networking Event,1,520,Convention Center,London,34,1.43,1,Bus,119.68,137,Mixed,520,4.93,40.09,2398.12
Networking,Trade Show,9,579,Hotel,Tokyo,40,1.14,9,Plane,382.56,245,Vegetarian,579,2.86,21.5,24554.22
Trade Show,Workshop,6,488,Office,Sydney,11,0.2,6,Bus,13.37,117,Non-Vegetarian,488,4.42,12.28,1841.86
Workshop,Board Meeting,14,1033,Convention Center,Sydney,12,1.46,14,Train,308.22,222,Non-Vegetarian,1033,17.84,29.42,6569.65
Conférence,Trade Show,46,533,Coworking Space,Tokyo,27,0.88,46,Bicycle,278.51,188,Vegan,533,10.92,29.47,1160.26
Atelier,Networking Event,1,1130,Hotel,Paris,39,0.74,1,Train,382.17,35,Mixed,1130,2.13,43.5,3465.73
Séminaire,Fundraiser,46,1952,Hotel,Dubai,45,0.85,46,Train,405.64,101,Vegetarian,1952,4.27,32.39,5519.86
Lancement de Produit,Corporate Training,22,1813,Hotel,Berlin,36,0.33,22,Train,481.49,408,Vegan,1813,2.7,16.97,9840.94
Corporate Training,Board Meeting,29,1480,Outdoor,London,5,1.74,29,Walking,62.37,203,Vegetarian,1480,5.97,43.39,2444.87
Événement de Bienfaisance,Networking Event,37,609,Coworking Space,London,40,0.7,37,Walking,217.68,326,Non-Vegetarian,609,14.35,14.38,2706.96
Atelier,Board Meeting,21,1305,Hotel,Dubai,38,0.34,21,Train,408.47,145,Mixed,1305,12.24,5.55,5802.87
Team Building,Networking Event,48,865,Outdoor,Tokyo,28,0.84,48,Walking,218.15,477,Vegan,865,19.1,49.62,1566.92
Board Meeting,Board Meeting,12,1919,Outdoor,Sydney,45,1.32,12,Train,430.54,135,Mixed,1919,2.69,29.66,7543.52
Trade Show,Board Meeting,15,1404,Outdoor,Dubai,7,1.5,15,Bicycle,395.78,254,Non-Vegetarian,1404,12.1,30.12,5077.19
Product Launch,Board Meeting,34,974,Coworking Space,Paris,32,0.38,34,Bicycle,235.8,231,Non-Vegetarian,974,16.78,21.4,3692.08
Fundraiser,Product Launch,14,1660,Convention Center,Paris,9,0.32,14,Bus,14.43,411,Non-Vegetarian,1660,10.66,12.64,6232.6
Networking Event,Product Launch,26,1685,Coworking Space,Dubai,19,0.65,26,Walking,209.26,185,Vegan,1685,14.45,6.39,1887.23
Fundraiser,Trade Show,42,1106,Outdoor,New York,7,0.76,42,Walking,406.29,122,Non-Vegetarian,1106,8.91,1.89,4004.32
Séminaire,Fundraiser,39,1363,Convention Center,Berlin,41,1.81,39,Walking,364.64,327,Non-Vegetarian,1363,11.78,48.39,6337.94
Conference,Fundraiser,43,376,Office,Sydney,24,1.64,43,Train,397.04,499,Vegetarian,376,15.44,12.41,9390.86
Formation,Product Launch,29,816,Office,London,47,0.7,29,Walking,68.45,459,Non-Vegetarian,816,4.04,2.63,3346.39
Séminaire,Seminar,12,463,Convention Center,Tokyo,9,1.81,12,Bicycle,162.25,346,Vegetarian,463,7.0,28.11,862.46
Seminar,Seminar,30,589,Outdoor,Berlin,10,1.44,30,Car,338.91,100,Mixed,589,9.33,43.52,8911.31
Fundraiser,Seminar,27,1172,Outdoor,London,10,1.38,27,Bus,34.13,37,Mixed,1172,17.69,28.24,3283.93
Conference,Networking Event,15,1185,Coworking Space,Berlin,16,1.96,15,Bus,473.12,377,Vegetarian,1185,6.36,4.02,12735.43
Fundraiser,Team Building,3,319,Office,Tokyo,15,1.37,3,Bicycle,475.09,87,Non-Vegetarian,319,14.94,9.65,1196.51
Networking,Networking Event,7,1798,Hotel,Tokyo,5,1.5,7,Bicycle,114.27,481,Mixed,1798,18.69,14.89,4588.41
Formation,Trade Show,6,1226,Coworking Space,Berlin,20,0.63,6,Walking,45.88,107,Mixed,1226,19.26,36.89,3215.1
Workshop,Team Building,24,70,Hotel,Dubai,35,1.8,24,Walking,18.45,466,Vegetarian,70,6.25,48.09,969.68
Conference,Trade Show,9,60,Hotel,Berlin,24,0.43,9,Walking,115.88,352,Non-Vegetarian,60,9.1,1.72,278.08
Fundraiser,Networking Event,6,1958,Convention Center,Paris,19,1.63,6,Car,430.53,79,Vegan,1958,4.72,3.46,9209.76
Board Meeting,Trade Show,30,818,Outdoor,Sydney,46,1.91,30,Plane,174.58,13,Vegan,818,7.34,19.3,2756.57
Networking Event,Team Building,15,1538,Coworking Space,Tokyo,37,1.5,15,Plane,154.21,496,Mixed,1538,2.15,41.24,23470.07
Networking Event,Conference,30,757,Hotel,London,42,0.62,30,Plane,199.3,97,Mixed,757,10.96,16.74,7171.53
Lancement de Produit,Team Building,30,1101,Office,London,47,0.42,30,Bicycle,245.02,373,Vegan,1101,12.08,47.15,1515.56
Événement de Bienfaisance,Board Meeting,3,1539,Hotel,New York,14,0.32,3,Car,193.29,70,Vegan,1539,18.51,31.18,4486.46
Networking Event,Product Launch,1,386,Convention Center,Berlin,15,0.48,1,Plane,393.43,196,Non-Vegetarian,386,14.3,13.28,20687.83
Team Building,Fundraiser,21,1420,Coworking Space,New York,33,1.75,21,Bus,57.6,123,Non-Vegetarian,1420,9.7,10.93,6042.72
Conference,Conference,30,929,Outdoor,Berlin,36,1.07,30,Bus,472.44,234,Non-Vegetarian,929,19.98,23.42,10549.16
Fundraiser,Seminar,9,1457,Office,New York,31,0.53,9,Plane,424.06,243,Mixed,1457,14.14,48.22,29602.8
Seminar,Fundraiser,5,1928,Outdoor,Dubai,42,1.07,5,Train,15.83,446,Non-Vegetarian,1928,11.29,2.79,7170.92
Seminar,Networking Event,16,807,Convention Center,Berlin,11,1.99,16,Train,44.35,285,Vegan,807,13.89,20.84,1557.17
Board Meeting,Seminar,27,860,Outdoor,Sydney,44,0.19,27,Car,68.55,261,Mixed,860,15.95,7.79,6067.57
Networking,Team Building,36,1153,Office,New York,19,1.03,36,Walking,460.27,423,Vegetarian,1153,16.9,14.12,2143.8
Événement de Bienfaisance,Team Building,33,1370,Hotel,Tokyo,20,0.66,33,Walking,83.56,473,Vegan,1370,15.63,9.59,1638.24
Team Building,Team Building,12,43,Outdoor,Berlin,33,1.16,12,Train,324.43,483,Vegan,43,5.38,28.72,6608.87
Seminar,Product Launch,12,862,Hotel,New York,26,1.22,12,Walking,97.66,449,Mixed,862,17.05,24.38,2428.18
Conférence,Corporate Training,26,878,Coworking Space,Dubai,5,1.1,26,Plane,422.52,208,Vegan,878,12.97,26.28,22999.04
Networking,Board Meeting,7,1475,Coworking Space,New York,15,1.9,7,Plane,424.25,81,Vegan,1475,9.02,30.19,10244.23
Workshop,Team Building,36,219,Convention Center,Dubai,23,1.91,36,Car,363.5,45,Vegan,219,19.01,1.17,4485.17
Product Launch,Fundraiser,10,1407,Coworking Space,Sydney,49,0.95,10,Bicycle,474.51,42,Non-Vegetarian,1407,3.5,25.76,5215.77
Networking Event,Product Launch,45,1868,Office,Sydney,17,1.2,45,Walking,19.02,293,Non-Vegetarian,1868,3.55,35.81,7075.72
Lancement de Produit,Fundraiser,15,1952,Hotel,Dubai,45,0.26,15,Walking,376.9,213,Vegetarian,1952,10.56,36.49,3109.85
Team Building,Product Launch,11,1725,Office,London,13,1.76,11,Walking,214.12,412,Mixed,1725,17.28,39.86,4552.62
Événement de Bienfaisance,Networking Event,22,1016,Hotel,New York,29,0.38,22,Bicycle,40.72,433,Vegetarian,1016,2.59,36.11,1722.62
Team Building,Board Meeting,48,968,Hotel,Sydney,49,0.48,48,Walking,231.33,269,Vegetarian,968,15.3,15.92,2078.92
Seminar,Board Meeting,16,601,Coworking Space,Dubai,25,0.41,16,Bus,357.44,104,Non-Vegetarian,601,2.0,46.44,4512.81
Lancement de Produit,Team Building,9,1842,Office,Tokyo,9,1.61,9,Walking,392.33,283,Vegan,1842,14.65,20.05,1976.61
Fundraiser,Corporate Training,1,1783,Hotel,New York,50,1.65,1,Walking,254.93,215,Mixed,1783,6.43,2.32,4516.25
Fundraiser,Fundraiser,3,177,Hotel,Paris,7,1.28,3,Train,156.45,462,Non-Vegetarian,177,18.35,15.05,3590.94
Board Meeting,Product Launch,43,1035,Hotel,New York,48,1.96,43,Bicycle,497.54,402,Mixed,1035,2.14,40.85,4696.2
Board Meeting,Corporate Training,9,515,Hotel,Berlin,46,1.65,9,Bus,32.12,266,Vegetarian,515,18.64,36.27,1736.51
Atelier,Seminar,22,911,Office,Tokyo,39,0.63,22,Walking,1.96,433,Mixed,911,5.87,11.13,2581.77
Conférence,Conference,10,1616,Outdoor,Dubai,33,1.43,10,Bus,152.81,165,Non-Vegetarian,1616,6.7,10.55,7439.27
Conférence,Networking Event,23,1864,Convention Center,London,6,0.96,23,Bus,20.45,99,Mixed,1864,10.45,13.54,4895.69
Board Meeting,Seminar,45,180,Hotel,Sydney,7,1.08,45,Plane,126.91,216,Vegetarian,180,4.22,13.06,7327.8
Product Launch,Product Launch,43,1770,Outdoor,Berlin,21,1.28,43,Train,461.71,427,Non-Vegetarian,1770,13.31,37.14,14759.83
Conference,Networking Event,31,1401,Outdoor,London,31,0.85,31,Car,142.78,133,Vegetarian,1401,2.75,5.74,6514.75
Seminar,Product Launch,42,1671,Outdoor,New York,12,0.83,42,Train,213.26,380,Vegan,1671,1.71,25.12,5175.37
Réunion du Conseil,Conference,37,1517,Hotel,Dubai,6,0.36,37,Bicycle,470.07,45,Non-Vegetarian,1517,4.66,10.8,5380.38
Événement de Bienfaisance,Workshop,28,1554,Convention Center,Dubai,32,1.74,28,Bicycle,338.48,54,Non-Vegetarian,1554,5.54,43.02,6315.64
Réunion du Conseil,Trade Show,28,390,Hotel,London,33,0.91,28,Plane,95.17,14,Vegan,390,5.21,31.68,1217.3
Seminar,Team Building,34,839,Coworking Space,Tokyo,14,0.15,34,Walking,341.11,357,Mixed,839,11.62,7.07,2170.58
Trade Show,Networking Event,19,1857,Convention Center,London,7,1.42,19,Plane,296.39,233,Mixed,1857,12.68,27.39,22081.79
Networking,Trade Show,1,1279,Coworking Space,Berlin,9,1.01,1,Bus,25.22,233,Non-Vegetarian,1279,14.71,23.52,4910.08
Lancement de Produit,Board Meeting,12,1560,Outdoor,Tokyo,11,0.59,12,Walking,88.45,17,Mixed,1560,16.71,24.44,4021.24
Fundraiser,Board Meeting,34,1241,Hotel,Sydney,27,1.12,34,Bus,397.09,418,Vegetarian,1241,18.07,1.23,12373.2
Lancement de Produit,Seminar,2,1138,Coworking Space,Sydney,14,0.84,2,Bicycle,417.13,313,Vegetarian,1138,5.59,18.45,1766.84
Séminaire,Team Building,23,1365,Outdoor,Sydney,45,0.24,23,Train,492.4,264,Mixed,1365,3.58,22.4,8788.4
Lancement de Produit,Conference,8,1433,Office,Dubai,5,1.79,8,Train,442.36,67,Vegan,1433,8.08,40.17,2750.82
Formation,Product Launch,25,1607,Outdoor,New York,10,0.59,25,Plane,250.21,101,Mixed,1607,12.2,7.9,10449.25
Séminaire,Seminar,27,667,Convention Center,Berlin,28,1.87,27,Bicycle,497.86,452,Vegetarian,667,15.88,10.92,1760.96
Conférence,Team Building,37,574,Coworking Space,New York,6,0.12,37,Train,268.55,481,Non-Vegetarian,574,5.59,30.7,7261.8
Team Building,Board Meeting,15,1681,Office,Dubai,19,0.39,15,Bicycle,119.29,255,Non-Vegetarian,1681,14.44,3.63,5975.22
Séminaire,Product Launch,12,555,Convention Center,New York,38,0.55,12,Car,253.5,29,Vegan,555,13.15,21.26,2293.04
Événement de Bienfaisance,Corporate Training,13,434,Convention Center,Berlin,8,0.63,13,Walking,349.81,34,Vegetarian,434,19.61,7.4,737.78
Seminar,Corporate Training,29,1070,Outdoor,London,43,0.15,29,Plane,400.85,102,Vegetarian,1070,9.21,35.33,12009.28
Networking,Corporate Training,17,1689,Convention Center,New York,9,1.06,17,Plane,116.4,104,Vegetarian,1689,0.7,1.4,5645.19
Conférence,Corporate Training,14,1684,Office,New York,34,0.46,14,Bus,36.41,397,Vegetarian,1684,4.77,9.63,3531.57
Atelier,Conference,13,497,Convention Center,Dubai,10,0.31,13,Plane,93.23,262,Vegetarian,497,2.72,17.08,6911.82
Networking Event,Seminar,26,628,Office,Tokyo,10,0.54,26,Bus,259.01,153,Non-Vegetarian,628,4.25,9.17,4672.75
Réunion du Conseil,Corporate Training,26,1236,Convention Center,Paris,23,0.5,26,Plane,352.77,186,Non-Vegetarian,1236,8.54,47.59,20991.56
Événement de Bienfaisance,Team Building,16,1786,Convention Center,New York,8,0.32,16,Bus,470.08,114,Vegan,1786,17.53,35.69,5128.27
Événement de Bienfaisance,Networking Event,47,1980,Hotel,Tokyo,8,1.5,47,Plane,494.66,485,Vegetarian,1980,14.76,33.56,63326.17
Réunion du Conseil,Board Meeting,2,1135,Convention Center,New York,13,0.9,2,Bicycle,166.44,28,Vegan,1135,17.38,31.69,1244.84
Team Building,Seminar,8,1908,Outdoor,Berlin,49,1.08,8,Train,165.82,440,Non-Vegetarian,1908,1.77,19.25,9850.15
Lancement de Produit,Corporate Training,1,1314,Hotel,Dubai,17,0.81,1,Plane,175.21,73,Vegetarian,1314,12.99,40.88,5283.21
Networking,Conference,1,995,Convention Center,London,31,1.39,1,Train,441.82,21,Mixed,995,12.85,30.58,2967.03
Conférence,Trade Show,20,1009,Hotel,Berlin,15,1.84,20,Car,391.81,140,Mixed,1009,5.65,44.92,14418.85
Réunion du Conseil,Trade Show,30,1199,Hotel,Paris,41,1.08,30,Walking,326.54,345,Vegan,1199,2.22,47.17,1961.98
Atelier,Conference,1,1354,Office,Tokyo,48,1.45,1,Bicycle,499.66,128,Vegan,1354,5.46,43.09,1485.9
Workshop,Fundraiser,34,1890,Convention Center,New York,28,1.85,34,Plane,168.55,355,Vegetarian,1890,9.84,10.43,18714.95
Lancement de Produit,Networking Event,1,214,Coworking Space,Tokyo,24,1.66,1,Train,339.69,234,Vegan,214,3.77,17.44,3455.84
Product Launch,Workshop,18,638,Hotel,Dubai,22,0.96,18,Plane,9.48,454,Mixed,638,6.11,41.74,2956.76
Board Meeting,Board Meeting,20,1060,Hotel,Dubai,36,0.83,20,Walking,340.1,65,Vegan,1060,12.39,37.14,1457.86
Board Meeting,Seminar,35,1589,Coworking Space,New York,41,0.14,35,Plane,262.16,151,Mixed,1589,5.02,48.53,14076.59
Seminar,Seminar,40,1208,Hotel,Sydney,39,1.2,40,Car,323.11,263,Vegan,1208,11.59,7.95,20028.45
Trade Show,Workshop,16,1980,Office,London,29,1.34,16,Walking,482.92,198,Vegan,1980,2.9,32.56,2361.8
Séminaire,Product Launch,45,1308,Hotel,Sydney,42,1.28,45,Walking,253.39,371,Vegan,1308,12.53,49.47,2641.6
Board Meeting,Corporate Training,28,298,Convention Center,New York,48,1.67,28,Train,152.22,416,Vegan,298,4.74,28.75,4020.16
Conférence,Conference,14,352,Hotel,London,25,0.69,14,Bus,64.12,278,Mixed,352,8.57,21.89,2131.19
Product Launch,Team Building,35,1272,Convention Center,Sydney,21,0.35,35,Car,456.75,33,Non-Vegetarian,1272,9.45,34.76,7834.32
Lancement de Produit,Seminar,1,24,Convention Center,London,38,1.63,1,Bicycle,141.98,350,Mixed,24,12.38,8.23,132.19
Team Building,Board Meeting,39,709,Outdoor,Sydney,30,0.55,39,Car,324.96,310,Vegetarian,709,19.55,29.38,22638.01
Board Meeting,Board Meeting,35,696,Office,New York,41,0.37,35,Bus,432.95,489,Vegan,696,8.76,43.42,13768.59
Atelier,Team Building,13,1477,Outdoor,New York,40,1.19,13,Bus,94.76,384,Non-Vegetarian,1477,18.55,3.83,7706.93
Réunion du Conseil,Fundraiser,37,37,Outdoor,Dubai,29,1.78,37,Bus,346.29,244,Non-Vegetarian,37,16.05,39.55,6265.36
Networking Event,Workshop,23,190,Coworking Space,Berlin,22,1.47,23,Train,283.02,159,Vegetarian,190,7.19,16.69,2504.68
Conference,Conference,6,1352,Convention Center,Paris,50,1.48,6,Car,496.89,347,Mixed,1352,10.59,7.85,39847.25
Événement de Bienfaisance,Corporate Training,4,1188,Coworking Space,New York,33,1.32,4,Plane,153.7,318,Vegan,1188,1.15,19.98,13536.53
Événement de Bienfaisance,Conference,22,1538,Outdoor,Sydney,36,0.71,22,Train,352.72,122,Vegetarian,1538,7.1,48.43,4420.49
Conférence,Seminar,47,1788,Outdoor,Sydney,43,0.1,47,Bicycle,51.67,299,Non-Vegetarian,1788,15.56,45.16,6480.49
Atelier,Fundraiser,22,1758,Office,Dubai,27,1.61,22,Train,4.43,247,Vegan,1758,0.85,4.66,2290.96
Trade Show,Networking Event,23,1250,Convention Center,New York,9,0.57,23,Bicycle,241.41,355,Mixed,1250,12.56,29.97,3269.05
Corporate Training,Workshop,5,1990,Office,Dubai,24,0.51,5,Train,231.36,353,Mixed,1990,7.47,15.74,8318.82
Workshop,Networking Event,28,225,Office,London,39,1.51,28,Car,433.12,240,Non-Vegetarian,225,13.83,3.9,23476.67
Workshop,Workshop,44,802,Office,New York,50,1.57,44,Walking,152.84,457,Vegan,802,2.93,4.5,2543.86
Conference,Product Launch,28,1284,Convention Center,Dubai,44,1.45,28,Car,325.3,67,Mixed,1284,0.63,15.63,8712.69
Trade Show,Networking Event,21,1352,Coworking Space,New York,35,0.96,21,Plane,150.92,222,Mixed,1352,11.16,39.82,12210.82
Corporate Training,Corporate Training,33,564,Outdoor,Paris,48,0.32,33,Bicycle,291.74,62,Vegan,564,16.0,19.22,887.88
Formation,Corporate Training,16,458,Office,Dubai,39,1.53,16,Car,150.18,82,Vegetarian,458,9.19,14.32,3797.48
Lancement de Produit,Fundraiser,33,769,Hotel,Berlin,38,1.25,33,Bicycle,96.5,167,Vegan,769,4.96,32.89,1628.45
Réunion du Conseil,Board Meeting,48,372,Hotel,Tokyo,40,1.24,48,Plane,69.12,431,Non-Vegetarian,372,1.6,49.16,10041.6
Board Meeting,Trade Show,8,235,Coworking Space,Sydney,36,1.11,8,Walking,163.28,153,Mixed,235,11.22,31.93,833.64
Événement de Bienfaisance,Conference,13,1699,Hotel,Sydney,46,1.79,13,Train,244.5,375,Non-Vegetarian,1699,8.79,1.59,10169.97
Réunion du Conseil,Product Launch,32,1470,Coworking Space,London,16,1.48,32,Walking,414.4,230,Vegan,1470,19.48,15.29,1918.42
Séminaire,Product Launch,41,1320,Office,New York,15,1.36,41,Plane,437.09,489,Vegan,1320,9.33,16.85,55224.81
Corporate Training,Networking Event,3,353,Hotel,Dubai,45,1.63,3,Plane,403.87,315,Mixed,353,2.62,23.15,32848.83
Conference,Workshop,36,1924,Coworking Space,Sydney,44,1.62,36,Train,344.98,402,Vegetarian,1924,12.53,13.14,9767.66
Conference,Product Launch,11,1602,Outdoor,Berlin,12,1.82,11,Train,122.74,287,Vegan,1602,11.17,3.01,3159.54
Fundraiser,Product Launch,14,1523,Office,Tokyo,15,1.69,14,Train,367.39,12,Mixed,1523,15.9,32.26,4257.62
Événement de Bienfaisance,Board Meeting,17,1971,Outdoor,Sydney,40,1.72,17,Bicycle,65.37,417,Vegan,1971,17.25,44.67,2679.64
Team Building,Networking Event,41,1109,Convention Center,Berlin,38,1.57,41,Bus,424.55,217,Vegan,1109,14.5,46.62,7981.91
Conference,Trade Show,27,57,Coworking Space,Paris,16,1.91,27,Plane,266.99,134,Vegetarian,57,18.7,49.05,9577.73
Product Launch,Trade Show,7,1562,Outdoor,London,21,0.73,7,Walking,228.7,245,Vegan,1562,7.88,17.44,1666.3
Board Meeting,Corporate Training,34,1298,Hotel,Tokyo,46,1.28,34,Bus,416.28,273,Mixed,1298,9.51,26.9,11137.45
Conference,Trade Show,23,144,Hotel,Sydney,41,0.85,23,Car,357.11,409,Vegan,144,14.89,14.05,31274.83
Conference,Workshop,9,665,Coworking Space,Dubai,48,1.46,9,Bus,95.16,336,Non-Vegetarian,665,18.0,31.82,4660.93
Fundraiser,Product Launch,33,645,Outdoor,Tokyo,17,1.75,33,Walking,224.67,326,Mixed,645,9.5,5.85,2134.07
Fundraiser,Team Building,23,1553,Outdoor,London,39,0.11,23,Walking,113.56,87,Non-Vegetarian,1553,9.26,39.36,5582.07
Seminar,Conference,27,981,Coworking Space,Dubai,48,0.39,27,Bus,35.45,198,Vegetarian,981,12.9,18.99,2209.15
Événement de Bienfaisance,Seminar,18,1172,Convention Center,Berlin,20,0.7,18,Car,398.77,473,Non-Vegetarian,1172,16.31,38.81,43948.06
Networking Event,Product Launch,7,821,Outdoor,Dubai,34,1.27,7,Car,152.59,346,Vegan,821,5.42,25.76,12121.68
Networking,Seminar,22,1394,Convention Center,Berlin,8,1.21,22,Walking,60.96,200,Non-Vegetarian,1394,8.13,6.46,5014.66
Fundraiser,Workshop,33,1561,Coworking Space,Berlin,40,0.67,33,Walking,156.68,121,Non-Vegetarian,1561,10.45,30.45,5987.5
Formation,Seminar,13,1957,Office,Sydney,30,1.34,13,Train,289.04,73,Mixed,1957,18.69,33.27,6101.72
Fundraiser,Board Meeting,1,1448,Outdoor,London,21,1.86,1,Bus,180.23,385,Non-Vegetarian,1448,8.63,42.37,9352.84
Réunion du Conseil,Conference,24,1749,Convention Center,New York,27,0.46,24,Bus,46.78,311,Vegetarian,1749,9.8,16.3,3697.65
Conference,Workshop,29,269,Coworking Space,Paris,18,0.84,29,Car,355.92,241,Non-Vegetarian,269,12.36,48.89,19296.35
Networking,Corporate Training,6,1682,Convention Center,New York,34,1.66,6,Car,459.27,16,Vegetarian,1682,1.81,32.31,4303.71
Fundraiser,Conference,30,162,Coworking Space,Tokyo,22,1.85,30,Bus,366.35,407,Mixed,162,8.41,48.31,10075.21
Networking,Product Launch,44,1972,Outdoor,New York,28,0.78,44,Train,344.96,381,Mixed,1972,18.44,31.39,10767.33
Corporate Training,Corporate Training,31,233,Hotel,Tokyo,6,1.52,31,Train,310.1,369,Vegetarian,233,17.46,23.15,5149.16
Networking,Networking Event,16,207,Coworking Space,Berlin,42,1.79,16,Train,317.9,483,Mixed,207,6.42,34.22,7342.05
Product Launch,Fundraiser,24,489,Coworking Space,London,35,1.73,24,Plane,407.75,433,Mixed,489,11.07,12.55,46135.28
Atelier,Product Launch,25,1054,Coworking Space,London,22,0.2,25,Car,330.23,273,Non-Vegetarian,1054,14.51,10.23,22725.57
Formation,Corporate Training,41,1720,Convention Center,New York,46,0.14,41,Car,307.39,273,Vegan,1720,11.25,33.38,19563.95
Conference,Conference,6,1537,Outdoor,Sydney,38,0.4,6,Bus,339.81,126,Vegetarian,1537,13.95,16.56,4981.08
Séminaire,Trade Show,38,1707,Office,Sydney,47,0.71,38,Train,478.13,213,Non-Vegetarian,1707,11.48,11.44,10728.04
Conference,Workshop,7,636,Office,Sydney,27,1.67,7,Car,212.62,375,Vegan,636,5.07,37.74,17623.26
Workshop,Conference,19,296,Hotel,Dubai,48,0.72,19,Plane,315.15,212,Vegetarian,296,6.93,47.98,17585.09
Fundraiser,Team Building,15,1186,Outdoor,New York,15,0.68,15,Bus,320.68,344,Vegetarian,1186,5.01,24.21,8532.78
Workshop,Team Building,30,46,Office,Sydney,13,1.23,30,Bicycle,420.42,139,Mixed,46,12.66,34.89,449.95
Trade Show,Board Meeting,21,101,Office,London,49,0.42,21,Bicycle,74.42,413,Vegan,101,5.63,48.95,426.25
Lancement de Produit,Networking Event,48,663,Hotel,New York,6,0.19,48,Plane,483.26,202,Non-Vegetarian,663,19.0,49.85,26890.19
Conférence,Networking Event,17,855,Convention Center,Paris,25,0.46,17,Plane,131.34,481,Vegetarian,855,3.5,32.85,17246.59
Atelier,Seminar,24,277,Office,New York,42,0.61,24,Bus,293.47,218,Non-Vegetarian,277,13.3,18.7,5179.53
Séminaire,Seminar,40,1207,Outdoor,New York,24,0.74,40,Walking,117.13,90,Non-Vegetarian,1207,16.74,28.87,4670.92
Networking Event,Fundraiser,37,1071,Hotel,Dubai,34,0.19,37,Car,337.96,260,Vegetarian,1071,1.09,22.97,20226.75
Seminar,Board Meeting,18,1539,Outdoor,Tokyo,36,0.66,18,Bicycle,341.13,181,Non-Vegetarian,1539,0.97,47.94,5698.16
Formation,Trade Show,4,1763,Coworking Space,Dubai,49,1.11,4,Plane,133.25,22,Non-Vegetarian,1763,3.26,46.43,7111.53
Networking,Workshop,7,1773,Coworking Space,Sydney,35,1.67,7,Bicycle,210.39,260,Non-Vegetarian,1773,11.56,5.63,6444.45
Board Meeting,Trade Show,32,166,Hotel,Dubai,13,0.68,32,Car,304.16,14,Non-Vegetarian,166,1.0,46.62,1711.91
Seminar,Corporate Training,19,1082,Outdoor,Sydney,38,1.97,19,Car,360.53,36,Vegan,1082,5.03,19.69,4568.22
Séminaire,Conference,9,1034,Office,Paris,9,0.89,9,Car,433.68,481,Vegetarian,1034,12.24,11.32,45440.18
Lancement de Produit,Product Launch,4,95,Convention Center,Dubai,27,0.44,4,Walking,268.09,203,Vegetarian,95,17.57,38.23,277.86
Fundraiser,Trade Show,41,917,Convention Center,Berlin,26,0.8,41,Walking,245.06,218,Vegetarian,917,7.4,23.51,1863.72
Product Launch,Board Meeting,36,225,Convention Center,New York,16,1.91,36,Train,326.11,282,Vegetarian,225,19.41,1.19,4607.3
Lancement de Produit,Workshop,32,1786,Hotel,Sydney,13,1.75,32,Walking,80.37,203,Vegan,1786,6.85,16.92,2197.54
Conférence,Networking Event,19,2000,Convention Center,Sydney,17,0.27,19,Plane,446.93,378,Mixed,2000,17.83,7.9,47329.95
Board Meeting,Seminar,24,1776,Outdoor,New York,49,1.48,24,Car,149.5,468,Mixed,1776,8.05,40.55,20100.3
Workshop,Seminar,40,507,Convention Center,London,11,0.45,40,Bicycle,350.05,137,Mixed,507,12.0,30.88,1452.26
Team Building,Trade Show,21,639,Office,London,32,1.62,21,Bus,167.23,434,Vegetarian,639,13.16,2.43,5888.67
Lancement de Produit,Networking Event,14,523,Office,Tokyo,8,0.77,14,Walking,320.09,123,Vegan,523,18.3,40.59,683.9
Séminaire,Seminar,33,1414,Coworking Space,Tokyo,37,0.56,33,Walking,51.07,349,Non-Vegetarian,1414,2.64,38.32,5372.8
Board Meeting,Board Meeting,40,704,Hotel,New York,46,1.93,40,Bicycle,285.48,395,Vegetarian,704,3.57,28.92,2896.58
Board Meeting,Seminar,4,100,Convention Center,Tokyo,45,1.45,4,Car,258.86,463,Vegan,100,2.23,20.1,25444.12
Networking Event,Seminar,13,625,Hotel,Paris,11,1.58,13,Plane,113.09,498,Vegetarian,625,6.57,33.51,15210.33
Conférence,Product Launch,39,643,Outdoor,Dubai,30,0.55,39,Plane,73.06,342,Non-Vegetarian,643,1.28,26.95,8875.34
Seminar,Fundraiser,25,1675,Hotel,Sydney,47,0.25,25,Car,125.33,478,Mixed,1675,6.62,2.13,16932.5
Atelier,Seminar,31,1271,Hotel,Berlin,8,0.25,31,Car,95.26,360,Mixed,1271,5.61,20.36,10462.1
Événement de Bienfaisance,Conference,4,339,Office,New York,50,1.55,4,Car,218.16,402,Vegetarian,339,4.02,33.97,19156.55
Formation,Conference,47,17,Coworking Space,Paris,42,1.04,47,Car,136.0,98,Vegan,17,5.57,4.8,3863.1
Product Launch,Trade Show,43,968,Hotel,London,45,0.66,43,Bicycle,416.09,210,Vegan,968,18.9,20.63,1685.61
Networking,Seminar,3,1145,Coworking Space,Tokyo,45,0.29,3,Train,498.48,90,Mixed,1145,10.28,44.66,4786.48
Corporate Training,Fundraiser,44,1735,Hotel,Sydney,6,1.24,44,Train,49.75,256,Vegetarian,1735,13.68,41.7,3386.38
Conférence,Networking Event,43,343,Outdoor,Tokyo,17,1.98,43,Bus,149.25,18,Non-Vegetarian,343,1.44,2.73,2093.72
Corporate Training,Conference,13,1667,Hotel,Tokyo,9,0.11,13,Bicycle,60.39,386,Vegan,1667,16.17,5.83,1717.43
Networking Event,Networking Event,24,729,Hotel,Paris,15,0.9,24,Train,173.4,263,Mixed,729,14.43,24.17,3885.87
Seminar,Workshop,44,1622,Coworking Space,Berlin,5,0.77,44,Car,332.86,69,Vegetarian,1622,10.2,4.44,7370.12
Séminaire,Networking Event,47,1638,Outdoor,New York,11,0.2,47,Bicycle,250.24,480,Vegetarian,1638,15.31,9.79,2558.9
Atelier,Conference,24,1567,Hotel,London,25,0.9,24,Bicycle,189.52,345,Vegetarian,1567,17.84,37.16,2730.5
Atelier,Networking Event,27,360,Convention Center,Paris,44,0.37,27,Walking,253.37,357,Mixed,360,4.21,27.2,1182.6
Corporate Training,Workshop,16,298,Outdoor,Sydney,23,1.86,16,Walking,302.57,269,Vegetarian,298,11.39,13.84,839.7
Networking Event,Networking Event,24,81,Convention Center,Dubai,35,1.28,24,Plane,290.27,453,Non-Vegetarian,81,2.53,10.37,33719.98
Séminaire,Board Meeting,1,1723,Outdoor,Tokyo,15,1.24,1,Bus,250.09,239,Mixed,1723,9.35,36.24,7994.27
Séminaire,Trade Show,45,125,Office,New York,47,1.63,45,Bicycle,359.45,430,Non-Vegetarian,125,10.94,36.99,2257.09
Lancement de Produit,Fundraiser,30,1235,Hotel,Tokyo,44,1.2,30,Car,147.47,69,Vegetarian,1235,10.84,42.17,4887.36
Team Building,Conference,41,1931,Convention Center,Tokyo,47,0.26,41,Train,359.42,177,Mixed,1931,8.09,1.71,7642.3
Board Meeting,Team Building,17,1000,Outdoor,New York,36,1.53,17,Walking,452.53,259,Vegetarian,1000,16.97,27.22,2056.56
Product Launch,Networking Event,35,1830,Convention Center,Paris,17,1.27,35,Plane,452.48,62,Non-Vegetarian,1830,14.98,47.06,13920.34
Team Building,Product Launch,13,62,Outdoor,London,46,1.77,13,Plane,412.92,327,Non-Vegetarian,62,16.23,9.41,34553.72
Workshop,Networking Event,16,1930,Office,Sydney,26,0.65,16,Walking,200.0,266,Mixed,1930,4.31,4.84,4978.5
Atelier,Seminar,48,1983,Office,New York,32,1.98,48,Plane,159.95,395,Mixed,1983,8.66,22.07,22334.66
Trade Show,Seminar,23,1698,Office,Berlin,9,1.98,23,Plane,477.04,437,Mixed,1698,12.09,27.6,56645.93
Team Building,Board Meeting,42,193,Convention Center,Tokyo,21,0.4,42,Train,469.54,338,Non-Vegetarian,193,3.78,25.38,7258.4
Lancement de Produit,Trade Show,47,806,Coworking Space,Tokyo,31,1.57,47,Train,251.78,351,Mixed,806,7.76,13.0,6735.26
Réunion du Conseil,Corporate Training,36,1882,Hotel,Berlin,5,1.74,36,Bus,277.54,309,Vegan,1882,8.58,12.92,7227.19
Fundraiser,Networking Event,22,1131,Outdoor,Berlin,44,0.88,22,Walking,239.05,115,Vegan,1131,8.65,4.35,1582.92
Formation,Fundraiser,16,1019,Office,Tokyo,24,1.27,16,Train,44.15,425,Non-Vegetarian,1019,4.8,23.31,4617.11
Networking,Board Meeting,12,1505,Coworking Space,Paris,38,1.67,12,Train,363.13,483,Mixed,1505,7.28,39.97,11253.43
Conference,Trade Show,42,574,Coworking Space,Tokyo,48,1.66,42,Car,332.97,181,Non-Vegetarian,574,3.3,3.33,16351.73
Événement de Bienfaisance,Board Meeting,48,60,Coworking Space,Dubai,7,1.51,48,Bus,203.66,357,Non-Vegetarian,60,3.68,14.25,4861.94
Fundraiser,Team Building,47,593,Hotel,Dubai,13,0.8,47,Bus,68.06,260,Vegan,593,1.79,31.12,1964.96
Seminar,Workshop,29,1653,Coworking Space,London,42,0.98,29,Train,197.04,352,Vegan,1653,6.83,5.48,5048.76
Trade Show,Team Building,26,718,Coworking Space,Sydney,6,1.76,26,Train,245.48,164,Vegetarian,718,9.89,8.56,2861.53
Networking Event,Product Launch,11,1607,Outdoor,Tokyo,44,1.47,11,Walking,234.73,289,Vegan,1607,9.57,23.82,2029.52
Conference,Seminar,43,1518,Office,Berlin,11,0.37,43,Bus,269.83,452,Non-Vegetarian,1518,5.42,16.15,12761.43
Workshop,Trade Show,16,531,Outdoor,New York,22,0.9,16,Bus,43.71,29,Non-Vegetarian,531,10.35,8.3,2130.26
Corporate Training,Product Launch,39,115,Convention Center,Dubai,37,0.13,39,Bicycle,271.99,40,Vegan,115,10.45,7.13,243.96
Atelier,Trade Show,1,1863,Coworking Space,Paris,24,1.16,1,Walking,475.31,322,Non-Vegetarian,1863,9.71,31.06,6615.96
Networking,Trade Show,29,1819,Office,Berlin,38,1.6,29,Bicycle,90.01,220,Vegan,1819,16.45,31.97,2797.44
Networking,Team Building,30,427,Outdoor,New York,17,1.16,30,Bus,156.36,120,Non-Vegetarian,427,9.69,34.81,3005.09
Événement de Bienfaisance,Workshop,48,1575,Outdoor,Paris,50,1.17,48,Walking,496.25,347,Non-Vegetarian,1575,12.4,25.42,6992.14
Product Launch,Fundraiser,17,1415,Outdoor,New York,10,1.97,17,Train,2.76,317,Vegetarian,1415,11.83,45.31,2439.23
Board Meeting,Fundraiser,15,764,Convention Center,London,32,1.76,15,Car,61.98,115,Non-Vegetarian,764,10.58,24.65,4663.68
Lancement de Produit,Seminar,29,628,Office,London,33,0.39,29,Car,251.93,44,Non-Vegetarian,628,19.64,8.78,4769.29
Trade Show,Fundraiser,38,459,Outdoor,Tokyo,27,0.82,38,Bus,412.15,274,Mixed,459,14.06,43.07,8458.17
Atelier,Corporate Training,31,392,Hotel,Sydney,33,1.64,31,Plane,191.83,107,Vegan,392,13.04,33.22,6454.83
Séminaire,Product Launch,48,600,Hotel,New York,46,0.49,48,Plane,412.02,402,Non-Vegetarian,600,1.32,31.19,44113.99
Fundraiser,Product Launch,36,941,Coworking Space,Berlin,11,1.32,36,Bus,1.2,391,Non-Vegetarian,941,17.26,6.81,3631.15
Atelier,Team Building,7,1499,Hotel,Dubai,45,0.51,7,Bus,496.22,343,Mixed,1499,16.24,6.03,14084.57
Conférence,Product Launch,20,1454,Convention Center,Berlin,14,0.44,20,Bicycle,470.83,350,Non-Vegetarian,1454,7.65,8.73,5183.36
Networking Event,Team Building,14,878,Outdoor,Tokyo,28,1.0,14,Walking,133.66,266,Vegan,878,1.49,9.0,1094.98
Trade Show,Trade Show,14,1301,Convention Center,Dubai,34,0.16,14,Bicycle,236.21,341,Non-Vegetarian,1301,2.27,28.84,4653.8
Seminar,Workshop,45,1663,Outdoor,Tokyo,37,1.08,45,Bus,56.62,272,Vegetarian,1663,18.79,6.84,4368.9
Formation,Corporate Training,44,1525,Coworking Space,Sydney,13,1.19,44,Bicycle,340.99,324,Mixed,1525,7.06,25.26,4217.48
Team Building,Trade Show,2,1155,Hotel,Sydney,11,0.8,2,Train,449.13,380,Vegan,1155,16.02,23.94,8070.5
Workshop,Trade Show,17,1382,Hotel,Paris,34,0.48,17,Bus,452.94,272,Non-Vegetarian,1382,10.08,24.81,12437.48
Networking Event,Product Launch,18,1839,Hotel,Paris,10,1.15,18,Car,52.69,345,Non-Vegetarian,1839,5.63,16.93,10402.51
Networking,Conference,5,1536,Coworking Space,New York,39,0.45,5,Walking,170.43,121,Vegetarian,1536,7.32,18.36,2399.24
Networking Event,Product Launch,29,1177,Hotel,London,5,0.11,29,Car,486.24,122,Vegan,1177,15.27,23.3,13719.58
Corporate Training,Seminar,47,1181,Coworking Space,Paris,37,1.96,47,Bus,82.71,226,Non-Vegetarian,1181,2.93,5.08,6975.29
Trade Show,Seminar,21,580,Hotel,Dubai,16,0.34,21,Walking,45.45,310,Non-Vegetarian,580,14.86,4.54,2125.92
Team Building,Corporate Training,43,1914,Coworking Space,New York,16,1.97,43,Car,358.33,249,Mixed,1914,1.48,7.69,24218.1
Séminaire,Seminar,26,98,Outdoor,Paris,9,0.35,26,Walking,252.15,44,Vegan,98,14.34,39.02,245.67
Réunion du Conseil,Fundraiser,42,1004,Convention Center,Sydney,24,0.96,42,Bus,107.85,294,Non-Vegetarian,1004,7.16,10.34,5935.31
Product Launch,Fundraiser,46,307,Outdoor,Berlin,41,1.14,46,Car,304.59,106,Vegetarian,307,15.06,36.06,8417.93
Product Launch,Workshop,43,1473,Outdoor,London,16,0.48,43,Bicycle,238.09,124,Non-Vegetarian,1473,3.98,15.64,5359.86
Formation,Trade Show,26,194,Office,London,41,1.98,26,Plane,128.13,369,Vegetarian,194,13.28,30.48,13253.85
Réunion du Conseil,Product Launch,8,706,Convention Center,Paris,13,1.72,8,Walking,488.64,111,Non-Vegetarian,706,9.24,34.42,2647.76
Réunion du Conseil,Fundraiser,18,217,Office,Dubai,21,0.64,18,Train,468.79,252,Mixed,217,18.7,26.93,5480.12
Atelier,Conference,43,1554,Outdoor,Sydney,44,0.9,43,Bicycle,293.96,157,Vegetarian,1554,17.98,30.97,3280.3
Fundraiser,Trade Show,23,379,Convention Center,Berlin,20,0.24,23,Bicycle,64.34,81,Non-Vegetarian,379,11.73,17.3,1439.76
Événement de Bienfaisance,Seminar,18,311,Coworking Space,Berlin,9,1.37,18,Train,366.78,349,Non-Vegetarian,311,15.58,42.41,6435.7
Networking Event,Corporate Training,11,756,Office,Tokyo,31,0.59,11,Bicycle,166.26,99,Vegan,756,2.6,22.47,906.74
Seminar,Seminar,6,1536,Convention Center,Tokyo,39,1.54,6,Train,317.98,153,Vegan,1536,14.1,43.12,3776.66
Workshop,Conference,47,1274,Hotel,Tokyo,46,0.52,47,Bus,464.51,20,Vegan,1274,8.62,41.71,2494.19
Networking Event,Corporate Training,47,1384,Office,Tokyo,19,1.39,47,Car,304.51,145,Vegan,1384,10.65,14.18,11326.62
Product Launch,Team Building,8,609,Coworking Space,Berlin,11,0.73,8,Bicycle,229.69,484,Non-Vegetarian,609,19.3,3.8,2209.82
Séminaire,Corporate Training,37,966,Coworking Space,London,29,1.26,37,Bicycle,461.54,103,Vegan,966,17.46,5.19,1687.29
Seminar,Conference,31,264,Outdoor,Berlin,27,1.69,31,Car,494.09,228,Vegan,264,12.98,37.27,24728.79
Corporate Training,Corporate Training,7,712,Coworking Space,Berlin,42,1.32,7,Bus,25.53,161,Mixed,712,8.03,40.67,2318.06
Networking,Workshop,10,1160,Coworking Space,London,29,0.67,10,Plane,19.61,396,Vegetarian,1160,6.39,44.85,3881.02
Lancement de Produit,Networking Event,45,1278,Outdoor,Berlin,20,0.93,45,Walking,43.92,231,Vegetarian,1278,12.61,24.81,2410.34
Lancement de Produit,Product Launch,7,737,Outdoor,Tokyo,32,0.95,7,Train,429.11,444,Vegan,737,9.03,42.13,8566.71
Formation,Seminar,8,33,Convention Center,Berlin,45,0.42,8,Walking,229.56,378,Non-Vegetarian,33,4.9,6.0,212.9
Trade Show,Board Meeting,17,1500,Office,Dubai,16,1.05,17,Bicycle,33.94,145,Vegan,1500,12.19,16.95,1701.08
Networking Event,Trade Show,18,629,Hotel,Sydney,12,0.96,18,Bus,247.62,123,Vegan,629,7.52,32.98,2641.12
Trade Show,Networking Event,14,1144,Office,Berlin,20,0.87,14,Walking,110.28,220,Vegan,1144,2.33,8.19,1286.84
Conférence,Product Launch,34,1008,Convention Center,Paris,7,0.57,34,Plane,55.81,350,Vegan,1008,5.08,37.81,6044.98
Networking,Fundraiser,3,1215,Hotel,Sydney,42,0.34,3,Train,421.76,27,Vegan,1215,5.38,38.46,1779.6
Lancement de Produit,Board Meeting,31,478,Coworking Space,Sydney,24,1.4,31,Plane,305.06,110,Vegetarian,478,18.3,13.1,9689.75
Fundraiser,Conference,26,1353,Coworking Space,Berlin,40,1.17,26,Walking,222.9,278,Non-Vegetarian,1353,18.65,9.2,5399.6
Formation,Product Launch,4,63,Coworking Space,New York,12,0.41,4,Plane,450.72,379,Mixed,63,11.75,4.57,42905.7
Corporate Training,Networking Event,46,344,Hotel,Dubai,34,0.77,46,Bicycle,331.81,164,Vegetarian,344,17.54,42.47,1238.16
Board Meeting,Product Launch,36,532,Office,London,31,1.74,36,Bicycle,241.12,135,Vegetarian,532,11.96,21.97,1836.78
Atelier,Seminar,21,1906,Outdoor,London,31,0.39,21,Plane,495.56,130,Mixed,1906,2.65,20.27,21043.49
Corporate Training,Fundraiser,48,1595,Convention Center,Sydney,38,0.91,48,Walking,268.57,297,Vegetarian,1595,8.18,45.08,3328.94
Conference,Trade Show,7,280,Hotel,Tokyo,42,1.6,7,Walking,57.77,346,Mixed,280,7.42,39.66,1029.36
Fundraiser,Conference,35,1507,Hotel,Sydney,50,1.92,35,Car,25.24,67,Vegetarian,1507,12.03,42.97,4405.63
Atelier,Fundraiser,46,924,Coworking Space,London,30,0.47,46,Train,266.16,451,Vegan,924,12.9,44.69,6165.01
Networking Event,Fundraiser,15,819,Hotel,Paris,48,1.97,15,Bicycle,471.42,380,Mixed,819,6.26,18.94,2807.1
Networking,Workshop,1,132,Outdoor,London,6,1.92,1,Bicycle,170.19,177,Vegetarian,132,12.56,24.54,277.96
Networking,Product Launch,19,1796,Office,Dubai,23,1.93,19,Car,122.13,139,Vegetarian,1796,19.14,46.51,6811.98
Conference,Corporate Training,42,1554,Coworking Space,Berlin,17,1.19,42,Bicycle,295.69,483,Vegan,1554,2.47,26.85,2037.47
Atelier,Board Meeting,28,110,Outdoor,Paris,20,1.09,28,Walking,195.77,410,Vegetarian,110,12.61,40.55,576.52
Workshop,Conference,45,667,Office,Berlin,50,0.64,45,Bus,64.97,11,Mixed,667,4.34,36.17,2511.4
Événement de Bienfaisance,Corporate Training,9,165,Coworking Space,Tokyo,28,0.72,9,Bus,480.64,225,Vegan,165,13.73,20.93,6813.68
Fundraiser,Board Meeting,40,1565,Convention Center,Paris,26,0.43,40,Car,53.09,251,Non-Vegetarian,1565,18.55,8.49,8553.55
Seminar,Workshop,31,1644,Office,Tokyo,42,1.26,31,Plane,376.4,471,Non-Vegetarian,1644,13.9,23.27,50969.7
Atelier,Corporate Training,12,726,Office,Sydney,29,0.35,12,Bus,192.4,349,Vegan,726,19.96,44.99,4945.66
Networking,Seminar,35,1982,Outdoor,Sydney,6,1.02,35,Bus,70.53,407,Non-Vegetarian,1982,10.4,9.94,8807.12
Trade Show,Seminar,44,292,Coworking Space,New York,15,1.34,44,Plane,252.51,377,Vegan,292,7.6,23.02,24594.51
Réunion du Conseil,Product Launch,14,1256,Outdoor,London,8,1.01,14,Train,126.17,170,Vegetarian,1256,16.62,40.65,2913.06
Team Building,Fundraiser,5,1964,Coworking Space,Sydney,21,0.74,5,Train,430.8,362,Vegan,1964,8.56,25.09,8308.13
Événement de Bienfaisance,Team Building,32,1201,Office,Paris,9,1.76,32,Bus,143.82,91,Non-Vegetarian,1201,9.61,47.95,5357.32
Board Meeting,Product Launch,24,97,Hotel,London,7,1.74,24,Bicycle,123.78,295,Vegetarian,97,18.47,1.98,332.56
Événement de Bienfaisance,Conference,23,1715,Coworking Space,New York,26,0.4,23,Walking,1.46,62,Vegetarian,1715,4.07,37.99,2776.22
Team Building,Conference,8,592,Coworking Space,Paris,15,0.26,8,Car,462.74,258,Vegetarian,592,16.16,21.19,26049.55
Networking Event,Team Building,31,430,Hotel,Paris,21,1.45,31,Car,281.93,263,Non-Vegetarian,430,8.97,18.68,17603.27
Réunion du Conseil,Conference,45,1422,Coworking Space,New York,17,0.76,45,Bus,175.08,82,Non-Vegetarian,1422,5.22,15.77,6171.07
Networking,Product Launch,16,404,Office,Paris,11,0.4,16,Bicycle,499.28,151,Non-Vegetarian,404,8.67,41.22,1548.98
Team Building,Corporate Training,5,565,Office,Paris,28,1.56,5,Bus,402.88,480,Non-Vegetarian,565,3.09,44.41,13784.64
Seminar,Team Building,42,1624,Coworking Space,Dubai,20,1.29,42,Walking,363.68,122,Vegetarian,1624,9.79,49.37,3096.12
Corporate Training,Team Building,2,11,Hotel,New York,31,0.25,2,Walking,269.34,169,Vegan,11,18.71,1.95,60.07
Formation,Seminar,15,1233,Convention Center,Berlin,21,0.5,15,Bicycle,493.54,90,Non-Vegetarian,1233,3.26,23.1,4446.97
Seminar,Networking Event,24,1004,Hotel,London,17,1.19,24,Bus,62.08,384,Vegan,1004,3.93,5.89,2696.72
Trade Show,Workshop,23,787,Office,Sydney,28,0.83,23,Bus,447.09,125,Vegetarian,787,5.45,17.22,4846.27
Conference,Fundraiser,38,341,Office,Sydney,29,1.14,38,Bicycle,43.7,355,Mixed,341,8.39,49.36,1596.14
Trade Show,Product Launch,46,960,Hotel,Paris,32,0.54,46,Car,130.73,250,Mixed,960,18.78,20.59,9739.5
Corporate Training,Trade Show,15,273,Coworking Space,Dubai,46,1.92,15,Bus,296.85,374,Mixed,273,10.44,31.64,8090.37
Workshop,Team Building,3,1281,Outdoor,Dubai,22,1.67,3,Walking,261.59,172,Mixed,1281,18.01,3.2,3300.03
Fundraiser,Workshop,30,1925,Convention Center,Berlin,31,0.12,30,Walking,276.58,432,Mixed,1925,16.4,49.26,4999.62
Événement de Bienfaisance,Conference,43,349,Convention Center,London,38,1.05,43,Walking,214.64,41,Vegetarian,349,3.13,24.46,1436.53
Workshop,Fundraiser,8,866,Office,Berlin,12,0.37,8,Bus,72.41,373,Vegan,866,1.76,45.46,2598.74
Réunion du Conseil,Trade Show,18,323,Outdoor,Tokyo,25,1.14,18,Plane,281.61,31,Non-Vegetarian,323,5.43,29.76,3639.86
Formation,Networking Event,39,1813,Hotel,Tokyo,32,0.84,39,Walking,372.91,11,Vegetarian,1813,12.99,30.22,3330.08
Team Building,Networking Event,45,1759,Convention Center,Paris,35,1.37,45,Bus,293.82,400,Mixed,1759,18.59,44.63,12654.49
Workshop,Board Meeting,17,208,Outdoor,London,24,1.54,17,Train,356.01,464,Vegan,208,1.56,39.46,7211.75
Corporate Training,Corporate Training,41,1446,Convention Center,Dubai,24,1.51,41,Walking,464.93,20,Non-Vegetarian,1446,1.55,45.47,5897.96
Board Meeting,Seminar,26,1063,Outdoor,Berlin,31,1.29,26,Walking,153.04,363,Vegan,1063,1.58,40.75,1667.53
Corporate Training,Workshop,44,818,Convention Center,Berlin,5,1.83,44,Bicycle,373.42,224,Non-Vegetarian,818,14.77,28.84,3151.52
Réunion du Conseil,Trade Show,32,1534,Coworking Space,Tokyo,36,1.4,32,Train,288.17,430,Vegan,1534,13.99,18.45,7361.8
Board Meeting,Product Launch,33,398,Convention Center,London,17,0.7,33,Plane,381.58,228,Mixed,398,1.25,12.36,22968.63
Networking,Product Launch,17,1310,Hotel,Berlin,19,1.61,17,Bus,136.18,396,Vegan,1310,2.35,10.15,4830.65
Réunion du Conseil,Corporate Training,7,1004,Convention Center,Tokyo,16,1.41,7,Bicycle,450.33,326,Vegan,1004,7.68,30.53,1159.38
Product Launch,Board Meeting,18,1510,Hotel,Tokyo,38,1.82,18,Bus,78.05,444,Vegetarian,1510,5.93,20.65,5019.85
Team Building,Trade Show,21,925,Coworking Space,New York,7,0.49,21,Walking,498.46,113,Vegetarian,925,14.32,21.95,1496.06
Team Building,Workshop,30,1816,Office,New York,43,0.61,30,Bus,36.55,177,Mixed,1816,19.23,40.05,5440.17
Atelier,Team Building,4,518,Coworking Space,New York,23,0.67,4,Bicycle,221.43,168,Non-Vegetarian,518,4.15,44.52,1941.16
Séminaire,Corporate Training,48,1786,Outdoor,Dubai,39,1.14,48,Walking,496.45,201,Vegetarian,1786,5.0,9.08,3774.2
Événement de Bienfaisance,Networking Event,33,227,Office,London,26,1.77,33,Walking,157.76,179,Non-Vegetarian,227,13.16,8.37,1596.89
Team Building,Board Meeting,3,595,Office,Paris,28,1.78,3,Walking,180.07,261,Vegan,595,7.32,38.04,760.48
Board Meeting,Networking Event,19,264,Outdoor,Berlin,8,0.47,19,Bus,64.93,334,Non-Vegetarian,264,13.27,47.43,2382.32
Team Building,Team Building,39,906,Hotel,Sydney,10,1.15,39,Car,111.58,290,Vegetarian,906,6.74,35.78,8463.51
Atelier,Conference,40,1483,Hotel,Paris,33,1.08,40,Bus,82.6,422,Vegan,1483,18.85,28.81,4382.55
Séminaire,Trade Show,13,1590,Office,London,47,0.57,13,Car,487.36,147,Mixed,1590,14.06,28.43,19278.92
Board Meeting,Workshop,11,1704,Convention Center,Dubai,14,1.36,11,Car,385.74,419,Non-Vegetarian,1704,17.22,24.98,40094.38
Conference,Product Launch,21,1937,Coworking Space,New York,18,1.42,21,Train,475.89,451,Non-Vegetarian,1937,15.79,18.14,15700.8
Workshop,Workshop,31,1379,Coworking Space,Berlin,22,0.94,31,Train,205.48,302,Mixed,1379,8.06,26.58,6319.52
Réunion du Conseil,Networking Event,17,1109,Office,Sydney,41,0.6,17,Bus,364.96,142,Vegan,1109,11.14,17.94,4485.72
Board Meeting,Networking Event,23,1319,Outdoor,Paris,8,1.0,23,Bicycle,137.61,34,Non-Vegetarian,1319,4.84,3.18,4724.54
Seminar,Conference,15,171,Hotel,Berlin,21,0.27,15,Plane,436.93,98,Mixed,171,15.5,45.68,11297.17
Conférence,Team Building,5,958,Coworking Space,New York,16,1.18,5,Bus,67.66,276,Non-Vegetarian,958,15.06,21.94,4594.65
Conférence,Workshop,44,431,Office,Paris,42,1.95,44,Plane,284.33,335,Mixed,431,17.91,5.46,26738.68
Réunion du Conseil,Workshop,16,1060,Outdoor,New York,24,1.15,16,Train,53.08,474,Mixed,1060,8.0,25.88,3944.96
Atelier,Networking Event,29,284,Outdoor,Tokyo,10,1.64,29,Plane,141.41,85,Vegan,284,14.71,26.7,3609.58
Networking,Corporate Training,21,677,Hotel,Paris,36,1.21,21,Car,237.64,90,Vegetarian,677,8.4,20.59,6022.26
Product Launch,Workshop,33,1439,Coworking Space,London,21,1.9,33,Train,333.27,302,Non-Vegetarian,1439,1.66,49.68,9823.43
Réunion du Conseil,Team Building,38,23,Coworking Space,Dubai,30,0.7,38,Walking,314.57,304,Mixed,23,12.24,47.12,575.22
Trade Show,Workshop,31,1930,Outdoor,Berlin,7,0.4,31,Car,482.05,172,Vegetarian,1930,13.43,38.17,20453.25
Conférence,Product Launch,42,1674,Office,London,23,1.62,42,Train,325.91,29,Vegan,1674,1.19,25.82,2888.54
Conférence,Trade Show,37,1947,Hotel,New York,19,0.8,37,Walking,397.97,226,Non-Vegetarian,1947,18.13,17.11,7166.18
Conference,Conference,18,1414,Coworking Space,Sydney,6,1.69,18,Bicycle,369.8,70,Vegan,1414,16.44,35.0,1608.14
Lancement de Produit,Product Launch,4,257,Convention Center,Berlin,35,1.89,4,Plane,204.52,107,Non-Vegetarian,257,12.17,7.45,6541.95
Réunion du Conseil,Trade Show,35,1602,Coworking Space,Tokyo,46,0.11,35,Bus,429.92,179,Mixed,1602,8.68,46.79,8821.83
Séminaire,Conference,38,1213,Outdoor,Paris,25,1.63,38,Train,387.14,391,Vegetarian,1213,17.03,21.25,8725.18
Événement de Bienfaisance,Conference,31,568,Outdoor,New York,25,1.58,31,Car,479.77,357,Non-Vegetarian,568,9.87,28.0,38644.35
Séminaire,Conference,17,437,Office,Sydney,23,1.92,17,Bicycle,332.16,293,Vegan,437,8.3,46.63,922.22
Réunion du Conseil,Trade Show,45,1957,Office,Paris,20,0.69,45,Car,256.18,223,Non-Vegetarian,1957,17.35,12.65,19216.91
Fundraiser,Fundraiser,44,1301,Coworking Space,Sydney,14,0.33,44,Plane,12.83,347,Vegan,1301,10.86,6.05,2549.46
Product Launch,Corporate Training,26,1062,Outdoor,Paris,35,1.56,26,Bus,308.39,323,Mixed,1062,0.7,7.15,9357.1
Réunion du Conseil,Workshop,25,690,Office,London,23,1.24,25,Bicycle,228.52,244,Mixed,690,9.77,20.69,2142.42
Atelier,Conference,1,1105,Hotel,Sydney,45,1.99,1,Bus,111.4,480,Non-Vegetarian,1105,10.13,18.08,7177.02
Product Launch,Trade Show,22,901,Hotel,New York,40,1.44,22,Bus,204.35,116,Non-Vegetarian,901,14.96,16.49,5272.28
Workshop,Trade Show,28,1096,Outdoor,Berlin,23,1.97,28,Train,15.42,160,Mixed,1096,14.61,5.71,3513.67
Conference,Conference,28,87,Hotel,Berlin,45,1.86,28,Train,294.37,355,Vegetarian,87,18.51,39.34,5598.05
Fundraiser,Product Launch,1,1676,Coworking Space,Tokyo,23,0.91,1,Car,153.58,499,Mixed,1676,19.28,43.37,20419.41
Product Launch,Workshop,48,1263,Hotel,London,8,1.39,48,Train,167.81,24,Mixed,1263,6.71,16.07,3631.04
Team Building,Networking Event,26,218,Outdoor,Dubai,47,0.54,26,Car,414.79,121,Vegetarian,218,19.18,40.62,11316.35
Séminaire,Seminar,12,364,Coworking Space,Sydney,24,1.06,12,Bicycle,348.43,316,Mixed,364,10.01,25.78,1134.22
Conférence,Product Launch,35,1650,Coworking Space,Tokyo,7,1.14,35,Bicycle,375.44,205,Non-Vegetarian,1650,16.4,34.63,6016.71
Formation,Networking Event,9,1267,Coworking Space,Sydney,41,0.36,9,Bus,410.44,475,Vegetarian,1267,14.49,22.71,13738.86
Atelier,Fundraiser,36,841,Hotel,Sydney,42,1.76,36,Bus,469.71,471,Vegetarian,841,17.36,7.53,15915.84
Fundraiser,Board Meeting,33,1513,Convention Center,Berlin,14,0.48,33,Bus,399.36,324,Vegan,1513,1.05,22.02,9433.58
Réunion du Conseil,Seminar,28,407,Outdoor,Tokyo,20,0.63,28,Walking,89.47,333,Vegan,407,7.6,14.17,626.94
Atelier,Board Meeting,39,511,Coworking Space,Dubai,23,1.79,39,Plane,375.51,479,Mixed,511,15.05,24.28,47126.3
Board Meeting,Trade Show,34,1990,Convention Center,Berlin,35,1.99,34,Car,297.34,179,Mixed,1990,8.18,48.84,17450.1
Seminar,Board Meeting,32,1825,Outdoor,Paris,42,1.32,32,Car,44.38,92,Non-Vegetarian,1825,3.38,48.53,8235.78
Board Meeting,Board Meeting,35,152,Outdoor,Tokyo,42,0.22,35,Walking,419.19,265,Vegetarian,152,9.9,16.39,442.28
Corporate Training,Team Building,12,1648,Convention Center,Berlin,46,1.92,12,Bus,17.53,383,Vegetarian,1648,15.64,14.85,3465.74
Networking Event,Corporate Training,1,758,Outdoor,Paris,24,1.5,1,Bus,376.98,226,Non-Vegetarian,758,1.97,23.59,7833.97
Conférence,Corporate Training,22,1899,Convention Center,London,46,1.33,22,Walking,477.83,187,Vegan,1899,17.98,42.58,2693.1
Seminar,Corporate Training,29,1312,Outdoor,London,22,0.15,29,Walking,418.37,200,Mixed,1312,8.53,25.92,3396.75
Workshop,Conference,1,1246,Convention Center,Sydney,48,1.84,1,Car,426.96,466,Vegetarian,1246,17.99,14.82,43761.09
Trade Show,Workshop,21,1529,Hotel,London,38,1.48,21,Train,202.36,102,Vegetarian,1529,3.96,28.44,3774.45
Conference,Networking Event,48,857,Convention Center,Sydney,27,0.55,48,Bicycle,289.93,445,Mixed,857,8.94,10.97,2538.72
Workshop,Conference,18,1968,Hotel,Dubai,48,0.4,18,Walking,384.82,498,Vegan,1968,10.94,20.33,2203.34
Conference,Board Meeting,39,1879,Convention Center,London,38,1.3,39,Bus,226.62,103,Vegan,1879,1.72,1.21,4248.67
Conference,Workshop,33,1612,Convention Center,Dubai,40,1.86,33,Walking,227.02,400,Non-Vegetarian,1612,7.68,35.73,6956.42
Formation,Board Meeting,25,93,Convention Center,Paris,37,0.18,25,Bus,328.31,254,Mixed,93,9.24,35.13,5407.93
Séminaire,Product Launch,45,1166,Coworking Space,Sydney,10,0.83,45,Car,413.33,282,Mixed,1166,14.6,24.77,27657.89
Networking Event,Product Launch,30,1869,Office,New York,35,1.33,30,Plane,45.71,476,Vegan,1869,4.28,30.97,8077.24
Trade Show,Networking Event,10,1810,Coworking Space,New York,32,1.32,10,Bus,484.34,323,Vegan,1810,11.59,39.75,11510.39
Seminar,Product Launch,28,1342,Outdoor,Paris,47,0.58,28,Bus,377.18,147,Non-Vegetarian,1342,3.22,32.45,8476.71
Corporate Training,Board Meeting,44,23,Hotel,Berlin,47,1.01,44,Walking,433.72,119,Vegetarian,23,19.63,29.64,1177.38
Conférence,Conference,41,1510,Office,London,23,1.31,41,Bus,396.31,478,Non-Vegetarian,1510,18.57,40.38,17386.74
Événement de Bienfaisance,Trade Show,35,40,Convention Center,New York,13,0.35,35,Car,92.69,55,Vegetarian,40,4.32,48.37,1315.57
Formation,Team Building,3,826,Convention Center,Berlin,36,0.37,3,Walking,126.28,192,Vegetarian,826,10.79,19.3,1319.16
Board Meeting,Product Launch,27,1344,Hotel,Paris,29,1.83,27,Plane,399.25,217,Non-Vegetarian,1344,5.62,27.41,27145.82
Board Meeting,Board Meeting,2,1321,Coworking Space,Berlin,10,0.72,2,Bicycle,376.89,189,Mixed,1321,12.31,32.42,3399.16
Team Building,Board Meeting,45,1154,Convention Center,Paris,31,1.55,45,Bicycle,249.92,380,Vegetarian,1154,0.86,20.43,2854.7
Formation,Workshop,31,263,Office,Tokyo,11,0.97,31,Plane,411.06,12,Vegan,263,7.43,17.31,1711.05
Corporate Training,Networking Event,18,618,Coworking Space,Dubai,30,0.84,18,Bicycle,352.52,419,Vegetarian,618,8.97,48.49,1268.72
Fundraiser,Trade Show,5,1930,Office,London,45,0.11,5,Bicycle,129.5,218,Non-Vegetarian,1930,9.29,8.04,6802.03
Networking Event,Trade Show,8,92,Office,Paris,47,0.73,8,Train,406.36,292,Mixed,92,6.45,18.89,5164.2
Fundraiser,Trade Show,7,905,Convention Center,New York,17,0.86,7,Plane,283.56,453,Mixed,905,19.51,46.21,34558.28
Seminar,Seminar,16,532,Office,Tokyo,46,1.12,16,Bicycle,422.54,262,Vegetarian,532,11.64,37.56,1308.56
Workshop,Conference,39,864,Convention Center,New York,26,1.63,39,Car,326.99,50,Vegetarian,864,18.28,42.14,5676.65
Product Launch,Conference,25,1791,Office,Berlin,30,0.71,25,Plane,120.54,333,Non-Vegetarian,1791,3.16,37.3,16650.62
Workshop,Conference,43,221,Office,London,24,1.88,43,Car,336.41,172,Vegetarian,221,10.56,15.26,13504.35
Workshop,Board Meeting,33,59,Office,Berlin,17,0.6,33,Train,418.08,475,Non-Vegetarian,59,8.7,48.18,8432.08
Atelier,Fundraiser,46,1110,Office,New York,15,1.13,46,Car,195.61,364,Non-Vegetarian,1110,19.28,25.66,19317.16
Networking Event,Seminar,39,434,Convention Center,London,16,0.2,39,Bus,267.2,398,Mixed,434,6.52,21.05,7583.28
Product Launch,Fundraiser,3,484,Office,Sydney,12,0.88,3,Bicycle,102.69,173,Mixed,484,18.88,23.99,1311.58
Networking,Networking Event,4,395,Hotel,Berlin,24,0.86,4,Car,421.5,429,Vegan,395,6.98,49.98,38523.13
Réunion du Conseil,Trade Show,24,327,Outdoor,Dubai,9,0.81,24,Bus,300.12,338,Vegan,327,7.03,4.11,6523.19
Conférence,Fundraiser,33,1528,Office,Dubai,9,0.74,33,Car,300.87,477,Mixed,1528,7.36,22.33,34127.42
Team Building,Seminar,2,953,Outdoor,Dubai,28,0.43,2,Bus,225.83,253,Non-Vegetarian,953,9.66,38.52,6872.0
Réunion du Conseil,Seminar,17,1574,Coworking Space,Dubai,47,0.57,17,Plane,134.03,186,Vegetarian,1574,12.98,12.85,8872.77
Fundraiser,Seminar,10,660,Coworking Space,New York,14,0.68,10,Bicycle,400.83,121,Mixed,660,0.67,16.07,1731.08
Seminar,Board Meeting,8,1405,Outdoor,Berlin,16,0.56,8,Walking,8.97,468,Vegetarian,1405,18.49,24.37,2229.06
Conference,Seminar,39,1801,Office,New York,23,1.83,39,Car,415.19,124,Mixed,1801,12.47,43.38,16246.5
Lancement de Produit,Conference,19,197,Outdoor,Dubai,21,0.99,19,Bicycle,251.53,275,Vegan,197,17.55,40.3,510.2
Networking Event,Trade Show,3,1220,Convention Center,Berlin,28,0.37,3,Train,406.88,359,Vegan,1220,2.41,3.79,7090.74
Product Launch,Trade Show,2,591,Convention Center,New York,14,0.44,2,Train,181.24,108,Vegetarian,591,6.79,36.72,1762.64
Networking,Networking Event,35,1102,Office,Sydney,20,0.77,35,Train,169.71,395,Vegetarian,1102,10.45,28.19,4681.2
Trade Show,Board Meeting,40,911,Convention Center,Dubai,47,0.43,40,Plane,413.0,63,Mixed,911,9.88,9.43,9225.07
Réunion du Conseil,Networking Event,15,1001,Hotel,Berlin,34,1.05,15,Bicycle,241.28,26,Mixed,1001,4.42,31.97,2843.03
Corporate Training,Seminar,24,200,Coworking Space,Paris,42,0.53,24,Car,229.71,372,Mixed,200,12.13,36.59,18809.51
Conférence,Seminar,48,1762,Convention Center,London,24,1.01,48,Bus,76.55,434,Mixed,1762,4.33,21.87,7032.52
Product Launch,Trade Show,29,1873,Convention Center,Sydney,27,1.18,29,Bicycle,335.22,334,Vegan,1873,19.98,41.16,2457.25
Corporate Training,Fundraiser,37,552,Coworking Space,New York,41,1.07,37,Car,205.32,308,Non-Vegetarian,552,12.64,8.29,16065.55
Trade Show,Trade Show,5,820,Coworking Space,Tokyo,33,0.54,5,Bicycle,10.99,457,Vegan,820,0.9,42.53,951.41
Networking,Team Building,24,1061,Office,Berlin,9,0.27,24,Train,293.32,60,Vegan,1061,13.9,19.77,1861.47
Board Meeting,Team Building,9,1058,Coworking Space,New York,11,1.27,9,Train,175.36,275,Non-Vegetarian,1058,10.09,33.98,5782.97
Workshop,Corporate Training,25,996,Coworking Space,Tokyo,21,1.13,25,Plane,394.07,169,Non-Vegetarian,996,8.94,7.5,20464.96
Networking Event,Product Launch,41,1388,Hotel,Sydney,46,1.33,41,Plane,368.38,409,Vegetarian,1388,11.62,14.22,41054.72
Trade Show,Fundraiser,13,294,Coworking Space,Dubai,43,0.65,13,Bicycle,479.05,436,Non-Vegetarian,294,12.28,5.46,1246.15
Trade Show,Trade Show,20,1518,Office,London,27,0.54,20,Train,25.45,130,Non-Vegetarian,1518,15.87,34.3,5691.48
Seminar,Conference,20,625,Convention Center,Sydney,21,0.91,20,Train,431.96,342,Mixed,625,2.81,16.91,7702.25
Séminaire,Fundraiser,18,305,Coworking Space,Berlin,45,1.63,18,Train,78.49,434,Vegan,305,19.93,20.93,2409.46
Seminar,Seminar,27,55,Hotel,Paris,6,1.08,27,Plane,353.53,142,Mixed,55,0.65,16.87,12810.33
Atelier,Product Launch,4,1688,Hotel,London,46,0.58,4,Bicycle,388.97,492,Mixed,1688,6.65,46.46,4379.58
Networking Event,Workshop,11,341,Office,Sydney,8,0.54,11,Plane,425.16,356,Non-Vegetarian,341,8.33,18.58,39110.32
Corporate Training,Product Launch,25,98,Convention Center,Sydney,28,1.29,25,Car,211.94,378,Vegan,98,6.03,23.53,17432.42
Conference,Fundraiser,42,631,Outdoor,Berlin,27,1.03,42,Plane,147.17,429,Vegan,631,1.89,4.24,17011.25
Board Meeting,Board Meeting,41,307,Hotel,Paris,7,1.98,41,Plane,298.55,273,Vegan,307,19.82,48.77,21104.35
Séminaire,Board Meeting,44,1636,Outdoor,New York,24,1.22,44,Walking,86.6,17,Non-Vegetarian,1636,9.51,22.84,6434.86
Événement de Bienfaisance,Board Meeting,19,1815,Outdoor,Dubai,13,1.21,19,Car,234.16,403,Non-Vegetarian,1815,12.84,44.68,26433.94
Corporate Training,Corporate Training,13,67,Coworking Space,New York,21,0.73,13,Bicycle,35.94,306,Mixed,67,4.01,29.23,333.62
Conference,Product Launch,32,571,Office,Tokyo,48,0.55,32,Bicycle,12.69,381,Mixed,571,16.82,45.86,1975.26
Formation,Networking Event,9,694,Convention Center,London,33,0.6,9,Plane,296.34,432,Non-Vegetarian,694,17.06,7.96,34572.86
Board Meeting,Fundraiser,13,406,Coworking Space,London,8,1.56,13,Train,11.11,493,Non-Vegetarian,406,5.07,20.08,1771.51
Lancement de Produit,Corporate Training,17,922,Office,Dubai,46,0.3,17,Walking,285.19,123,Vegetarian,922,8.64,25.97,1569.52
Formation,Team Building,9,47,Convention Center,Paris,6,0.67,9,Plane,141.21,409,Vegetarian,47,7.62,21.82,14586.19
Séminaire,Team Building,19,703,Outdoor,Tokyo,31,0.96,19,Train,485.95,234,Vegetarian,703,7.31,15.26,5930.85
Team Building,Team Building,5,1169,Convention Center,Dubai,30,1.42,5,Car,489.94,200,Non-Vegetarian,1169,15.47,45.9,24898.22
Trade Show,Product Launch,47,1840,Outdoor,Berlin,46,0.49,47,Car,73.72,352,Vegan,1840,3.14,40.73,7906.81
Corporate Training,Workshop,21,1639,Outdoor,Berlin,39,1.95,21,Car,290.96,156,Mixed,1639,16.91,6.75,14475.19
Board Meeting,Team Building,33,1022,Office,Paris,12,0.47,33,Bus,22.1,13,Mixed,1022,4.6,21.53,2717.56
Networking Event,Workshop,22,538,Outdoor,Tokyo,22,0.47,22,Bus,291.69,124,Mixed,538,1.72,48.11,3728.57
Séminaire,Corporate Training,36,1805,Convention Center,Tokyo,10,0.26,36,Car,4.04,284,Vegetarian,1805,16.28,39.93,3107.67
Atelier,Trade Show,10,1833,Outdoor,Berlin,19,1.72,10,Bus,412.36,222,Vegetarian,1833,4.35,23.42,8461.08
Conférence,Team Building,22,251,Convention Center,Dubai,45,0.9,22,Walking,113.98,82,Vegan,251,0.61,15.9,729.52
Trade Show,Seminar,35,749,Office,London,34,1.95,35,Bicycle,495.15,473,Non-Vegetarian,749,11.33,13.29,3830.99
Conférence,Workshop,22,1624,Outdoor,Dubai,15,1.24,22,Walking,406.68,28,Non-Vegetarian,1624,3.11,13.07,5920.96
Team Building,Trade Show,14,1120,Coworking Space,Berlin,26,1.32,14,Train,440.66,360,Mixed,1120,7.99,9.45,9420.62
Atelier,Corporate Training,42,1136,Outdoor,Berlin,7,1.17,42,Bicycle,471.54,399,Non-Vegetarian,1136,14.21,48.46,4273.33
Product Launch,Conference,35,1556,Coworking Space,Berlin,45,1.55,35,Car,253.68,108,Mixed,1556,14.52,36.04,10965.21
Seminar,Team Building,21,1308,Hotel,Berlin,44,1.83,21,Train,497.13,201,Non-Vegetarian,1308,8.01,40.69,9517.79
Conférence,Conference,32,237,Outdoor,Sydney,37,1.12,32,Bus,141.47,43,Mixed,237,11.82,33.27,1710.71
Conférence,Trade Show,9,815,Outdoor,Dubai,10,1.41,9,Train,484.38,330,Mixed,815,4.17,41.09,8585.29
Networking,Conference,35,1929,Coworking Space,London,6,1.35,35,Train,54.6,480,Vegetarian,1929,11.93,9.58,4126.59
Product Launch,Conference,38,449,Convention Center,Dubai,34,1.95,38,Car,149.77,177,Vegan,449,12.48,34.07,7368.75
Networking Event,Team Building,15,963,Hotel,New York,20,1.19,15,Train,5.82,351,Vegan,963,14.17,31.61,1314.77
Team Building,Seminar,23,1676,Outdoor,Dubai,9,1.46,23,Bus,92.8,214,Mixed,1676,4.99,28.75,5600.14
Product Launch,Corporate Training,34,420,Convention Center,Tokyo,32,0.77,34,Walking,43.72,421,Mixed,420,13.6,25.17,1546.42
Networking,Workshop,19,30,Office,Tokyo,6,0.81,19,Walking,391.74,297,Mixed,30,15.17,12.71,176.93
Corporate Training,Team Building,2,615,Coworking Space,Tokyo,49,0.84,2,Bus,265.96,104,Mixed,615,15.06,20.79,3309.95
Corporate Training,Networking Event,29,703,Hotel,New York,42,1.16,29,Walking,297.71,364,Mixed,703,17.34,23.17,2544.96
Formation,Networking Event,2,1496,Coworking Space,Sydney,40,0.53,2,Bus,181.44,14,Vegetarian,1496,11.86,20.36,2482.05
Networking,Workshop,5,436,Convention Center,London,46,0.45,5,Walking,4.22,113,Mixed,436,10.31,12.94,1188.25
Formation,Corporate Training,16,1036,Office,Sydney,6,0.85,16,Walking,393.65,215,Vegan,1036,9.8,47.93,1192.26
Networking Event,Seminar,30,1536,Coworking Space,London,5,1.49,30,Bicycle,193.12,485,Mixed,1536,3.57,23.73,4006.35
Networking,Workshop,40,792,Coworking Space,Sydney,5,1.29,40,Train,94.84,285,Vegetarian,792,9.31,17.64,2452.08
Fundraiser,Product Launch,28,518,Hotel,Sydney,26,0.98,28,Car,328.81,272,Non-Vegetarian,518,15.21,38.61,21058.99
Trade Show,Workshop,8,940,Hotel,Berlin,42,1.41,8,Train,451.13,19,Non-Vegetarian,940,16.77,20.34,3943.96
Team Building,Networking Event,14,882,Office,New York,35,0.75,14,Plane,28.77,455,Vegan,882,11.37,4.05,4369.18
Trade Show,Trade Show,16,699,Office,Paris,27,0.74,16,Car,82.39,205,Vegetarian,699,3.63,49.51,4861.51
Board Meeting,Networking Event,29,701,Hotel,Berlin,43,1.39,29,Plane,308.07,435,Vegetarian,701,3.78,14.6,35457.54
Seminar,Fundraiser,11,1414,Outdoor,London,19,1.24,11,Train,118.77,142,Non-Vegetarian,1414,1.39,8.18,5772.33
Atelier,Networking Event,5,1307,Hotel,Sydney,29,1.39,5,Walking,71.73,222,Non-Vegetarian,1307,16.75,38.83,4786.43
Trade Show,Fundraiser,36,1232,Outdoor,Tokyo,22,0.7,36,Bus,47.92,164,Non-Vegetarian,1232,11.01,7.12,5096.99
Formation,Product Launch,32,1387,Hotel,Tokyo,5,1.7,32,Train,344.53,91,Vegan,1387,6.38,6.77,2803.39
Atelier,Workshop,19,576,Coworking Space,Dubai,9,0.8,19,Car,11.02,469,Vegetarian,576,15.26,11.92,2072.12
Team Building,Product Launch,28,659,Hotel,New York,9,1.21,28,Car,464.61,50,Non-Vegetarian,659,13.83,1.13,7367.28
Product Launch,Trade Show,36,1517,Hotel,London,15,0.54,36,Car,331.83,187,Mixed,1517,7.12,19.0,17021.5
Trade Show,Networking Event,22,1117,Convention Center,Tokyo,40,0.87,22,Car,496.12,172,Non-Vegetarian,1117,2.21,17.41,22251.39
Séminaire,Board Meeting,4,1212,Coworking Space,Tokyo,43,0.41,4,Train,12.82,371,Vegetarian,1212,17.07,41.15,2159.95
Conférence,Board Meeting,28,1177,Hotel,Paris,27,0.84,28,Car,146.19,308,Mixed,1177,15.92,27.93,12803.29
Trade Show,Conference,31,754,Hotel,London,26,0.39,31,Train,351.14,22,Non-Vegetarian,754,2.33,16.75,3143.33
Fundraiser,Product Launch,16,1526,Hotel,New York,34,1.62,16,Train,418.85,214,Vegetarian,1526,16.3,13.78,6375.16
Product Launch,Workshop,34,1829,Coworking Space,New York,20,0.53,34,Walking,84.39,339,Vegetarian,1829,14.19,43.17,3038.42
Fundraiser,Trade Show,45,1899,Hotel,Tokyo,30,0.29,45,Bicycle,67.67,183,Vegetarian,1899,12.34,17.21,3103.35
Événement de Bienfaisance,Product Launch,30,1666,Coworking Space,Sydney,35,0.15,30,Car,178.56,226,Non-Vegetarian,1666,18.92,42.59,14507.23
Séminaire,Seminar,40,62,Convention Center,Berlin,15,1.85,40,Bus,318.05,246,Vegetarian,62,4.22,36.17,5423.2
Formation,Corporate Training,22,1644,Outdoor,Sydney,49,1.06,22,Plane,422.97,181,Vegetarian,1644,18.53,7.21,22228.21
Conférence,Trade Show,23,584,Office,Tokyo,16,0.58,23,Car,272.06,95,Non-Vegetarian,584,14.12,47.0,7700.56
Trade Show,Conference,37,1956,Coworking Space,Berlin,48,1.14,37,Walking,164.96,27,Non-Vegetarian,1956,6.47,34.26,7939.78
Formation,Trade Show,3,1292,Office,London,14,0.5,3,Walking,301.43,224,Mixed,1292,0.94,29.15,3300.68
Corporate Training,Seminar,43,1296,Office,Sydney,5,1.04,43,Car,376.99,440,Non-Vegetarian,1296,5.92,24.48,39542.48
Corporate Training,Fundraiser,2,152,Coworking Space,Tokyo,13,0.46,2,Bus,448.46,297,Vegan,152,16.81,31.99,8247.14
Conférence,Seminar,42,130,Convention Center,Berlin,9,0.57,42,Plane,344.46,146,Vegetarian,130,15.43,32.74,12971.86
Team Building,Workshop,6,769,Coworking Space,Paris,31,0.5,6,Car,414.01,368,Vegan,769,8.5,42.26,32911.71
Seminar,Seminar,25,1968,Coworking Space,Paris,11,1.33,25,Train,102.6,276,Vegan,1968,5.29,5.97,3306.1
Networking,Trade Show,28,1139,Office,Dubai,38,0.15,28,Walking,344.23,388,Mixed,1139,10.7,8.66,2966.02
Conference,Seminar,24,503,Coworking Space,Tokyo,50,1.48,24,Bus,253.68,41,Mixed,503,6.95,20.91,2825.27
Séminaire,Conference,45,1141,Coworking Space,Dubai,39,0.29,45,Bus,296.89,497,Vegetarian,1141,15.34,32.51,10914.93
Conférence,Trade Show,5,541,Coworking Space,Tokyo,45,0.48,5,Car,281.82,197,Vegan,541,13.06,7.05,12294.11
Événement de Bienfaisance,Trade Show,29,939,Hotel,Dubai,44,0.3,29,Walking,279.21,355,Vegan,939,9.39,47.0,1243.18
Conference,Product Launch,34,263,Coworking Space,Sydney,6,1.15,34,Train,8.26,195,Vegan,263,12.32,35.74,540.85
Séminaire,Workshop,41,579,Office,Berlin,15,0.38,41,Car,194.9,63,Vegan,579,0.82,16.65,3309.32
Événement de Bienfaisance,Workshop,6,1561,Hotel,Dubai,26,0.36,6,Plane,146.24,474,Vegetarian,1561,11.28,36.11,19793.8
Atelier,Team Building,23,1372,Office,Berlin,27,1.85,23,Car,81.66,171,Vegan,1372,10.81,24.6,4949.66
Team Building,Product Launch,30,31,Coworking Space,Berlin,34,1.88,30,Car,189.23,489,Mixed,31,18.35,32.06,20569.15
Product Launch,Seminar,23,483,Hotel,Berlin,20,1.07,23,Car,354.04,390,Mixed,483,15.12,8.44,30496.6
Board Meeting,Workshop,2,1599,Coworking Space,Dubai,46,1.55,2,Car,143.16,394,Vegetarian,1599,8.48,49.74,14431.3
Workshop,Networking Event,10,1430,Convention Center,Sydney,22,0.21,10,Train,141.22,370,Non-Vegetarian,1430,1.13,44.52,7209.46
Réunion du Conseil,Trade Show,20,1824,Hotel,Berlin,39,0.55,20,Walking,287.13,146,Non-Vegetarian,1824,9.59,21.79,6661.26
Fundraiser,Trade Show,28,1980,Office,Berlin,7,0.54,28,Bus,498.42,150,Vegan,1980,16.74,48.87,6649.92
Réunion du Conseil,Networking Event,17,639,Hotel,Tokyo,26,0.66,17,Train,48.59,219,Vegan,639,11.24,7.77,1248.53
Seminar,Corporate Training,26,152,Hotel,Sydney,48,1.33,26,Bicycle,377.95,158,Non-Vegetarian,152,8.64,48.74,1476.68
Réunion du Conseil,Fundraiser,47,1580,Coworking Space,Dubai,44,1.74,47,Walking,102.27,342,Vegetarian,1580,18.04,17.0,4239.24
Réunion du Conseil,Fundraiser,43,285,Hotel,Tokyo,18,1.17,43,Bus,151.24,109,Non-Vegetarian,285,6.45,49.49,2551.28
Conférence,Team Building,25,1420,Outdoor,London,42,0.78,25,Walking,248.61,12,Mixed,1420,14.73,6.42,4001.8
Networking,Board Meeting,1,1895,Office,Paris,45,1.31,1,Train,215.77,272,Non-Vegetarian,1895,5.3,32.28,9084.71
Board Meeting,Product Launch,6,1163,Office,Paris,30,1.35,6,Bicycle,255.2,400,Non-Vegetarian,1163,14.16,48.61,4317.54
Séminaire,Board Meeting,40,742,Coworking Space,Tokyo,14,1.85,40,Bus,319.61,178,Mixed,742,12.05,26.25,5863.03
Team Building,Networking Event,13,830,Hotel,Paris,37,1.68,13,Train,233.13,409,Mixed,830,5.44,49.61,6403.15
Corporate Training,Board Meeting,44,420,Office,Tokyo,45,1.52,44,Bus,480.77,348,Vegan,420,6.88,18.11,12013.26
Seminar,Trade Show,16,628,Coworking Space,Sydney,11,1.91,16,Plane,259.2,24,Non-Vegetarian,628,0.56,21.54,3965.48
Product Launch,Fundraiser,14,1790,Outdoor,Paris,21,0.96,14,Bus,272.68,304,Non-Vegetarian,1790,10.05,19.79,11439.48
Fundraiser,Team Building,32,177,Coworking Space,New York,21,1.87,32,Bus,184.13,484,Non-Vegetarian,177,18.21,31.88,6695.14
Corporate Training,Product Launch,24,105,Convention Center,Paris,46,1.17,24,Bus,107.63,370,Vegan,105,13.7,30.85,3229.33
Workshop,Networking Event,17,1134,Outdoor,London,9,0.63,17,Plane,278.04,31,Non-Vegetarian,1134,19.98,48.9,6309.77
Atelier,Seminar,9,1106,Outdoor,Sydney,19,0.24,9,Plane,217.87,354,Vegetarian,1106,2.55,46.98,21060.08
Séminaire,Board Meeting,4,1387,Outdoor,Tokyo,21,1.48,4,Bicycle,134.26,255,Vegan,1387,18.48,24.57,1535.26
Séminaire,Conference,28,725,Convention Center,Paris,24,0.2,28,Walking,11.9,490,Vegetarian,725,4.14,22.88,1208.74
Team Building,Product Launch,43,916,Convention Center,Paris,31,1.1,43,Bus,108.48,225,Non-Vegetarian,916,18.53,10.06,5460.81
Événement de Bienfaisance,Networking Event,9,374,Hotel,Tokyo,22,1.59,9,Train,397.73,95,Vegetarian,374,6.48,46.44,2335.62
Conference,Corporate Training,29,1658,Hotel,Dubai,5,0.74,29,Bus,150.36,309,Vegetarian,1658,15.11,45.35,5449.24
Événement de Bienfaisance,Seminar,33,693,Outdoor,Tokyo,37,0.59,33,Bicycle,380.38,39,Mixed,693,19.18,20.92,2172.89
Lancement de Produit,Conference,25,1364,Hotel,Paris,17,0.66,25,Train,325.82,363,Non-Vegetarian,1364,0.63,36.4,9719.22
Seminar,Corporate Training,37,906,Office,London,47,1.8,37,Car,55.01,369,Non-Vegetarian,906,4.26,42.13,9091.6
Conference,Trade Show,21,491,Convention Center,Berlin,39,0.33,21,Walking,365.76,374,Vegan,491,12.86,24.34,700.53
Événement de Bienfaisance,Fundraiser,36,185,Coworking Space,Paris,13,0.13,36,Bicycle,232.37,236,Non-Vegetarian,185,6.4,35.16,761.04
Événement de Bienfaisance,Workshop,24,835,Office,Tokyo,45,0.11,24,Bicycle,112.24,464,Non-Vegetarian,835,5.26,11.78,3015.98
Team Building,Networking Event,35,1797,Coworking Space,Paris,45,0.49,35,Bicycle,190.58,92,Vegan,1797,14.13,11.88,2234.89
Networking,Networking Event,23,1612,Coworking Space,Dubai,44,1.97,23,Train,274.89,284,Vegetarian,1612,13.26,1.65,6567.39
Workshop,Networking Event,13,751,Coworking Space,Dubai,23,1.71,13,Bicycle,136.84,256,Non-Vegetarian,751,17.36,16.87,2952.61
Product Launch,Trade Show,24,512,Convention Center,Dubai,17,1.18,24,Train,269.59,246,Mixed,512,15.83,25.19,4255.53
Réunion du Conseil,Board Meeting,15,1792,Outdoor,Paris,6,0.23,15,Walking,179.47,472,Mixed,1792,18.78,20.51,4568.93
Conférence,Trade Show,8,1242,Coworking Space,Dubai,26,0.52,8,Car,75.45,211,Vegan,1242,5.41,14.59,4679.27
Board Meeting,Product Launch,16,815,Office,Sydney,20,1.68,16,Bicycle,287.09,366,Vegan,815,12.4,19.75,1148.1
Workshop,Board Meeting,22,1542,Convention Center,Sydney,8,0.67,22,Bus,430.16,186,Mixed,1542,14.96,32.5,8809.47
Team Building,Workshop,40,405,Hotel,Tokyo,41,1.54,40,Bicycle,292.74,264,Vegetarian,405,17.34,28.47,1961.92
Seminar,Networking Event,45,85,Convention Center,London,50,1.0,45,Bus,300.63,92,Non-Vegetarian,85,17.22,30.09,3176.6
Conference,Workshop,11,1110,Convention Center,Berlin,19,1.12,11,Walking,447.93,171,Mixed,1110,17.58,43.5,3014.2
Conférence,Board Meeting,35,1454,Coworking Space,London,47,0.29,35,Bus,231.52,21,Vegan,1454,5.44,49.01,2093.14
Conférence,Corporate Training,19,82,Convention Center,London,46,1.47,19,Train,166.08,218,Non-Vegetarian,82,10.97,24.13,2447.81
Networking Event,Team Building,26,1499,Coworking Space,Paris,43,1.94,26,Plane,69.91,235,Vegetarian,1499,4.56,14.1,7477.49
Événement de Bienfaisance,Conference,39,1550,Coworking Space,Tokyo,45,0.94,39,Plane,207.24,304,Mixed,1550,13.68,32.69,20542.83
Réunion du Conseil,Networking Event,48,1555,Convention Center,Dubai,49,0.32,48,Bicycle,402.94,382,Vegetarian,1555,9.22,7.18,2741.62
Corporate Training,Board Meeting,43,1107,Outdoor,New York,49,0.6,43,Plane,21.81,77,Vegetarian,1107,10.4,41.93,2817.1
Networking,Fundraiser,29,1933,Coworking Space,New York,32,1.49,29,Train,349.31,193,Vegan,1933,12.72,41.02,5428.51
Événement de Bienfaisance,Seminar,34,1708,Hotel,New York,39,1.16,34,Plane,30.27,251,Vegan,1708,18.51,32.79,4479.12
Seminar,Conference,32,1612,Coworking Space,New York,47,0.72,32,Bicycle,332.87,354,Mixed,1612,15.04,2.14,4605.8
Séminaire,Product Launch,8,25,Hotel,Sydney,22,1.68,8,Plane,433.93,358,Vegetarian,25,14.2,19.75,39089.97
Réunion du Conseil,Corporate Training,9,1611,Convention Center,Sydney,9,1.33,9,Bicycle,370.01,217,Non-Vegetarian,1611,7.16,42.41,5791.51
Atelier,Trade Show,10,23,Coworking Space,Dubai,23,1.01,10,Car,82.15,89,Mixed,23,10.33,13.85,1757.39
Networking Event,Conference,36,248,Coworking Space,Paris,6,0.22,36,Bicycle,351.4,26,Vegetarian,248,18.02,6.66,445.12
Board Meeting,Corporate Training,2,413,Outdoor,Paris,11,0.51,2,Plane,187.56,83,Vegan,413,13.51,20.74,4378.98
Board Meeting,Product Launch,34,625,Outdoor,Paris,40,0.21,34,Bus,267.89,254,Mixed,625,13.74,14.64,5844.7
Atelier,Corporate Training,37,1567,Convention Center,Paris,24,1.69,37,Plane,208.12,402,Mixed,1567,5.11,48.05,25690.24
Conférence,Team Building,6,1767,Outdoor,Paris,10,1.55,6,Bus,322.76,252,Mixed,1767,13.82,27.62,9427.01
Product Launch,Fundraiser,30,1544,Coworking Space,New York,41,1.15,30,Car,27.14,221,Vegetarian,1544,14.41,37.37,4386.38
Product Launch,Workshop,5,249,Hotel,London,21,0.6,5,Car,438.73,421,Mixed,249,18.55,24.9,39529.02
Séminaire,Workshop,47,854,Coworking Space,London,40,1.32,47,Walking,401.42,386,Vegetarian,854,1.5,44.98,2614.76
Product Launch,Workshop,23,973,Outdoor,Tokyo,46,0.98,23,Bus,248.07,377,Vegetarian,973,12.48,38.19,7690.6
Formation,Trade Show,20,205,Coworking Space,Paris,21,0.62,20,Plane,239.92,273,Vegan,205,13.74,13.13,16763.48
Board Meeting,Seminar,4,19,Outdoor,Tokyo,17,1.83,4,Train,273.28,50,Mixed,19,18.21,29.07,750.84
Team Building,Conference,14,1059,Convention Center,London,41,1.24,14,Bicycle,325.78,428,Non-Vegetarian,1059,3.65,27.38,4124.44
Corporate Training,Seminar,22,1861,Outdoor,New York,29,0.78,22,Bicycle,288.18,246,Vegetarian,1861,3.27,18.16,3083.18
Événement de Bienfaisance,Networking Event,22,660,Convention Center,New York,15,1.91,22,Walking,113.39,320,Vegan,660,6.63,13.34,1015.09
Fundraiser,Networking Event,12,209,Hotel,Paris,38,1.34,12,Train,449.32,362,Vegetarian,209,13.65,43.75,7239.97
Conférence,Conference,44,1571,Hotel,Sydney,16,1.79,44,Train,496.62,253,Vegetarian,1571,12.15,40.98,8118.63
Lancement de Produit,Fundraiser,14,1629,Convention Center,New York,42,1.42,14,Walking,439.01,193,Mixed,1629,14.39,36.42,4591.6
Team Building,Seminar,4,808,Convention Center,London,10,1.62,4,Plane,298.83,369,Vegan,808,10.6,18.42,28465.51
Board Meeting,Board Meeting,2,187,Coworking Space,Sydney,12,0.89,2,Train,386.77,31,Mixed,187,3.65,37.06,1039.19
Conference,Team Building,16,1999,Coworking Space,New York,44,0.98,16,Train,353.44,30,Vegan,1999,1.6,33.03,2837.35
Workshop,Product Launch,26,739,Office,Sydney,9,0.28,26,Train,297.71,383,Vegan,739,4.65,42.49,5426.96
Networking,Seminar,35,1804,Convention Center,Paris,18,0.91,35,Train,350.16,419,Mixed,1804,17.79,25.3,10751.51
Seminar,Product Launch,40,353,Hotel,New York,39,0.67,40,Bus,63.73,263,Mixed,353,0.89,7.36,2427.26
Board Meeting,Corporate Training,24,1247,Office,Berlin,40,1.56,24,Plane,327.11,304,Vegetarian,1247,16.77,46.53,27606.26
Board Meeting,Trade Show,4,971,Coworking Space,Paris,12,0.12,4,Car,100.26,186,Non-Vegetarian,971,18.89,42.91,7441.14
Lancement de Produit,Board Meeting,47,1488,Office,New York,19,1.03,47,Train,56.13,351,Vegetarian,1488,4.42,49.13,3587.06
Atelier,Networking Event,4,416,Hotel,Tokyo,27,1.91,4,Train,332.12,12,Vegetarian,416,12.07,36.13,982.96
Conférence,Networking Event,22,761,Convention Center,Berlin,46,0.67,22,Bicycle,186.41,486,Vegetarian,761,8.03,13.88,1524.34
Workshop,Seminar,41,1103,Hotel,New York,23,0.57,41,Bicycle,195.71,199,Vegan,1103,10.94,14.76,1423.16
Formation,Seminar,26,1568,Outdoor,Dubai,41,0.12,26,Bus,486.76,215,Vegan,1568,0.88,10.88,7934.68
Séminaire,Corporate Training,38,1594,Coworking Space,Sydney,31,0.77,38,Walking,52.63,478,Mixed,1594,4.77,16.29,4480.65
Formation,Corporate Training,26,573,Coworking Space,Paris,47,0.75,26,Walking,103.87,306,Vegetarian,573,13.76,9.52,1364.31
Formation,Workshop,9,133,Coworking Space,Berlin,7,0.87,9,Plane,425.26,140,Vegan,133,13.84,47.76,15167.71
Board Meeting,Workshop,12,12,Outdoor,London,25,0.44,12,Train,190.13,37,Mixed,12,1.95,13.1,407.49
Product Launch,Workshop,43,1924,Office,Dubai,24,1.95,43,Car,316.79,381,Mixed,1924,3.54,26.7,31223.05
Conference,Workshop,20,1971,Office,Berlin,42,0.76,20,Bus,459.48,101,Mixed,1971,11.95,47.86,8150.77
Networking,Workshop,38,537,Outdoor,Dubai,11,1.21,38,Bus,113.07,44,Vegetarian,537,2.0,46.39,1453.67
Séminaire,Trade Show,18,135,Outdoor,Berlin,29,0.76,18,Plane,203.25,320,Vegan,135,13.07,38.27,16696.04
Corporate Training,Networking Event,2,1839,Hotel,Dubai,29,1.43,2,Walking,314.2,331,Vegan,1839,15.04,17.6,1945.75
Team Building,Workshop,2,39,Office,Berlin,15,0.37,2,Walking,200.5,95,Vegetarian,39,5.01,3.99,82.05
Networking Event,Conference,3,377,Office,Tokyo,15,0.36,3,Car,142.23,145,Mixed,377,6.96,20.64,5336.7
Workshop,Conference,22,68,Convention Center,New York,22,1.65,22,Plane,159.4,27,Non-Vegetarian,68,5.13,8.8,1741.11
Séminaire,Conference,12,886,Outdoor,New York,9,1.49,12,Car,382.45,426,Vegetarian,886,13.1,48.41,35746.46
Séminaire,Fundraiser,30,1987,Hotel,Tokyo,44,1.36,30,Train,367.98,347,Vegetarian,1987,19.3,42.89,9110.04
Board Meeting,Workshop,23,1079,Office,London,17,1.92,23,Train,458.65,445,Non-Vegetarian,1079,9.93,35.34,12406.37
Trade Show,Networking Event,3,79,Coworking Space,Tokyo,40,0.64,3,Walking,322.47,154,Mixed,79,17.52,20.65,312.24
Product Launch,Networking Event,11,1992,Coworking Space,Paris,18,1.37,11,Bicycle,357.67,271,Vegan,1992,18.1,31.01,2225.85
Corporate Training,Team Building,14,431,Outdoor,Paris,21,1.62,14,Plane,268.85,491,Non-Vegetarian,431,5.24,35.06,34828.58
Conference,Board Meeting,10,1057,Coworking Space,Sydney,35,1.72,10,Bus,449.37,299,Vegetarian,1057,9.72,46.35,10060.34
Workshop,Networking Event,19,29,Convention Center,Paris,22,0.92,19,Car,459.43,100,Non-Vegetarian,29,19.52,13.56,10007.97
Formation,Corporate Training,6,511,Coworking Space,London,44,0.88,6,Plane,39.93,309,Vegetarian,511,3.36,26.57,4027.11
Réunion du Conseil,Board Meeting,34,1608,Outdoor,Tokyo,46,0.98,34,Bicycle,149.37,440,Vegan,1608,3.11,25.52,2431.62
Lancement de Produit,Corporate Training,37,354,Convention Center,Berlin,6,1.73,37,Bicycle,207.51,123,Mixed,354,8.31,36.68,1167.01
Seminar,Team Building,24,1308,Coworking Space,Tokyo,24,0.17,24,Plane,358.49,453,Non-Vegetarian,1308,11.45,6.71,45262.27
Séminaire,Corporate Training,13,1989,Convention Center,Dubai,26,0.52,13,Walking,27.02,80,Vegetarian,1989,18.93,32.66,3174.56
Networking Event,Product Launch,1,1755,Convention Center,New York,9,0.11,1,Train,418.9,374,Non-Vegetarian,1755,19.08,47.39,12542.68
Lancement de Produit,Trade Show,30,589,Convention Center,New York,21,0.71,30,Bicycle,257.3,103,Non-Vegetarian,589,18.25,1.8,2325.25
Networking Event,Product Launch,17,147,Convention Center,Dubai,41,0.66,17,Plane,131.17,209,Non-Vegetarian,147,5.4,28.45,7665.84
Conference,Conference,44,1953,Office,Dubai,12,1.05,44,Bus,455.13,30,Non-Vegetarian,1953,7.73,11.49,7970.37
Team Building,Product Launch,46,535,Outdoor,Tokyo,16,1.6,46,Bicycle,323.73,457,Non-Vegetarian,535,10.91,47.99,2579.1
Team Building,Workshop,26,1499,Coworking Space,Dubai,11,1.61,26,Plane,453.62,27,Mixed,1499,14.28,49.32,7166.86
Board Meeting,Workshop,45,1847,Hotel,New York,25,0.72,45,Bus,271.31,62,Mixed,1847,7.51,38.89,6124.57
Seminar,Seminar,44,214,Office,Dubai,45,0.41,44,Car,33.42,383,Vegetarian,214,3.81,2.65,3427.79
Atelier,Seminar,11,126,Convention Center,London,31,0.69,11,Bus,321.51,208,Mixed,126,18.08,38.37,4557.99
Réunion du Conseil,Workshop,11,452,Hotel,Sydney,33,0.47,11,Walking,8.15,251,Non-Vegetarian,452,4.17,13.19,1702.03
Corporate Training,Board Meeting,3,300,Coworking Space,Berlin,49,0.93,3,Bicycle,331.0,17,Vegetarian,300,7.13,17.24,567.1
Réunion du Conseil,Workshop,10,916,Coworking Space,Berlin,34,0.96,10,Car,344.69,413,Vegan,916,3.38,24.18,31029.28
Workshop,Corporate Training,3,1803,Convention Center,Berlin,39,1.31,3,Walking,353.7,444,Vegan,1803,15.95,40.41,1992.36
Atelier,Conference,26,1470,Convention Center,Berlin,45,0.72,26,Walking,283.63,265,Mixed,1470,15.02,45.84,4217.92
Conférence,Fundraiser,45,943,Hotel,Sydney,20,0.75,45,Bicycle,206.66,330,Vegan,943,0.75,12.68,1307.36
Corporate Training,Workshop,38,1118,Convention Center,New York,47,1.9,38,Plane,301.88,498,Mixed,1118,19.59,22.9,42160.74
Événement de Bienfaisance,Workshop,45,1749,Office,Dubai,20,1.9,45,Plane,455.31,423,Non-Vegetarian,1749,2.1,31.39,55192.51
Événement de Bienfaisance,Product Launch,36,389,Office,Paris,19,1.22,36,Bicycle,312.69,453,Vegan,389,11.53,42.15,913.6
Board Meeting,Board Meeting,47,552,Outdoor,Dubai,21,0.44,47,Plane,330.15,329,Vegetarian,552,12.72,16.33,28258.08
Lancement de Produit,Conference,35,677,Convention Center,London,13,1.14,35,Walking,410.48,105,Mixed,677,2.68,9.6,1976.41
Networking,Seminar,25,123,Convention Center,New York,37,0.21,25,Walking,365.52,168,Non-Vegetarian,123,18.97,14.84,595.25
Product Launch,Product Launch,39,795,Office,London,31,0.99,39,Car,440.33,53,Vegan,795,4.61,35.06,6373.67
Lancement de Produit,Fundraiser,15,1087,Convention Center,London,10,1.84,15,Bicycle,398.87,82,Mixed,1087,19.14,34.07,2961.92
Trade Show,Team Building,1,250,Coworking Space,Tokyo,21,0.2,1,Bus,422.46,494,Vegan,250,5.26,38.61,12861.55
Workshop,Fundraiser,36,1724,Hotel,Dubai,9,1.99,36,Train,170.58,241,Vegetarian,1724,4.73,5.74,4573.71
Réunion du Conseil,Workshop,39,728,Office,Dubai,14,0.4,39,Bicycle,310.84,188,Non-Vegetarian,728,12.35,44.13,2770.16
Conférence,Conference,18,939,Office,Tokyo,47,0.58,18,Plane,122.39,426,Non-Vegetarian,939,4.88,43.92,16663.97
Formation,Networking Event,1,456,Outdoor,Berlin,45,1.91,1,Bicycle,187.91,30,Vegetarian,456,1.42,42.33,814.48
Réunion du Conseil,Workshop,21,1978,Hotel,Tokyo,38,0.94,21,Train,370.65,175,Vegan,1978,1.28,30.08,5010.33
Réunion du Conseil,Workshop,27,465,Hotel,Sydney,14,1.38,27,Plane,140.29,132,Vegetarian,465,8.67,39.99,5685.21
Fundraiser,Seminar,2,363,Convention Center,London,33,1.09,2,Train,25.38,345,Vegetarian,363,8.21,13.52,974.17
Réunion du Conseil,Product Launch,13,1697,Coworking Space,Berlin,22,0.8,13,Bicycle,147.56,230,Non-Vegetarian,1697,11.11,49.27,6174.66
Fundraiser,Trade Show,3,115,Outdoor,London,8,0.29,3,Train,385.48,142,Mixed,115,2.89,31.2,2548.69
Corporate Training,Corporate Training,27,80,Outdoor,Sydney,33,0.96,27,Bicycle,96.37,84,Vegetarian,80,14.49,5.8,588.26
Lancement de Produit,Trade Show,8,351,Hotel,Berlin,5,0.71,8,Car,439.62,305,Vegetarian,351,19.45,20.82,28778.9
Networking Event,Trade Show,22,962,Outdoor,London,44,0.62,22,Bus,229.41,274,Vegan,962,2.38,44.21,5126.76
Team Building,Conference,28,1450,Outdoor,New York,23,1.11,28,Walking,444.09,213,Non-Vegetarian,1450,19.44,35.58,5542.46
Conference,Seminar,46,1538,Hotel,Dubai,5,0.97,46,Walking,60.91,119,Non-Vegetarian,1538,4.99,16.97,5538.47
Team Building,Trade Show,39,770,Convention Center,Tokyo,33,1.08,39,Bicycle,150.63,172,Vegan,770,16.55,27.12,1552.32
Trade Show,Board Meeting,10,441,Convention Center,Dubai,23,0.67,10,Bicycle,129.38,370,Non-Vegetarian,441,16.05,27.15,1706.95
Séminaire,Workshop,34,1621,Coworking Space,Berlin,7,0.86,34,Bicycle,94.46,77,Vegetarian,1621,14.77,47.78,2658.94
Lancement de Produit,Corporate Training,36,1024,Hotel,Tokyo,41,1.55,36,Train,213.87,497,Vegan,1024,19.46,3.0,6464.56
Réunion du Conseil,Conference,9,650,Outdoor,Berlin,5,0.1,9,Bus,236.98,205,Vegetarian,650,10.92,6.34,3926.62
Team Building,Seminar,47,1713,Convention Center,New York,44,0.51,47,Plane,384.28,71,Vegetarian,1713,19.98,41.39,10040.55
Conference,Conference,18,1469,Convention Center,Tokyo,33,1.74,18,Plane,445.96,92,Non-Vegetarian,1469,15.12,23.43,15992.46
Networking Event,Product Launch,19,935,Office,Sydney,50,0.71,19,Car,377.75,172,Mixed,935,6.74,49.47,16431.5
Board Meeting,Workshop,33,988,Coworking Space,Paris,47,1.35,33,Bus,438.84,448,Vegetarian,988,18.41,35.87,14433.5
Board Meeting,Team Building,47,1454,Convention Center,Tokyo,23,0.12,47,Bus,397.83,259,Vegan,1454,3.74,17.6,7743.82
Conférence,Board Meeting,42,1843,Coworking Space,Tokyo,43,1.05,42,Bicycle,480.36,459,Vegetarian,1843,17.58,12.81,3773.43
Séminaire,Seminar,16,1298,Office,Berlin,39,1.34,16,Car,13.24,417,Mixed,1298,14.92,48.69,4949.73
Team Building,Fundraiser,3,719,Outdoor,New York,44,1.2,3,Bicycle,239.63,418,Non-Vegetarian,719,4.14,35.09,2674.16
Team Building,Fundraiser,29,974,Outdoor,Berlin,29,1.48,29,Bus,98.19,52,Vegetarian,974,5.92,26.34,2454.21
Team Building,Fundraiser,19,1922,Convention Center,New York,25,1.5,19,Car,2.41,288,Vegetarian,1922,7.37,38.28,3476.31
Networking Event,Seminar,5,606,Coworking Space,Dubai,38,1.73,5,Bicycle,344.82,354,Mixed,606,18.41,33.88,1783.93
Workshop,Fundraiser,29,1524,Convention Center,Tokyo,6,1.5,29,Plane,286.61,159,Vegetarian,1524,8.64,29.03,13884.59
Formation,Workshop,20,560,Convention Center,Sydney,47,0.17,20,Plane,276.72,397,Vegetarian,560,9.86,42.11,28488.3
Conference,Seminar,41,831,Office,Dubai,29,1.34,41,Plane,344.73,211,Mixed,831,11.54,30.21,21142.14
Fundraiser,Networking Event,43,2000,Convention Center,Berlin,13,0.64,43,Plane,77.02,45,Vegetarian,2000,8.61,41.75,4146.07
Atelier,Conference,47,1766,Hotel,Paris,12,1.86,47,Plane,246.9,135,Mixed,1766,17.45,39.05,13385.4
Networking,Team Building,29,1449,Convention Center,Sydney,17,1.07,29,Walking,382.35,188,Non-Vegetarian,1449,4.77,45.96,5436.72
Conference,Workshop,21,66,Office,Sydney,13,0.41,21,Walking,288.72,426,Vegetarian,66,1.07,16.99,191.09
Team Building,Conference,22,57,Hotel,Sydney,25,1.48,22,Plane,111.65,175,Non-Vegetarian,57,14.09,25.82,5571.01
Corporate Training,Board Meeting,13,1443,Office,London,15,0.29,13,Train,2.75,498,Vegan,1443,11.55,42.73,1634.62
Conférence,Trade Show,1,46,Hotel,New York,19,0.67,1,Bus,318.16,195,Vegan,46,19.91,17.11,3848.88
Atelier,Trade Show,23,1479,Outdoor,Sydney,19,0.54,23,Car,149.98,304,Vegetarian,1479,6.0,25.27,11973.75
Formation,Fundraiser,12,1056,Convention Center,New York,46,1.92,12,Bicycle,482.57,477,Vegan,1056,14.05,43.36,1700.74
Conference,Product Launch,28,641,Hotel,Dubai,32,0.17,28,Bicycle,29.87,124,Mixed,641,15.9,46.69,1803.84
Fundraiser,Board Meeting,10,484,Coworking Space,London,48,1.47,10,Train,459.17,455,Vegetarian,484,1.17,35.75,9509.53
Conférence,Seminar,20,163,Coworking Space,Paris,14,0.39,20,Car,197.17,154,Vegan,163,2.79,3.52,6606.7
Workshop,Workshop,34,904,Coworking Space,Dubai,27,1.21,34,Train,378.41,125,Non-Vegetarian,904,11.5,19.07,5672.58
Conference,Team Building,34,1563,Hotel,Paris,22,1.56,34,Bus,190.57,143,Vegetarian,1563,11.65,46.09,4678.51
Corporate Training,Trade Show,39,954,Coworking Space,London,12,0.99,39,Plane,300.74,165,Vegan,954,1.45,34.59,13663.26
Lancement de Produit,Team Building,9,1138,Outdoor,Tokyo,50,0.56,9,Train,120.3,399,Non-Vegetarian,1138,2.34,31.02,6095.71
Événement de Bienfaisance,Team Building,18,1983,Office,Sydney,49,0.89,18,Plane,274.85,269,Vegetarian,1983,19.54,25.46,21940.65
Événement de Bienfaisance,Board Meeting,1,40,Outdoor,Tokyo,24,0.62,1,Train,40.89,46,Mixed,40,10.83,22.6,249.54
Workshop,Board Meeting,23,1259,Outdoor,Berlin,29,1.54,23,Bus,6.84,123,Vegan,1259,2.13,7.35,1842.03
Team Building,Networking Event,47,1383,Hotel,Tokyo,47,0.4,47,Plane,44.17,98,Mixed,1383,10.09,10.59,5022.82
Lancement de Produit,Networking Event,18,1118,Hotel,Sydney,16,0.79,18,Walking,256.4,407,Vegan,1118,12.13,47.91,1351.84
Networking Event,Seminar,5,331,Coworking Space,New York,21,0.58,5,Plane,255.22,117,Vegan,331,18.79,17.45,7899.11
Networking Event,Workshop,26,255,Convention Center,New York,18,1.32,26,Train,13.84,18,Vegan,255,14.3,25.14,652.72
Réunion du Conseil,Product Launch,11,116,Hotel,Tokyo,16,0.14,11,Walking,44.38,109,Non-Vegetarian,116,8.2,24.25,483.22
Workshop,Fundraiser,48,1266,Hotel,New York,8,1.5,48,Plane,170.54,199,Vegan,1266,10.46,26.83,10112.94
Trade Show,Conference,30,1187,Coworking Space,Dubai,30,1.63,30,Walking,329.95,444,Mixed,1187,7.77,30.22,3776.98
Workshop,Team Building,1,1400,Office,Tokyo,47,1.06,1,Bicycle,453.32,280,Non-Vegetarian,1400,16.34,33.77,5025.13
Lancement de Produit,Seminar,13,1983,Convention Center,Dubai,44,1.87,13,Bus,389.59,319,Non-Vegetarian,1983,6.0,37.64,15019.35
Networking Event,Corporate Training,17,64,Coworking Space,Paris,47,1.16,17,Walking,399.78,435,Mixed,64,18.67,25.2,711.16
Team Building,Trade Show,37,1814,Coworking Space,Dubai,32,0.53,37,Plane,154.18,36,Non-Vegetarian,1814,7.81,16.79,8099.58
Réunion du Conseil,Fundraiser,20,1586,Office,Paris,16,1.51,20,Walking,496.32,407,Vegetarian,1586,4.43,1.36,2632.18
Atelier,Team Building,22,12,Coworking Space,Tokyo,16,0.3,22,Bicycle,54.78,175,Mixed,12,2.2,36.41,160.02
Événement de Bienfaisance,Product Launch,34,686,Coworking Space,Paris,26,0.26,34,Bus,364.12,391,Non-Vegetarian,686,10.08,28.04,11134.42
Team Building,Conference,5,470,Hotel,New York,18,0.96,5,Bus,9.78,312,Non-Vegetarian,470,3.09,22.0,1921.46
Lancement de Produit,Trade Show,18,743,Outdoor,London,27,1.84,18,Walking,274.57,191,Mixed,743,15.66,17.25,2370.44
Seminar,Product Launch,27,1038,Outdoor,Tokyo,10,1.77,27,Car,47.6,316,Mixed,1038,16.65,24.08,6074.15
Événement de Bienfaisance,Team Building,24,609,Coworking Space,Sydney,25,0.46,24,Car,99.33,303,Mixed,609,13.39,27.08,8061.81
Atelier,Team Building,21,1440,Coworking Space,Tokyo,9,1.16,21,Bicycle,139.68,431,Vegetarian,1440,12.87,9.67,2314.7
Workshop,Conference,23,929,Office,London,12,1.65,23,Bus,315.6,414,Mixed,929,6.45,10.27,10423.14
Workshop,Trade Show,22,1652,Coworking Space,Sydney,10,1.9,22,Plane,319.34,238,Non-Vegetarian,1652,2.58,14.93,25026.75
Board Meeting,Fundraiser,8,1253,Hotel,London,16,1.59,8,Train,183.15,160,Non-Vegetarian,1253,4.04,6.22,5679.94
Networking,Seminar,22,686,Convention Center,New York,8,1.81,22,Walking,134.76,226,Vegan,686,5.44,9.94,876.04
Product Launch,Fundraiser,11,201,Coworking Space,Sydney,37,1.93,11,Bicycle,441.92,499,Vegetarian,201,16.34,19.57,766.08
Fundraiser,Board Meeting,17,132,Hotel,Sydney,46,1.1,17,Train,257.85,273,Mixed,132,16.61,41.83,3692.7
Trade Show,Team Building,22,1539,Office,Dubai,43,0.7,22,Bus,67.5,368,Vegan,1539,12.2,15.67,3416.24
Team Building,Networking Event,37,316,Coworking Space,London,45,0.64,37,Plane,234.73,303,Non-Vegetarian,316,18.39,1.29,19458.96
Événement de Bienfaisance,Conference,29,373,Outdoor,London,11,0.87,29,Plane,196.2,185,Non-Vegetarian,373,14.67,40.06,10627.97
Networking Event,Product Launch,13,1211,Coworking Space,New York,47,0.48,13,Plane,243.56,461,Mixed,1211,17.58,31.63,31342.85
Board Meeting,Corporate Training,17,1779,Office,Berlin,46,1.06,17,Plane,180.85,117,Mixed,1779,4.12,35.33,10230.72
Fundraiser,Seminar,39,859,Office,London,39,0.84,39,Bus,6.89,397,Mixed,859,16.94,10.63,3005.58
Réunion du Conseil,Fundraiser,16,150,Outdoor,Berlin,13,1.27,16,Walking,91.99,117,Vegan,150,12.44,31.04,369.04
Corporate Training,Workshop,41,869,Office,Berlin,9,0.9,41,Bus,490.69,296,Vegetarian,869,1.35,23.15,10233.2
Atelier,Networking Event,25,1308,Outdoor,Berlin,27,0.41,25,Train,209.42,437,Mixed,1308,13.72,32.28,7161.04
Networking,Conference,45,1518,Outdoor,Tokyo,44,0.38,45,Plane,393.87,332,Non-Vegetarian,1518,19.8,22.39,38464.79
Formation,Conference,1,251,Coworking Space,Dubai,38,0.25,1,Car,120.12,211,Vegetarian,251,3.26,13.77,5737.83
Lancement de Produit,Networking Event,8,573,Hotel,Dubai,23,1.64,8,Walking,403.21,130,Mixed,573,12.79,16.35,1641.66
Séminaire,Board Meeting,27,1498,Hotel,Paris,10,1.62,27,Bus,339.15,90,Mixed,1498,14.02,27.57,5878.29
Événement de Bienfaisance,Corporate Training,3,969,Office,Sydney,18,1.69,3,Train,398.14,275,Vegetarian,969,12.5,49.84,6003.35
Conference,Seminar,11,476,Office,Tokyo,33,0.73,11,Train,433.24,13,Mixed,476,10.51,26.88,1622.56
Atelier,Conference,22,663,Coworking Space,Paris,25,1.78,22,Train,197.65,86,Non-Vegetarian,663,18.62,23.92,3575.0
Fundraiser,Seminar,22,1839,Coworking Space,Tokyo,17,0.9,22,Walking,234.97,182,Vegan,1839,13.08,38.52,2110.5
Corporate Training,Corporate Training,2,1771,Coworking Space,Tokyo,27,0.68,2,Walking,449.89,450,Vegetarian,1771,10.7,7.81,2711.88
Corporate Training,Product Launch,38,1234,Hotel,Berlin,10,0.54,38,Train,192.58,165,Vegetarian,1234,11.67,24.34,3296.65
Atelier,Trade Show,8,680,Hotel,Dubai,36,1.33,8,Plane,184.3,247,Vegetarian,680,14.85,35.57,12692.89
Formation,Board Meeting,48,444,Outdoor,Paris,9,1.5,48,Bus,243.15,122,Non-Vegetarian,444,17.78,33.93,3761.28
Product Launch,Corporate Training,15,1941,Coworking Space,Berlin,6,1.64,15,Bicycle,52.79,328,Vegan,1941,14.73,13.61,2071.48
Conférence,Fundraiser,23,1158,Outdoor,London,38,0.46,23,Car,345.6,160,Vegan,1158,6.01,27.55,13038.3
Board Meeting,Product Launch,10,1337,Coworking Space,Paris,41,0.72,10,Walking,52.19,27,Vegan,1337,16.51,42.36,1602.34
Trade Show,Conference,8,661,Hotel,London,45,0.69,8,Bus,437.27,305,Vegetarian,661,17.44,36.01,9224.64
Atelier,Workshop,27,29,Office,Dubai,46,0.58,27,Bus,294.41,25,Vegan,29,1.71,37.89,910.0
Corporate Training,Networking Event,35,241,Convention Center,Paris,44,0.19,35,Bicycle,84.71,270,Mixed,241,7.91,25.91,816.44
Formation,Seminar,39,888,Coworking Space,Paris,36,1.34,39,Plane,103.91,381,Non-Vegetarian,888,8.68,38.01,14039.49
Séminaire,Product Launch,25,440,Coworking Space,New York,24,1.03,25,Plane,53.93,31,Mixed,440,15.89,38.82,1936.38
Lancement de Produit,Conference,23,877,Convention Center,New York,31,0.19,23,Car,153.78,262,Vegetarian,877,6.95,7.63,9873.37
Networking,Conference,31,1162,Convention Center,Berlin,43,1.53,31,Car,455.16,262,Non-Vegetarian,1162,2.23,21.27,30176.65
Board Meeting,Corporate Training,48,983,Coworking Space,New York,8,0.12,48,Bicycle,367.16,487,Vegan,983,14.92,13.02,1061.92
Conference,Networking Event,27,455,Coworking Space,Tokyo,14,0.87,27,Walking,150.7,386,Non-Vegetarian,455,6.11,34.15,1837.45
Workshop,Corporate Training,27,801,Coworking Space,London,22,1.39,27,Walking,475.61,232,Vegan,801,18.64,16.81,1284.73
Networking Event,Corporate Training,21,1460,Outdoor,New York,46,0.36,21,Walking,204.58,252,Vegetarian,1460,16.49,32.81,2462.48
Formation,Fundraiser,22,914,Office,Paris,14,0.52,22,Bicycle,119.98,324,Mixed,914,13.06,26.98,2445.16
Networking,Fundraiser,48,1805,Convention Center,New York,30,0.24,48,Train,57.72,153,Mixed,1805,11.84,35.03,5132.29
Trade Show,Product Launch,18,1150,Office,Tokyo,18,1.41,18,Car,332.88,289,Non-Vegetarian,1150,5.51,16.02,24498.97
Séminaire,Product Launch,33,1695,Convention Center,Paris,44,1.11,33,Plane,133.4,189,Vegetarian,1695,12.45,27.37,9731.15
Conférence,Fundraiser,14,1885,Outdoor,Tokyo,13,1.16,14,Car,347.69,245,Non-Vegetarian,1885,9.72,13.66,24638.47
Atelier,Board Meeting,4,701,Coworking Space,Dubai,14,1.01,4,Car,198.62,303,Vegetarian,701,6.12,2.5,13735.21
Team Building,Board Meeting,30,898,Convention Center,Paris,9,1.49,30,Train,394.11,225,Vegetarian,898,3.45,42.57,5187.18
Formation,Seminar,32,1446,Office,Tokyo,36,0.26,32,Bicycle,289.5,468,Mixed,1446,14.06,23.64,3840.16
Corporate Training,Trade Show,46,327,Coworking Space,Sydney,28,1.15,46,Train,112.99,245,Vegan,327,2.95,19.68,2220.16
Corporate Training,Trade Show,8,176,Coworking Space,Tokyo,43,1.38,8,Train,49.26,354,Mixed,176,13.66,40.79,1483.78
Seminar,Conference,27,332,Convention Center,Tokyo,50,1.8,27,Plane,225.45,233,Vegan,332,16.68,49.47,14811.76
Fundraiser,Team Building,16,578,Office,Paris,11,0.76,16,Train,1.42,494,Non-Vegetarian,578,7.23,37.88,2208.16
Réunion du Conseil,Product Launch,19,263,Convention Center,Berlin,29,1.98,19,Walking,397.48,225,Non-Vegetarian,263,19.95,30.16,1566.21
Seminar,Corporate Training,33,549,Coworking Space,Paris,10,1.35,33,Plane,234.05,179,Vegetarian,549,16.7,39.52,11632.43
Fundraiser,Networking Event,16,1016,Office,Berlin,32,1.16,16,Walking,155.99,285,Mixed,1016,18.63,9.7,2893.62
Atelier,Board Meeting,34,1869,Hotel,London,42,0.43,34,Bus,441.77,453,Vegetarian,1869,5.04,35.07,15198.05
Networking Event,Networking Event,34,493,Hotel,Dubai,16,1.4,34,Car,335.61,192,Vegetarian,493,1.42,17.77,14690.48
Team Building,Conference,26,1968,Hotel,Paris,38,1.5,26,Bicycle,360.22,256,Vegetarian,1968,15.62,30.08,3784.4
Fundraiser,Product Launch,18,622,Hotel,Paris,8,0.34,18,Bus,293.78,451,Vegan,622,17.27,25.67,8682.05
Formation,Corporate Training,23,567,Office,Paris,11,0.31,23,Bicycle,80.92,252,Mixed,567,2.35,21.88,1505.17
Product Launch,Product Launch,30,1174,Hotel,Dubai,25,1.23,30,Bus,388.42,399,Vegan,1174,3.63,39.34,11019.96
Networking,Team Building,36,133,Hotel,New York,22,0.29,36,Bicycle,197.91,184,Mixed,133,8.87,21.89,508.86
Réunion du Conseil,Seminar,16,1871,Coworking Space,Dubai,18,0.53,16,Plane,343.59,423,Vegan,1871,9.06,35.85,38371.78
Corporate Training,Board Meeting,48,782,Office,Tokyo,23,0.95,48,Bus,95.95,374,Vegan,782,17.7,23.24,3541.4
Fundraiser,Fundraiser,32,50,Outdoor,Dubai,9,0.57,32,Bus,297.51,444,Vegan,50,9.18,49.59,8175.29
Formation,Product Launch,8,1040,Outdoor,Paris,20,1.46,8,Car,273.34,237,Non-Vegetarian,1040,8.14,10.13,17397.47
Conference,Team Building,23,545,Office,Tokyo,6,0.3,23,Plane,9.61,428,Non-Vegetarian,545,13.46,35.57,3054.53
Board Meeting,Seminar,20,1961,Office,London,47,1.71,20,Walking,54.56,312,Mixed,1961,1.13,22.38,5753.22
Lancement de Produit,Workshop,38,144,Outdoor,Berlin,33,1.94,38,Train,107.84,275,Vegan,144,13.03,15.31,2603.3
Team Building,Trade Show,9,536,Office,London,43,0.98,9,Train,49.69,241,Mixed,536,2.79,3.44,2021.1
Trade Show,Product Launch,3,651,Outdoor,Sydney,35,0.22,3,Bicycle,19.84,56,Vegan,651,9.17,31.36,743.61
Corporate Training,Corporate Training,2,161,Convention Center,New York,40,1.03,2,Plane,258.35,210,Vegetarian,161,18.2,45.53,13973.54
Événement de Bienfaisance,Fundraiser,22,1989,Outdoor,Dubai,45,0.6,22,Bicycle,16.81,299,Vegetarian,1989,10.58,12.39,3326.44
Fundraiser,Seminar,12,297,Convention Center,Paris,11,1.5,12,Walking,95.27,408,Vegan,297,2.87,30.76,463.26
Lancement de Produit,Product Launch,8,185,Convention Center,New York,11,0.22,8,Car,275.43,188,Mixed,185,14.41,7.81,11390.6
Workshop,Fundraiser,38,1085,Outdoor,Paris,40,1.04,38,Train,470.22,403,Vegan,1085,9.48,9.99,9494.29
Board Meeting,Fundraiser,15,34,Coworking Space,Paris,28,0.68,15,Train,104.56,270,Vegetarian,34,13.12,24.7,1398.69
Conference,Seminar,44,967,Hotel,Dubai,28,0.8,44,Train,453.61,29,Non-Vegetarian,967,6.89,4.49,4426.25
Conférence,Board Meeting,43,254,Convention Center,Dubai,7,0.49,43,Walking,14.0,403,Vegetarian,254,12.82,41.18,562.75
Workshop,Conference,1,735,Outdoor,London,39,1.42,1,Bus,145.69,50,Vegan,735,2.33,41.47,1287.36
Atelier,Fundraiser,17,686,Convention Center,London,21,0.52,17,Bus,438.27,444,Mixed,686,17.21,11.24,13540.23
Formation,Product Launch,20,294,Hotel,Sydney,8,0.19,20,Train,162.4,406,Vegetarian,294,18.27,39.07,3208.26
Événement de Bienfaisance,Product Launch,45,1321,Office,Berlin,37,1.93,45,Train,192.51,98,Non-Vegetarian,1321,8.41,16.25,7034.18
Conference,Networking Event,11,787,Hotel,Berlin,9,0.96,11,Train,198.2,459,Non-Vegetarian,787,9.19,13.62,6486.59
Conférence,Team Building,9,264,Convention Center,Dubai,46,0.62,9,Bicycle,78.1,132,Mixed,264,7.36,32.66,868.38
Board Meeting,Workshop,22,734,Coworking Space,Dubai,19,0.87,22,Car,9.37,302,Mixed,734,7.2,2.67,2630.82
Formation,Conference,8,1045,Hotel,Tokyo,28,0.16,8,Train,272.07,143,Mixed,1045,7.72,13.52,4229.14
Formation,Corporate Training,12,1653,Outdoor,Dubai,50,0.4,12,Bus,456.14,118,Vegetarian,1653,15.18,27.12,5913.57
Team Building,Workshop,43,34,Convention Center,London,18,1.87,43,Plane,57.87,266,Vegan,34,5.11,7.49,4631.24
Conférence,Trade Show,9,726,Convention Center,Berlin,8,1.53,9,Plane,331.28,328,Vegan,726,3.05,25.14,28002.42
Atelier,Corporate Training,28,1912,Convention Center,Sydney,25,0.47,28,Car,426.13,248,Vegan,1912,9.13,14.95,24317.51
Conférence,Trade Show,3,607,Office,Sydney,34,1.0,3,Walking,393.52,40,Vegan,607,13.28,13.92,712.4
Réunion du Conseil,Workshop,35,1503,Convention Center,Berlin,34,0.96,35,Train,462.81,483,Vegan,1503,5.07,37.25,11100.33
Lancement de Produit,Corporate Training,43,873,Coworking Space,Sydney,22,0.97,43,Train,266.46,151,Mixed,873,11.18,9.74,4292.57
Atelier,Conference,46,754,Office,Dubai,19,0.37,46,Bicycle,346.99,341,Vegetarian,754,14.36,49.51,1420.43
Événement de Bienfaisance,Conference,29,1230,Convention Center,Paris,49,0.4,29,Bicycle,206.05,133,Non-Vegetarian,1230,3.16,2.03,4599.58
Conférence,Seminar,10,995,Outdoor,London,45,1.2,10,Plane,422.51,250,Vegan,995,14.2,6.99,27714.26
Corporate Training,Fundraiser,17,784,Coworking Space,Paris,13,0.33,17,Bus,105.91,90,Vegan,784,19.59,18.51,1468.58
Formation,Corporate Training,4,1506,Convention Center,Tokyo,47,0.36,4,Plane,197.25,44,Vegan,1506,4.4,44.33,3807.05
Networking,Fundraiser,41,556,Office,Berlin,41,0.19,41,Train,323.29,377,Mixed,556,11.57,34.97,6517.99
Workshop,Trade Show,38,1544,Coworking Space,Berlin,33,0.83,38,Car,411.47,373,Non-Vegetarian,1544,10.59,7.82,38191.68
Atelier,Board Meeting,28,126,Convention Center,Berlin,35,1.02,28,Train,333.39,342,Mixed,126,7.87,12.81,5416.94
Atelier,Conference,8,1081,Hotel,Paris,23,0.83,8,Bicycle,3.55,133,Vegetarian,1081,15.72,11.11,1751.52
Networking Event,Conference,38,1170,Office,New York,6,0.54,38,Plane,175.0,208,Non-Vegetarian,1170,17.48,33.78,13359.08
Networking Event,Team Building,1,1443,Hotel,Tokyo,34,1.68,1,Walking,110.43,92,Vegan,1443,9.94,7.94,1507.32
Product Launch,Seminar,24,1926,Coworking Space,Berlin,25,1.06,24,Train,425.33,207,Vegetarian,1926,16.73,24.21,6810.61
Fundraiser,Workshop,33,1393,Hotel,London,18,0.54,33,Bicycle,340.04,152,Mixed,1393,1.43,4.37,3654.48
Formation,Fundraiser,9,670,Hotel,Sydney,19,1.69,9,Plane,42.61,371,Vegetarian,670,15.87,1.75,5136.81
Board Meeting,Workshop,34,701,Hotel,Dubai,26,1.77,34,Bicycle,378.57,431,Vegetarian,701,11.97,29.56,1916.9
Networking Event,Workshop,3,1624,Outdoor,Dubai,24,1.32,3,Bus,44.49,24,Mixed,1624,15.72,7.02,4217.07
Board Meeting,Product Launch,34,1213,Office,New York,15,1.79,34,Plane,9.6,17,Vegetarian,1213,18.94,35.49,2425.61
Team Building,Product Launch,8,611,Office,Berlin,34,0.53,8,Train,478.56,182,Mixed,611,0.53,19.8,5124.16
Atelier,Team Building,15,637,Coworking Space,Dubai,5,0.73,15,Car,352.56,161,Vegan,637,10.59,6.26,12618.13
Workshop,Seminar,14,1388,Convention Center,Sydney,13,1.01,14,Bus,415.71,88,Vegetarian,1388,12.23,27.86,4449.04
Team Building,Trade Show,7,189,Office,London,30,0.16,7,Train,27.76,473,Vegan,189,5.96,23.68,790.3
Networking Event,Fundraiser,37,846,Office,Tokyo,36,1.0,37,Train,418.4,103,Vegetarian,846,5.48,17.94,3705.65
Networking Event,Board Meeting,9,740,Outdoor,Sydney,47,1.58,9,Bicycle,296.4,303,Vegetarian,740,16.99,48.03,1574.21
Corporate Training,Corporate Training,41,816,Office,Berlin,6,1.45,41,Car,174.23,148,Non-Vegetarian,816,17.69,14.94,8514.68
Lancement de Produit,Conference,31,1843,Hotel,New York,34,0.25,31,Bicycle,443.11,396,Vegetarian,1843,4.82,39.25,2984.39
Formation,Board Meeting,45,1405,Outdoor,Paris,44,1.82,45,Bicycle,498.13,312,Mixed,1405,10.47,49.54,5434.32
Conference,Team Building,16,732,Coworking Space,Tokyo,35,0.47,16,Car,369.18,192,Vegetarian,732,13.83,21.38,16185.36
Networking Event,Corporate Training,21,1134,Outdoor,Paris,45,1.12,21,Train,301.58,267,Mixed,1134,11.62,40.76,6689.83
Fundraiser,Team Building,24,1108,Convention Center,Tokyo,46,1.54,24,Train,101.56,376,Mixed,1108,3.15,48.21,5250.26
Workshop,Networking Event,42,1927,Outdoor,Berlin,39,1.23,42,Walking,254.6,233,Mixed,1927,9.62,30.61,5905.33
Fundraiser,Product Launch,47,695,Office,Tokyo,5,1.66,47,Bicycle,149.15,355,Mixed,695,14.73,37.19,2036.39
Atelier,Fundraiser,6,162,Coworking Space,London,49,1.9,6,Plane,251.17,408,Non-Vegetarian,162,8.15,10.36,26502.66
Lancement de Produit,Fundraiser,16,165,Coworking Space,London,22,1.38,16,Plane,188.07,73,Vegetarian,165,18.8,30.21,4020.68
Board Meeting,Product Launch,17,465,Outdoor,Berlin,12,0.86,17,Bicycle,488.13,47,Non-Vegetarian,465,11.31,7.25,1752.34
Corporate Training,Product Launch,35,1311,Outdoor,Paris,45,0.41,35,Train,152.82,150,Vegan,1311,14.69,49.33,2678.84
Networking,Conference,12,920,Office,Paris,38,0.78,12,Car,493.66,46,Vegan,920,5.3,27.12,5931.44
Séminaire,Fundraiser,1,1041,Outdoor,London,34,0.62,1,Bus,283.5,422,Non-Vegetarian,1041,16.98,13.38,10892.98
Conference,Networking Event,17,1124,Coworking Space,London,35,1.11,17,Bus,213.34,224,Vegetarian,1124,11.84,20.01,4947.21
Workshop,Networking Event,19,1384,Outdoor,Dubai,25,0.27,19,Bicycle,192.99,96,Mixed,1384,9.67,20.35,3584.16
Séminaire,Board Meeting,47,672,Outdoor,London,18,1.05,47,Bus,98.99,383,Vegetarian,672,4.65,4.52,3745.28
Seminar,Fundraiser,42,841,Convention Center,Dubai,8,0.75,42,Car,265.16,35,Vegan,841,3.18,42.33,3006.95
Conférence,Workshop,23,235,Office,London,25,0.83,23,Walking,4.85,242,Mixed,235,17.58,49.53,960.35
Fundraiser,Seminar,19,35,Office,London,24,1.29,19,Walking,396.16,165,Mixed,35,18.0,14.63,446.88
Réunion du Conseil,Networking Event,11,1514,Outdoor,London,38,0.25,11,Bus,287.22,499,Vegan,1514,15.33,48.07,10292.42
Workshop,Fundraiser,42,1398,Convention Center,Berlin,15,1.06,42,Bus,2.19,244,Non-Vegetarian,1398,9.02,30.21,5337.42
Fundraiser,Networking Event,27,128,Hotel,Berlin,31,1.8,27,Train,185.47,471,Non-Vegetarian,128,11.96,29.23,4777.93
Workshop,Fundraiser,17,324,Hotel,Tokyo,21,0.63,17,Bus,455.5,347,Vegetarian,324,2.8,33.49,10154.55
Conférence,Trade Show,26,406,Hotel,Paris,36,1.06,26,Train,419.95,300,Mixed,406,2.11,33.6,6621.9
Réunion du Conseil,Board Meeting,8,839,Outdoor,Sydney,25,0.89,8,Walking,161.92,357,Vegetarian,839,13.68,12.91,1400.68
Atelier,Product Launch,6,203,Convention Center,Dubai,14,1.44,6,Plane,346.31,275,Non-Vegetarian,203,9.74,40.61,24680.49
Formation,Workshop,2,829,Hotel,Tokyo,23,1.53,2,Train,489.54,222,Mixed,829,19.66,16.6,6527.33
Workshop,Workshop,15,1348,Convention Center,Dubai,17,0.6,15,Walking,467.93,454,Vegetarian,1348,19.94,40.6,2219.58
Board Meeting,Seminar,32,111,Hotel,Sydney,19,1.87,32,Train,69.81,181,Vegetarian,111,8.7,15.32,1288.44
Atelier,Networking Event,3,399,Hotel,Berlin,40,0.93,3,Bus,348.45,43,Vegetarian,399,15.03,46.67,1676.7
Networking Event,Board Meeting,4,996,Hotel,New York,50,1.46,4,Walking,263.53,39,Non-Vegetarian,996,1.35,48.02,3730.74
Board Meeting,Workshop,15,1760,Coworking Space,London,22,1.68,15,Train,303.36,334,Vegan,1760,8.72,35.98,6179.49
Atelier,Team Building,12,1955,Coworking Space,New York,24,1.82,12,Plane,255.39,439,Mixed,1955,19.84,19.05,33256.41
Corporate Training,Product Launch,45,551,Convention Center,Tokyo,15,1.18,45,Train,456.19,109,Vegetarian,551,7.98,19.45,3268.6
Networking,Conference,31,1186,Outdoor,Sydney,46,1.5,31,Car,209.11,202,Non-Vegetarian,1186,16.9,6.76,14138.27
Trade Show,Corporate Training,10,50,Coworking Space,Tokyo,22,1.34,10,Walking,69.68,318,Vegetarian,50,8.54,40.65,320.78
Fundraiser,Board Meeting,43,533,Office,New York,33,0.18,43,Car,124.38,10,Vegetarian,533,9.44,35.52,1278.33
Seminar,Trade Show,30,1790,Hotel,Sydney,50,0.94,30,Bus,135.25,438,Vegan,1790,13.67,6.59,6089.89
Product Launch,Networking Event,3,906,Hotel,Dubai,20,1.08,3,Car,83.54,493,Non-Vegetarian,906,13.3,38.62,11956.14
Atelier,Workshop,31,740,Convention Center,Paris,14,0.48,31,Bus,135.5,119,Vegetarian,740,15.21,40.27,2292.59
Trade Show,Conference,30,1220,Outdoor,London,34,0.63,30,Bicycle,315.28,147,Mixed,1220,0.85,8.55,3390.1
Fundraiser,Corporate Training,26,1092,Coworking Space,Berlin,31,1.16,26,Train,103.95,427,Non-Vegetarian,1092,16.6,30.73,6159.61
Board Meeting,Team Building,48,903,Outdoor,Berlin,47,0.25,48,Bus,228.01,15,Mixed,903,15.78,24.29,2824.85
Lancement de Produit,Corporate Training,3,197,Outdoor,New York,49,1.37,3,Car,192.14,189,Mixed,197,11.13,47.78,8337.05
Séminaire,Product Launch,10,182,Hotel,Dubai,47,1.45,10,Plane,458.11,19,Mixed,182,3.68,17.03,3013.19
Trade Show,Trade Show,3,1487,Hotel,Sydney,41,1.07,3,Car,7.34,500,Mixed,1487,1.68,29.86,4617.09
Événement de Bienfaisance,Board Meeting,35,1345,Office,Dubai,9,1.46,35,Walking,312.28,278,Vegetarian,1345,2.17,4.47,2260.73
Workshop,Board Meeting,45,380,Hotel,Tokyo,11,0.87,45,Bicycle,168.55,263,Vegetarian,380,19.27,49.91,923.69
Formation,Team Building,43,1444,Office,New York,13,0.32,43,Plane,415.7,390,Vegan,1444,8.29,16.61,42113.99
Workshop,Conference,18,1014,Outdoor,Dubai,20,1.34,18,Walking,336.56,107,Vegetarian,1014,7.72,13.54,1804.72
Réunion du Conseil,Trade Show,17,1326,Office,Sydney,30,1.37,17,Bicycle,261.54,293,Non-Vegetarian,1326,6.46,2.43,5008.13
Conférence,Workshop,8,1877,Convention Center,Berlin,31,0.87,8,Walking,395.01,210,Non-Vegetarian,1877,17.48,42.47,6797.28
Fundraiser,Team Building,23,1639,Hotel,Dubai,28,1.78,23,Walking,239.99,181,Vegan,1639,1.48,39.1,2293.32
Fundraiser,Networking Event,34,1524,Coworking Space,Sydney,26,0.56,34,Bicycle,461.38,56,Vegan,1524,14.7,7.26,1815.44
Lancement de Produit,Workshop,39,1692,Outdoor,London,18,1.06,39,Bicycle,144.7,350,Mixed,1692,11.71,40.58,4706.64
Conférence,Fundraiser,34,21,Convention Center,Tokyo,44,1.85,34,Plane,405.26,298,Mixed,21,16.62,7.06,31675.53
Seminar,Board Meeting,31,647,Convention Center,Paris,13,1.84,31,Bicycle,382.77,461,Vegetarian,647,3.37,14.93,1377.86
Team Building,Team Building,48,792,Convention Center,Paris,47,1.45,48,Bicycle,419.34,174,Vegetarian,792,1.4,3.55,2833.5
Seminar,Product Launch,37,1275,Coworking Space,Dubai,50,1.96,37,Bus,17.6,402,Mixed,1275,12.65,19.89,5490.09
Atelier,Product Launch,33,1110,Convention Center,London,15,1.46,33,Plane,200.1,426,Vegan,1110,15.15,1.99,22816.28
Lancement de Produit,Conference,33,1310,Hotel,Sydney,29,1.42,33,Car,377.99,41,Non-Vegetarian,1310,12.25,13.89,8571.24
Atelier,Workshop,45,26,Convention Center,Sydney,40,0.55,45,Bus,81.63,369,Non-Vegetarian,26,14.52,38.49,2499.31
Atelier,Board Meeting,23,1231,Outdoor,Dubai,24,1.31,23,Walking,428.36,269,Mixed,1231,15.86,19.0,3508.78
Atelier,Seminar,25,984,Coworking Space,Sydney,6,1.28,25,Bicycle,64.69,295,Vegetarian,984,7.2,22.87,1632.14
Atelier,Team Building,12,125,Convention Center,London,39,0.38,12,Bicycle,29.76,482,Mixed,125,19.79,41.49,523.98
Séminaire,Team Building,42,1832,Outdoor,New York,5,1.98,42,Plane,152.31,134,Mixed,1832,14.71,47.75,10015.2
Réunion du Conseil,Seminar,7,1441,Hotel,Berlin,47,1.27,7,Train,477.66,228,Vegan,1441,12.33,9.2,6049.23
Team Building,Product Launch,36,1634,Outdoor,London,36,0.93,36,Plane,427.69,62,Non-Vegetarian,1634,4.74,6.78,12973.88
Trade Show,Fundraiser,30,1693,Hotel,Berlin,20,1.17,30,Plane,189.39,396,Mixed,1693,0.85,28.01,23390.83
Lancement de Produit,Corporate Training,47,121,Coworking Space,Tokyo,45,0.15,47,Bus,181.46,93,Vegan,121,5.31,24.33,1351.45
Fundraiser,Networking Event,32,1686,Outdoor,Tokyo,20,0.97,32,Bus,400.01,131,Vegan,1686,6.58,9.46,5172.56
Trade Show,Corporate Training,26,1113,Office,New York,30,0.46,26,Plane,65.8,74,Non-Vegetarian,1113,11.67,26.11,5367.76
Corporate Training,Networking Event,8,1316,Coworking Space,New York,33,0.29,8,Plane,91.39,185,Vegan,1316,9.68,19.78,5639.99
Réunion du Conseil,Board Meeting,2,352,Outdoor,Berlin,48,1.38,2,Plane,22.5,68,Vegetarian,352,9.82,8.14,1012.66
Product Launch,Fundraiser,36,1813,Convention Center,Berlin,22,1.32,36,Bus,484.35,186,Vegetarian,1813,3.26,19.01,8692.11
Conference,Corporate Training,31,1084,Outdoor,London,17,0.64,31,Train,296.75,218,Mixed,1084,17.83,7.11,5516.18
Team Building,Team Building,3,1417,Hotel,New York,43,1.24,3,Walking,82.89,223,Vegan,1417,14.61,8.46,1543.12
Formation,Team Building,34,1585,Hotel,Dubai,10,1.0,34,Train,240.34,360,Vegan,1585,15.68,24.88,5297.02
Formation,Product Launch,2,753,Outdoor,London,19,0.88,2,Train,341.64,145,Non-Vegetarian,753,10.15,20.55,4695.13
Trade Show,Product Launch,33,254,Outdoor,Berlin,17,1.64,33,Plane,60.82,198,Vegan,254,1.5,16.1,3759.81
Product Launch,Team Building,7,252,Hotel,Paris,48,0.56,7,Bicycle,13.71,142,Vegetarian,252,12.31,24.46,545.62
Corporate Training,Conference,37,1365,Convention Center,Sydney,31,0.47,37,Train,207.99,67,Vegan,1365,19.43,10.24,2251.3
Seminar,Fundraiser,36,890,Outdoor,Dubai,40,0.99,36,Bicycle,331.1,284,Vegan,890,9.68,1.21,1624.58
Conférence,Fundraiser,26,352,Office,New York,47,1.86,26,Bicycle,353.49,212,Non-Vegetarian,352,9.62,30.71,2449.12
Conference,Board Meeting,34,1761,Office,Berlin,5,0.17,34,Walking,92.88,211,Vegan,1761,2.61,24.94,1830.55
Séminaire,Workshop,8,1220,Outdoor,Sydney,47,0.24,8,Train,431.92,60,Vegetarian,1220,14.49,14.28,2969.27
Conference,Fundraiser,33,662,Convention Center,London,24,1.44,33,Train,209.58,406,Vegetarian,662,3.2,14.36,5001.94
Fundraiser,Corporate Training,45,1202,Hotel,London,16,1.91,45,Car,207.91,444,Vegetarian,1202,2.55,49.08,21979.39
Fundraiser,Corporate Training,21,1162,Convention Center,Paris,18,0.59,21,Bus,271.8,421,Vegetarian,1162,8.24,48.27,8833.2
Board Meeting,Conference,41,81,Outdoor,Tokyo,22,1.95,41,Bus,440.32,326,Vegetarian,81,18.67,43.66,9738.27
Séminaire,Workshop,44,818,Office,Berlin,46,1.21,44,Plane,23.29,247,Vegetarian,818,2.19,19.23,3932.52
Board Meeting,Fundraiser,21,588,Hotel,New York,36,1.9,21,Plane,185.36,283,Vegan,588,1.68,46.33,14516.44
Conference,Team Building,33,1820,Coworking Space,Tokyo,49,1.35,33,Walking,431.43,492,Non-Vegetarian,1820,18.8,48.15,7595.38
Corporate Training,Fundraiser,32,1363,Convention Center,London,43,1.36,32,Train,80.04,121,Non-Vegetarian,1363,9.92,12.84,6139.09
Atelier,Networking Event,31,477,Hotel,London,43,1.77,31,Bus,6.33,360,Mixed,477,10.95,10.02,2550.87
Networking,Board Meeting,2,667,Hotel,New York,7,0.47,2,Car,495.08,102,Vegetarian,667,8.68,21.89,11669.54
Conference,Team Building,23,970,Coworking Space,Dubai,39,1.33,23,Bicycle,78.45,173,Vegan,970,2.51,14.47,1600.47
Product Launch,Seminar,39,402,Office,New York,35,0.45,39,Train,63.17,62,Vegetarian,402,19.46,39.16,1184.03
Workshop,Product Launch,38,30,Office,Berlin,12,1.68,38,Plane,463.82,303,Vegetarian,30,17.86,3.0,35604.12
Séminaire,Team Building,30,855,Coworking Space,London,39,1.19,30,Bicycle,485.63,51,Non-Vegetarian,855,1.44,9.71,3710.95
Conférence,Team Building,44,953,Outdoor,Sydney,36,1.47,44,Walking,344.46,195,Non-Vegetarian,953,12.81,7.63,4540.62
Atelier,Workshop,9,1123,Outdoor,Dubai,40,1.88,9,Car,403.13,68,Mixed,1123,2.71,43.03,8994.08
Réunion du Conseil,Fundraiser,26,483,Convention Center,London,34,0.42,26,Walking,71.14,421,Vegetarian,483,10.14,21.02,972.46
Networking,Product Launch,38,1110,Coworking Space,New York,27,1.16,38,Walking,378.2,70,Mixed,1110,12.84,20.77,3437.3
Séminaire,Workshop,2,57,Outdoor,London,33,1.25,2,Plane,109.53,59,Non-Vegetarian,57,13.92,34.74,1953.64
Atelier,Conference,34,1531,Outdoor,Berlin,46,0.21,34,Car,232.89,177,Mixed,1531,5.77,39.67,12739.12
Atelier,Corporate Training,22,1880,Hotel,Paris,14,0.82,22,Bicycle,420.29,60,Mixed,1880,5.22,8.75,4854.22
Formation,Fundraiser,36,1273,Convention Center,Sydney,28,1.33,36,Bus,240.66,184,Vegan,1273,13.7,27.13,4681.87
Atelier,Networking Event,29,626,Convention Center,Berlin,10,0.34,29,Plane,419.44,396,Mixed,626,6.72,31.71,43215.72
Conference,Team Building,16,450,Hotel,Berlin,30,1.07,16,Bus,183.4,276,Non-Vegetarian,450,4.97,23.77,4926.38
Team Building,Seminar,14,18,Office,Sydney,37,0.56,14,Bicycle,145.42,352,Non-Vegetarian,18,5.06,43.77,305.7
Workshop,Product Launch,19,230,Office,New York,31,0.3,19,Bicycle,471.98,150,Vegetarian,230,1.29,30.83,497.59
Networking,Conference,4,1458,Office,Dubai,45,0.43,4,Walking,262.51,278,Vegan,1458,6.55,44.15,1598.1
Board Meeting,Product Launch,14,1601,Hotel,Tokyo,15,1.7,14,Bus,255.67,146,Mixed,1601,8.55,14.08,6465.93
Séminaire,Conference,27,1298,Office,Tokyo,41,0.8,27,Bicycle,228.67,380,Vegetarian,1298,9.35,43.41,2495.32
Seminar,Seminar,14,1607,Outdoor,Dubai,10,1.83,14,Train,199.24,134,Vegan,1607,12.51,17.32,2862.69
Lancement de Produit,Trade Show,17,499,Office,Sydney,26,1.81,17,Bicycle,230.8,282,Vegetarian,499,12.02,20.37,1213.29
Networking,Board Meeting,21,1994,Convention Center,Dubai,7,1.58,21,Bus,138.06,194,Non-Vegetarian,1994,2.84,12.74,8733.31
Conférence,Team Building,20,1499,Office,Sydney,50,0.29,20,Bus,146.3,325,Mixed,1499,4.7,10.28,6775.31
Networking,Corporate Training,44,1552,Coworking Space,Tokyo,21,1.96,44,Bicycle,396.47,261,Vegetarian,1552,7.85,23.15,3295.52
Networking,Product Launch,6,1952,Office,Dubai,31,1.89,6,Bicycle,42.28,460,Mixed,1952,2.83,28.47,5118.37
Board Meeting,Seminar,26,649,Coworking Space,Tokyo,20,0.2,26,Bicycle,239.92,302,Non-Vegetarian,649,7.01,30.8,2399.12
Networking Event,Corporate Training,33,784,Convention Center,Berlin,17,0.95,33,Bus,196.03,267,Mixed,784,15.72,8.87,5416.06
Corporate Training,Product Launch,11,1958,Outdoor,Sydney,16,1.47,11,Walking,166.06,442,Vegetarian,1958,13.1,35.91,3164.38
Événement de Bienfaisance,Conference,26,1540,Convention Center,Tokyo,46,0.77,26,Bicycle,423.07,165,Mixed,1540,6.15,49.59,4421.94
Formation,Product Launch,16,785,Office,New York,15,0.87,16,Walking,193.31,367,Vegan,785,16.04,23.05,967.58
Board Meeting,Team Building,13,1900,Outdoor,Berlin,20,0.95,13,Car,87.34,33,Vegetarian,1900,15.89,31.3,3673.15
Formation,Networking Event,10,1976,Outdoor,London,33,0.38,10,Plane,217.84,177,Vegetarian,1976,16.41,29.58,12758.1
Séminaire,Trade Show,32,1705,Outdoor,Sydney,31,1.4,32,Plane,103.01,294,Mixed,1705,7.15,46.13,12634.69
Trade Show,Corporate Training,3,329,Hotel,Paris,38,0.43,3,Bicycle,230.53,372,Mixed,329,8.27,30.83,925.21
Séminaire,Corporate Training,10,1162,Hotel,New York,18,1.62,10,Bicycle,439.56,486,Vegan,1162,14.5,37.28,1411.36
Séminaire,Corporate Training,25,1065,Convention Center,Berlin,38,1.8,25,Plane,481.42,131,Mixed,1065,14.29,11.63,19335.85
Conference,Board Meeting,21,1844,Coworking Space,New York,40,0.2,21,Train,269.4,386,Mixed,1844,13.56,21.6,8923.86
Réunion du Conseil,Conference,48,152,Convention Center,London,28,1.33,48,Bicycle,236.56,102,Vegan,152,18.6,3.08,1089.12
Networking Event,Conference,14,1828,Coworking Space,Sydney,49,0.52,14,Walking,167.13,92,Non-Vegetarian,1828,13.17,28.84,6660.38
Atelier,Conference,43,1571,Hotel,London,32,1.99,43,Car,474.4,366,Non-Vegetarian,1571,17.19,14.66,43393.7
Conférence,Product Launch,14,1415,Outdoor,Tokyo,8,1.76,14,Train,92.69,271,Mixed,1415,17.12,37.7,4750.46
Atelier,Team Building,13,116,Coworking Space,New York,23,1.66,13,Bus,286.53,217,Vegetarian,116,13.05,37.77,4254.43
Événement de Bienfaisance,Trade Show,26,1408,Coworking Space,London,21,1.85,26,Bicycle,288.62,178,Mixed,1408,18.04,46.15,4153.43
Trade Show,Product Launch,39,329,Hotel,Dubai,22,1.23,39,Car,161.33,132,Vegetarian,329,9.05,32.11,5575.56
Événement de Bienfaisance,Team Building,15,700,Office,Berlin,38,1.19,15,Plane,36.22,131,Vegetarian,700,17.71,20.11,2650.99
Board Meeting,Board Meeting,12,1727,Convention Center,Paris,25,0.65,12,Walking,138.27,191,Non-Vegetarian,1727,0.53,13.72,6170.5
Corporate Training,Product Launch,13,1381,Coworking Space,London,47,0.45,13,Plane,199.08,269,Vegetarian,1381,9.02,38.49,15692.13
Lancement de Produit,Corporate Training,7,1319,Outdoor,Dubai,30,1.31,7,Bicycle,454.99,402,Non-Vegetarian,1319,8.46,1.99,4774.95
Product Launch,Trade Show,23,841,Coworking Space,Sydney,29,0.96,23,Plane,447.4,245,Vegetarian,841,7.41,21.38,29042.49
Board Meeting,Fundraiser,23,837,Coworking Space,Dubai,33,1.95,23,Walking,429.39,427,Vegetarian,837,1.95,1.63,2002.69
Réunion du Conseil,Networking Event,3,408,Coworking Space,Paris,34,1.33,3,Plane,486.04,383,Non-Vegetarian,408,15.1,29.5,48123.36
Réunion du Conseil,Networking Event,44,566,Hotel,Sydney,27,1.54,44,Bus,10.34,314,Non-Vegetarian,566,15.85,16.65,3155.57
Seminar,Corporate Training,4,970,Coworking Space,Paris,11,1.71,4,Plane,183.2,202,Vegan,970,13.43,11.78,10309.64
Workshop,Fundraiser,21,1554,Outdoor,Berlin,13,1.91,21,Bicycle,245.57,211,Vegan,1554,12.01,9.96,1858.65
Workshop,Networking Event,29,1247,Outdoor,Tokyo,9,0.32,29,Walking,213.61,252,Vegetarian,1247,12.96,11.13,1960.44
Team Building,Corporate Training,36,1610,Coworking Space,Tokyo,29,2.0,36,Car,328.81,208,Mixed,1610,11.11,39.21,19532.06
Workshop,Workshop,46,547,Hotel,London,12,0.56,46,Bus,309.35,233,Vegetarian,547,13.46,22.95,5372.59
Événement de Bienfaisance,Conference,39,832,Coworking Space,Berlin,9,0.16,39,Car,33.88,176,Vegetarian,832,12.33,33.88,2620.7
Networking,Fundraiser,35,784,Coworking Space,Paris,10,1.71,35,Bus,78.49,176,Non-Vegetarian,784,9.17,10.04,3910.52
Réunion du Conseil,Trade Show,5,1868,Hotel,London,33,1.38,5,Train,286.23,392,Mixed,1868,19.9,34.21,9380.16
Networking,Workshop,35,1207,Convention Center,London,43,1.24,35,Plane,110.14,280,Mixed,1207,6.82,32.66,11739.36
Événement de Bienfaisance,Seminar,31,748,Coworking Space,Sydney,48,1.84,31,Bus,430.76,308,Non-Vegetarian,748,18.6,34.69,12053.98
Workshop,Product Launch,32,847,Coworking Space,Paris,34,0.36,32,Bicycle,289.98,402,Non-Vegetarian,847,11.52,41.68,3266.74
Événement de Bienfaisance,Workshop,43,1950,Coworking Space,Sydney,47,1.93,43,Train,463.83,26,Vegan,1950,9.25,46.68,4494.51
Corporate Training,Product Launch,27,720,Outdoor,Dubai,27,1.01,27,Car,455.35,86,Mixed,720,13.29,16.25,10450.85
Conférence,Networking Event,17,469,Convention Center,Sydney,20,1.73,17,Plane,54.45,229,Vegan,469,16.75,32.03,3977.92
Conference,Product Launch,4,1587,Convention Center,New York,31,1.32,4,Bicycle,405.59,454,Non-Vegetarian,1587,17.53,19.74,5710.88
Board Meeting,Seminar,33,1952,Convention Center,New York,17,0.41,33,Plane,70.02,458,Mixed,1952,12.38,25.56,13088.17
Product Launch,Seminar,3,235,Outdoor,Paris,23,0.69,3,Car,480.49,192,Mixed,235,15.79,28.92,20074.08
Événement de Bienfaisance,Product Launch,27,1731,Office,Berlin,27,0.35,27,Bus,382.81,172,Non-Vegetarian,1731,2.82,1.49,10145.29
Corporate Training,Corporate Training,14,686,Convention Center,Tokyo,22,0.51,14,Plane,74.06,70,Non-Vegetarian,686,10.82,7.37,3811.97
Formation,Team Building,21,1178,Convention Center,Tokyo,41,0.91,21,Car,235.92,316,Non-Vegetarian,1178,0.51,1.48,20174.39
Team Building,Team Building,15,1177,Hotel,Berlin,6,1.26,15,Walking,166.51,116,Vegetarian,1177,5.29,11.35,1855.48
Workshop,Product Launch,37,1482,Outdoor,London,33,1.17,37,Plane,334.72,323,Non-Vegetarian,1482,17.59,39.01,33043.12
Réunion du Conseil,Workshop,16,369,Convention Center,Paris,36,1.74,16,Bicycle,141.5,248,Mixed,369,9.37,2.01,1446.38
Seminar,Conference,31,280,Convention Center,Sydney,38,1.95,31,Walking,280.41,132,Vegetarian,280,19.32,17.81,1642.81
Corporate Training,Fundraiser,14,318,Office,New York,7,0.48,14,Bus,275.55,287,Vegetarian,318,2.14,44.77,5339.31
Networking,Corporate Training,39,1511,Outdoor,Tokyo,38,1.88,39,Train,152.15,233,Mixed,1511,13.81,4.17,6624.58
Board Meeting,Trade Show,43,1656,Office,New York,10,0.83,43,Bicycle,498.76,428,Non-Vegetarian,1656,5.31,13.28,6011.63
Conférence,Trade Show,5,1685,Coworking Space,New York,14,1.05,5,Bicycle,253.02,60,Mixed,1685,12.32,12.06,4298.01
Workshop,Fundraiser,47,1840,Outdoor,Berlin,35,0.93,47,Plane,100.4,78,Vegetarian,1840,0.77,36.89,5558.05
Networking,Corporate Training,9,1557,Convention Center,Sydney,25,0.38,9,Bicycle,97.83,208,Vegan,1557,7.34,8.7,1631.83
Board Meeting,Product Launch,35,1964,Outdoor,New York,32,1.63,35,Bicycle,356.53,207,Vegan,1964,0.76,44.6,2967.52
Networking Event,Conference,41,1538,Convention Center,New York,26,0.65,41,Plane,150.1,186,Vegan,1538,15.67,32.9,8961.24
Seminar,Seminar,46,1184,Office,Berlin,13,1.93,46,Train,269.67,499,Vegetarian,1184,17.14,48.4,7866.76
Formation,Product Launch,23,370,Convention Center,Paris,9,0.96,23,Bicycle,102.53,275,Mixed,370,5.59,43.62,1122.78
Formation,Corporate Training,34,318,Coworking Space,New York,6,1.47,34,Bicycle,356.22,161,Mixed,318,7.33,1.67,962.94
Trade Show,Corporate Training,41,121,Office,Berlin,32,1.08,41,Bicycle,302.29,62,Mixed,121,9.32,14.34,1058.3
Événement de Bienfaisance,Fundraiser,48,1468,Outdoor,Berlin,47,0.72,48,Bicycle,60.34,413,Vegan,1468,6.53,48.51,2390.24
Événement de Bienfaisance,Workshop,24,1171,Office,Paris,16,2.0,24,Train,7.27,177,Vegetarian,1171,8.06,18.16,2244.41
Séminaire,Fundraiser,8,1554,Hotel,Dubai,17,1.62,8,Plane,404.74,185,Mixed,1554,17.11,12.84,22774.29
Réunion du Conseil,Team Building,40,332,Coworking Space,Berlin,11,1.07,40,Car,367.56,91,Vegetarian,332,6.53,8.57,7787.67
Board Meeting,Networking Event,34,1115,Outdoor,New York,37,0.31,34,Bus,198.05,378,Mixed,1115,11.68,17.59,7532.8
Atelier,Conference,1,651,Convention Center,Dubai,49,0.33,1,Bus,11.3,23,Non-Vegetarian,651,8.94,12.39,2344.84
Corporate Training,Conference,18,219,Convention Center,London,16,0.68,18,Bus,84.11,491,Vegetarian,219,15.35,37.38,3009.76
Conference,Board Meeting,6,1103,Outdoor,Sydney,36,0.87,6,Plane,369.75,450,Vegan,1103,12.98,38.51,42896.82
Réunion du Conseil,Workshop,11,290,Convention Center,New York,17,1.04,11,Car,457.35,298,Mixed,290,6.92,33.43,29523.9
Fundraiser,Board Meeting,47,79,Office,Berlin,33,0.59,47,Car,447.68,481,Mixed,79,4.74,43.1,45970.88
Trade Show,Conference,12,57,Convention Center,Sydney,21,1.51,12,Bus,269.22,481,Non-Vegetarian,57,12.3,22.05,8228.15
Lancement de Produit,Team Building,12,871,Office,Dubai,50,0.16,12,Bicycle,319.26,349,Non-Vegetarian,871,7.61,44.14,3200.0
Product Launch,Board Meeting,6,1075,Outdoor,New York,48,0.77,6,Bus,277.58,91,Vegan,1075,8.79,39.71,2798.47
Team Building,Board Meeting,34,503,Convention Center,Paris,24,0.48,34,Train,160.98,25,Non-Vegetarian,503,14.86,3.95,2154.94
Board Meeting,Seminar,8,207,Outdoor,Dubai,40,1.8,8,Train,20.61,350,Non-Vegetarian,207,19.77,23.89,1388.36
Product Launch,Corporate Training,32,634,Convention Center,London,41,1.54,32,Plane,368.94,199,Mixed,634,2.43,36.88,21028.62
Corporate Training,Workshop,6,207,Hotel,Berlin,48,1.47,6,Car,141.93,137,Vegetarian,207,19.32,46.81,4737.77
Lancement de Produit,Trade Show,21,950,Convention Center,Tokyo,40,1.05,21,Car,243.38,341,Vegetarian,950,4.92,29.41,19363.1
Trade Show,Board Meeting,40,1842,Outdoor,Tokyo,49,1.43,40,Train,172.14,364,Mixed,1842,11.74,44.89,8626.02
Board Meeting,Board Meeting,20,1628,Outdoor,Paris,32,0.96,20,Bus,495.27,199,Vegetarian,1628,12.61,11.96,8711.86
Conference,Networking Event,1,1668,Convention Center,Paris,50,0.65,1,Train,446.56,119,Vegan,1668,0.74,11.74,3834.84
Team Building,Fundraiser,45,539,Outdoor,Berlin,40,1.99,45,Car,382.68,143,Vegan,539,5.35,17.14,13866.86
Workshop,Workshop,26,1961,Outdoor,New York,45,1.89,26,Bicycle,169.3,366,Non-Vegetarian,1961,19.61,44.2,8096.77
Atelier,Seminar,34,763,Convention Center,Sydney,31,0.28,34,Plane,107.78,79,Non-Vegetarian,763,18.71,31.29,5046.72
Corporate Training,Workshop,42,139,Office,London,26,0.5,42,Bus,406.5,119,Vegan,139,11.67,23.3,3384.35
Corporate Training,Conference,8,1288,Coworking Space,Paris,32,1.26,8,Car,445.29,121,Mixed,1288,4.79,6.87,14719.42
Corporate Training,Seminar,47,1565,Office,Dubai,21,0.62,47,Walking,381.23,105,Non-Vegetarian,1565,18.09,40.02,5899.69
Seminar,Corporate Training,27,42,Convention Center,Paris,36,1.12,27,Train,168.77,239,Mixed,42,2.98,8.36,2285.44
Networking Event,Product Launch,22,1064,Convention Center,Paris,22,1.0,22,Car,53.17,350,Non-Vegetarian,1064,11.23,35.53,7967.52
Networking,Product Launch,7,1349,Coworking Space,New York,32,0.13,7,Train,288.89,211,Vegan,1349,17.65,48.9,3934.89
Product Launch,Fundraiser,8,645,Outdoor,Tokyo,20,0.62,8,Train,188.17,244,Mixed,645,10.66,17.1,3554.16
Product Launch,Conference,13,273,Outdoor,Dubai,32,0.8,13,Walking,277.18,129,Vegan,273,5.29,22.51,495.0
Product Launch,Workshop,44,365,Convention Center,New York,19,0.23,44,Car,25.68,438,Vegetarian,365,7.52,10.6,3041.93
Seminar,Corporate Training,16,1745,Coworking Space,Berlin,40,1.61,16,Bicycle,188.56,286,Vegan,1745,15.77,9.66,2311.06
Team Building,Board Meeting,22,1456,Convention Center,Berlin,5,1.43,22,Walking,237.66,64,Vegetarian,1456,5.36,29.31,2331.99
Fundraiser,Fundraiser,38,1546,Coworking Space,Tokyo,27,0.14,38,Bus,32.8,416,Vegan,1546,9.65,28.29,2512.39
Networking Event,Conference,19,1375,Coworking Space,London,49,1.26,19,Walking,388.02,263,Mixed,1375,2.84,20.11,4069.93
Conference,Team Building,45,1281,Coworking Space,Tokyo,27,0.91,45,Plane,421.72,467,Non-Vegetarian,1281,0.59,41.41,54356.14
Conference,Networking Event,25,878,Outdoor,New York,30,1.61,25,Bicycle,248.23,455,Non-Vegetarian,878,16.56,41.44,3792.75
Networking,Workshop,12,1157,Convention Center,Tokyo,47,1.93,12,Bus,368.04,182,Vegan,1157,11.55,7.07,5757.5
Networking,Trade Show,19,78,Office,New York,36,1.75,19,Plane,465.4,99,Non-Vegetarian,78,12.7,32.6,12480.75
Formation,Networking Event,43,843,Office,Tokyo,39,0.33,43,Walking,303.08,76,Mixed,843,14.48,34.44,2482.05
Team Building,Fundraiser,34,1603,Coworking Space,Sydney,10,1.87,34,Plane,479.6,444,Vegetarian,1603,18.74,49.43,56094.34
Workshop,Team Building,27,1224,Coworking Space,Dubai,5,1.65,27,Car,438.13,332,Vegan,1224,12.67,28.2,31963.54
Board Meeting,Board Meeting,40,978,Coworking Space,London,43,1.01,40,Train,232.25,136,Non-Vegetarian,978,6.3,1.22,5570.08
Séminaire,Corporate Training,31,1258,Coworking Space,Sydney,43,0.37,31,Train,415.6,256,Mixed,1258,5.36,34.32,7726.71
Conference,Board Meeting,47,1133,Convention Center,New York,22,0.84,47,Train,369.51,251,Vegetarian,1133,9.65,43.33,5949.62
Conférence,Workshop,10,1830,Hotel,Berlin,40,1.3,10,Car,159.92,429,Non-Vegetarian,1830,7.24,18.02,21122.71
Corporate Training,Corporate Training,21,174,Convention Center,Sydney,45,1.91,21,Plane,135.58,12,Vegetarian,174,16.82,27.66,1659.18
Workshop,Seminar,17,1632,Outdoor,Berlin,39,1.64,17,Train,423.75,131,Vegetarian,1632,2.15,2.9,5222.21
Réunion du Conseil,Board Meeting,8,1685,Convention Center,Dubai,41,1.24,8,Train,380.86,384,Vegan,1685,8.41,29.61,7814.41
Conference,Team Building,28,95,Coworking Space,Berlin,18,0.24,28,Bus,397.89,385,Mixed,95,0.74,31.13,9552.98
Product Launch,Corporate Training,27,1398,Outdoor,Paris,9,1.32,27,Train,349.61,217,Non-Vegetarian,1398,16.66,3.24,8127.79
Product Launch,Corporate Training,38,26,Hotel,London,47,0.98,38,Car,385.62,442,Non-Vegetarian,26,8.44,3.82,36783.91
Team Building,Fundraiser,28,13,Convention Center,Dubai,10,0.42,28,Bus,182.61,440,Vegetarian,13,10.58,16.65,4953.66
Conférence,Board Meeting,34,1987,Hotel,Paris,24,1.06,34,Train,428.68,57,Vegetarian,1987,4.27,24.75,4448.41
Fundraiser,Corporate Training,34,1249,Office,Dubai,46,1.63,34,Bicycle,396.51,222,Vegetarian,1249,6.35,7.33,3175.52
Product Launch,Conference,1,1740,Convention Center,Tokyo,13,1.36,1,Bus,96.84,398,Vegetarian,1740,0.84,22.93,4978.92
Workshop,Trade Show,7,566,Hotel,New York,45,1.36,7,Train,67.66,252,Mixed,566,8.49,12.31,2352.81
Conference,Corporate Training,34,989,Hotel,London,39,0.74,34,Walking,198.69,495,Non-Vegetarian,989,6.96,23.59,4013.22
Conference,Trade Show,10,398,Coworking Space,Tokyo,45,0.55,10,Car,489.45,56,Mixed,398,7.72,14.02,6918.16
Corporate Training,Board Meeting,31,922,Office,New York,12,1.09,31,Train,442.87,121,Mixed,922,18.61,33.56,4755.57
Workshop,Networking Event,38,1150,Outdoor,Tokyo,36,1.63,38,Car,454.82,442,Non-Vegetarian,1150,6.85,49.52,47469.05
Networking Event,Trade Show,27,358,Hotel,Sydney,18,0.17,27,Plane,125.86,62,Mixed,358,3.38,39.04,2971.98
Corporate Training,Board Meeting,33,1026,Hotel,Tokyo,15,0.65,33,Car,220.2,140,Mixed,1026,9.89,19.58,9258.69
Product Launch,Corporate Training,17,1412,Coworking Space,Tokyo,35,0.71,17,Train,65.96,76,Non-Vegetarian,1412,1.07,35.85,5427.58
Séminaire,Product Launch,28,1586,Outdoor,Tokyo,17,1.51,28,Plane,155.34,208,Vegetarian,1586,8.74,45.97,10925.48
Workshop,Board Meeting,34,443,Outdoor,New York,31,0.33,34,Bicycle,35.51,10,Vegan,443,6.41,18.72,667.17
Product Launch,Trade Show,44,981,Office,New York,45,0.29,44,Train,244.73,441,Vegetarian,981,10.2,43.87,6183.78
Réunion du Conseil,Seminar,34,1294,Hotel,Sydney,35,1.16,34,Walking,230.73,331,Vegan,1294,18.68,19.15,2059.86
Lancement de Produit,Workshop,37,1379,Hotel,London,35,1.84,37,Walking,102.43,162,Non-Vegetarian,1379,6.62,27.57,6086.28
Événement de Bienfaisance,Corporate Training,32,1437,Coworking Space,Dubai,22,0.78,32,Walking,216.95,33,Vegan,1437,8.49,39.83,1808.2
Trade Show,Corporate Training,36,1994,Office,London,18,1.16,36,Train,179.97,250,Non-Vegetarian,1994,15.62,12.0,9209.78
Trade Show,Corporate Training,37,1023,Hotel,Paris,48,0.98,37,Plane,319.92,429,Vegetarian,1023,18.34,25.79,36804.42
Networking Event,Conference,9,1965,Convention Center,Berlin,21,1.93,9,Train,388.83,360,Non-Vegetarian,1965,6.74,2.9,12678.32
Corporate Training,Fundraiser,15,1258,Outdoor,New York,34,0.53,15,Walking,37.84,214,Mixed,1258,4.25,39.68,3368.01
Board Meeting,Product Launch,36,482,Hotel,Paris,21,0.28,36,Bicycle,290.46,78,Vegetarian,482,14.08,43.76,944.52
Lancement de Produit,Corporate Training,44,531,Convention Center,Tokyo,14,0.46,44,Train,57.83,171,Non-Vegetarian,531,7.16,32.34,2474.74
Product Launch,Conference,19,487,Outdoor,New York,46,0.17,19,Walking,253.39,34,Non-Vegetarian,487,8.31,26.26,1847.93
Board Meeting,Networking Event,29,90,Outdoor,Dubai,9,0.57,29,Plane,375.55,258,Vegetarian,90,1.11,26.81,24488.2
Fundraiser,Product Launch,42,624,Office,Dubai,31,0.92,42,Walking,368.67,49,Vegan,624,14.8,42.37,1337.26
Réunion du Conseil,Product Launch,40,1590,Convention Center,London,12,0.85,40,Bus,325.79,205,Vegan,1590,19.97,9.31,5859.78
Fundraiser,Conference,8,1079,Coworking Space,Sydney,44,1.54,8,Bus,176.03,37,Mixed,1079,18.18,10.73,3417.15
Formation,Fundraiser,23,1542,Office,Sydney,8,0.47,23,Bus,369.92,91,Non-Vegetarian,1542,19.59,38.7,7576.58
Corporate Training,Product Launch,32,1231,Office,Berlin,21,0.55,32,Train,338.95,290,Non-Vegetarian,1231,19.3,15.83,8495.38
Fundraiser,Corporate Training,28,1837,Coworking Space,Dubai,34,0.45,28,Plane,303.04,144,Vegan,1837,1.24,4.57,12972.26
Team Building,Team Building,5,971,Hotel,Dubai,33,0.95,5,Train,450.08,428,Non-Vegetarian,971,14.93,13.73,11239.56
Team Building,Trade Show,4,1465,Outdoor,Sydney,28,1.05,4,Car,199.0,493,Vegetarian,1465,9.19,12.69,22902.53
Networking Event,Networking Event,35,1900,Outdoor,London,23,0.67,35,Bus,105.46,196,Mixed,1900,17.03,26.94,6347.82
Fundraiser,Fundraiser,18,433,Office,Sydney,43,1.37,18,Bus,115.33,136,Vegetarian,433,14.01,6.0,2160.8
Team Building,Corporate Training,8,847,Convention Center,Paris,47,1.07,8,Walking,184.67,431,Mixed,847,18.06,21.77,2398.32
Réunion du Conseil,Corporate Training,2,1841,Hotel,Berlin,18,0.77,2,Walking,327.29,476,Non-Vegetarian,1841,11.64,23.35,6527.34
Product Launch,Team Building,7,1296,Coworking Space,Paris,43,0.88,7,Train,405.71,325,Vegan,1296,16.31,12.1,6759.49
Formation,Product Launch,42,1050,Hotel,Dubai,43,1.76,42,Bus,282.39,246,Non-Vegetarian,1050,9.0,15.45,9481.26
Atelier,Workshop,5,1170,Outdoor,Berlin,16,1.53,5,Car,400.32,99,Vegetarian,1170,13.57,2.51,10171.01
Conférence,Team Building,12,334,Outdoor,London,8,1.23,12,Bicycle,366.68,348,Non-Vegetarian,334,2.36,2.75,1238.26
Événement de Bienfaisance,Workshop,12,1528,Office,Paris,24,1.5,12,Plane,27.74,280,Non-Vegetarian,1528,4.6,43.39,7601.78
Product Launch,Product Launch,36,1008,Coworking Space,Sydney,17,0.22,36,Plane,227.1,100,Non-Vegetarian,1008,11.65,4.84,9305.8
Seminar,Board Meeting,21,492,Hotel,Berlin,39,0.12,21,Bicycle,488.88,64,Mixed,492,15.27,39.94,1389.56
Réunion du Conseil,Corporate Training,25,1242,Outdoor,Dubai,11,1.24,25,Bus,334.74,490,Vegetarian,1242,13.87,17.69,11937.98
Networking,Product Launch,21,309,Outdoor,New York,43,1.71,21,Bus,438.9,469,Non-Vegetarian,309,19.88,36.16,14316.29
Seminar,Seminar,17,677,Office,Paris,22,1.2,17,Plane,257.22,97,Vegetarian,677,1.51,16.71,7513.93
Atelier,Corporate Training,22,57,Office,London,14,1.79,22,Car,411.49,178,Vegan,57,19.78,45.67,15845.06
Réunion du Conseil,Fundraiser,23,1022,Office,New York,25,1.7,23,Plane,186.47,260,Mixed,1022,15.49,15.21,15225.7
Seminar,Workshop,21,716,Coworking Space,New York,38,1.35,21,Car,271.0,460,Mixed,716,8.18,44.49,28612.59
Workshop,Seminar,8,630,Hotel,London,6,1.33,8,Train,107.18,378,Vegetarian,630,10.68,15.11,2649.06
Seminar,Product Launch,4,1046,Convention Center,Tokyo,38,1.74,4,Bicycle,250.56,106,Non-Vegetarian,1046,9.77,1.83,3816.44
Product Launch,Conference,46,768,Coworking Space,Sydney,38,1.98,46,Train,340.81,450,Vegan,768,15.47,24.36,8712.76
Lancement de Produit,Networking Event,10,485,Coworking Space,London,46,1.13,10,Plane,175.67,420,Vegan,485,8.96,7.89,19223.95
Workshop,Fundraiser,33,868,Hotel,New York,40,2.0,33,Bicycle,47.57,316,Vegetarian,868,2.14,39.84,2705.96
Product Launch,Seminar,38,1068,Office,Sydney,9,1.82,38,Walking,43.36,22,Vegetarian,1068,17.4,23.97,1995.96
Team Building,Board Meeting,33,1261,Office,New York,14,0.12,33,Train,445.46,474,Non-Vegetarian,1261,8.81,48.47,13001.7
Corporate Training,Trade Show,30,407,Coworking Space,Dubai,14,1.83,30,Bicycle,199.04,187,Vegan,407,16.6,44.26,913.02
Networking,Fundraiser,8,1280,Coworking Space,Dubai,18,0.85,8,Plane,387.9,90,Non-Vegetarian,1280,7.76,22.43,13329.33
Séminaire,Workshop,11,1218,Outdoor,Paris,42,1.73,11,Car,113.55,388,Non-Vegetarian,1218,15.92,39.62,14025.76
Conference,Workshop,43,1238,Convention Center,Dubai,9,0.71,43,Train,471.54,383,Mixed,1238,19.93,46.68,10589.6
Networking,Seminar,10,1544,Outdoor,Paris,30,1.15,10,Train,218.9,354,Vegan,1544,16.27,33.78,4916.22
Seminar,Networking Event,20,1621,Outdoor,Dubai,48,1.5,20,Bicycle,35.98,70,Mixed,1621,15.16,28.89,4860.6
Corporate Training,Seminar,33,662,Outdoor,New York,42,0.97,33,Train,435.13,186,Vegetarian,662,18.38,19.91,4979.16
Lancement de Produit,Conference,25,588,Office,Berlin,45,1.91,25,Car,299.76,423,Vegetarian,588,1.74,10.07,28607.68
Séminaire,Seminar,47,1490,Outdoor,London,28,1.3,47,Car,391.74,68,Vegetarian,1490,2.33,17.83,8724.77
Réunion du Conseil,Product Launch,47,173,Convention Center,Tokyo,33,1.39,47,Bicycle,134.49,22,Vegan,173,11.58,30.37,1334.85
Formation,Networking Event,13,1837,Outdoor,New York,29,1.65,13,Train,67.75,168,Non-Vegetarian,1837,6.71,29.33,7267.89
Seminar,Seminar,46,523,Office,Dubai,31,1.8,46,Car,308.58,76,Mixed,523,16.56,13.61,7576.18
Trade Show,Trade Show,28,360,Outdoor,Dubai,22,0.46,28,Walking,39.71,381,Vegan,360,6.72,24.4,563.92
Lancement de Produit,Board Meeting,40,1554,Convention Center,Paris,23,0.43,40,Train,177.53,331,Non-Vegetarian,1554,10.63,2.88,8014.32
Workshop,Product Launch,13,1730,Outdoor,London,13,1.91,13,Bicycle,366.04,452,Non-Vegetarian,1730,12.56,33.77,6309.06
Trade Show,Trade Show,39,1284,Outdoor,Paris,50,1.38,39,Bus,329.38,491,Vegetarian,1284,3.7,47.82,13078.07
Formation,Conference,7,483,Hotel,Sydney,36,0.52,7,Car,245.32,63,Vegan,483,17.54,18.44,3866.06
Formation,Seminar,2,231,Hotel,Tokyo,15,1.74,2,Plane,326.72,153,Mixed,231,5.48,33.88,13179.36
Conférence,Conference,22,435,Convention Center,Berlin,46,0.85,22,Train,466.7,366,Vegetarian,435,13.66,48.85,8040.11
Atelier,Seminar,43,525,Hotel,Sydney,38,1.09,43,Car,47.71,126,Vegetarian,525,17.21,24.98,3024.82
Fundraiser,Team Building,21,696,Outdoor,Sydney,32,0.64,21,Walking,383.42,23,Vegetarian,696,6.4,40.45,1352.74
Événement de Bienfaisance,Fundraiser,26,1343,Convention Center,London,44,1.42,26,Bus,190.43,124,Non-Vegetarian,1343,15.4,11.05,6982.44
Team Building,Fundraiser,25,1297,Coworking Space,Tokyo,48,1.95,25,Bus,240.31,422,Mixed,1297,5.1,23.49,10554.33
Seminar,Fundraiser,1,497,Coworking Space,Berlin,21,1.98,1,Bicycle,309.96,179,Mixed,497,6.66,41.79,1360.19
Formation,Team Building,24,1001,Coworking Space,London,24,1.51,24,Walking,423.31,467,Vegetarian,1001,12.2,13.36,1987.5
Team Building,Team Building,34,79,Outdoor,Sydney,50,1.98,34,Train,192.84,303,Mixed,79,0.65,2.36,4223.74
Board Meeting,Networking Event,5,1098,Hotel,Berlin,50,1.94,5,Car,313.67,400,Vegan,1098,7.89,41.64,27787.84
Événement de Bienfaisance,Networking Event,4,1706,Convention Center,Dubai,21,0.96,4,Plane,320.83,287,Vegetarian,1706,10.84,13.81,25668.17
Conférence,Product Launch,26,668,Convention Center,Tokyo,7,0.71,26,Bicycle,203.18,373,Non-Vegetarian,668,5.62,40.76,2495.37
Team Building,Networking Event,28,1356,Convention Center,Dubai,46,1.28,28,Walking,26.91,414,Mixed,1356,19.34,47.11,4347.22
Atelier,Conference,32,1545,Hotel,Tokyo,44,1.65,32,Car,348.59,218,Vegan,1545,14.99,10.94,18716.91
Team Building,Networking Event,31,769,Office,London,30,1.32,31,Plane,168.68,402,Non-Vegetarian,769,11.18,21.76,20323.52
Trade Show,Workshop,48,207,Outdoor,Paris,30,1.96,48,Plane,84.16,291,Mixed,207,15.58,4.08,8090.66
Réunion du Conseil,Networking Event,40,572,Hotel,Tokyo,27,0.74,40,Bicycle,210.56,214,Mixed,572,4.45,44.92,1928.34
Séminaire,Fundraiser,23,1230,Outdoor,New York,27,1.64,23,Car,299.34,328,Vegan,1230,3.16,15.78,22395.64
Formation,Team Building,9,546,Hotel,Sydney,50,1.84,9,Train,230.8,413,Non-Vegetarian,546,13.44,29.51,6223.72
Seminar,Fundraiser,21,712,Coworking Space,Tokyo,37,0.81,21,Bicycle,448.92,115,Vegetarian,712,2.31,48.4,1484.11
Networking,Workshop,43,355,Outdoor,Tokyo,28,1.43,43,Walking,411.64,168,Vegetarian,355,6.67,12.7,1432.1
Conférence,Seminar,41,1759,Convention Center,Berlin,47,0.78,41,Train,311.87,148,Non-Vegetarian,1759,6.21,29.25,8825.22
Formation,Team Building,45,812,Office,London,8,1.55,45,Train,119.25,203,Non-Vegetarian,812,10.45,38.4,4187.01
Conference,Conference,14,997,Hotel,Sydney,42,1.01,14,Walking,499.61,330,Mixed,997,8.62,46.73,2900.14
Seminar,Product Launch,17,1141,Hotel,Dubai,5,1.69,17,Plane,410.07,187,Mixed,1141,11.66,8.04,22134.5
Seminar,Conference,15,1390,Hotel,New York,41,0.26,15,Train,444.98,44,Non-Vegetarian,1390,13.05,37.94,5830.09
Fundraiser,Conference,26,1662,Coworking Space,Berlin,42,0.2,26,Train,340.88,471,Vegan,1662,19.61,29.97,8292.54
Team Building,Conference,34,134,Convention Center,Sydney,39,1.9,34,Train,198.07,193,Vegan,134,11.96,23.44,2993.6
Conférence,Team Building,18,1421,Coworking Space,New York,41,1.51,18,Bicycle,411.71,495,Vegetarian,1421,12.98,36.21,2787.07
Networking Event,Conference,22,621,Outdoor,Tokyo,25,0.22,22,Train,478.1,61,Non-Vegetarian,621,19.3,15.35,3469.86
Conference,Corporate Training,44,1666,Hotel,London,28,1.74,44,Bus,436.56,104,Non-Vegetarian,1666,12.65,10.57,9673.41
Product Launch,Seminar,29,372,Hotel,Dubai,32,1.65,29,Plane,171.86,214,Vegetarian,372,4.0,40.65,10607.41
Formation,Networking Event,48,376,Convention Center,Sydney,33,0.84,48,Plane,227.96,206,Vegan,376,6.14,43.98,12881.46
Board Meeting,Product Launch,17,602,Outdoor,London,19,1.3,17,Bicycle,407.51,194,Vegan,602,1.95,14.55,844.95
Conférence,Networking Event,44,857,Office,Tokyo,5,0.31,44,Train,188.48,264,Vegetarian,857,16.27,34.14,3410.77
Lancement de Produit,Fundraiser,6,1876,Coworking Space,Paris,15,1.43,6,Car,46.86,97,Non-Vegetarian,1876,6.76,17.81,7634.03
Trade Show,Networking Event,6,147,Office,London,30,1.95,6,Train,13.0,386,Vegetarian,147,16.11,41.65,712.24
Atelier,Conference,11,666,Convention Center,Dubai,36,0.7,11,Bus,324.32,395,Vegetarian,666,11.94,33.97,8915.8
Networking,Product Launch,31,817,Hotel,New York,15,0.78,31,Bicycle,268.21,484,Vegan,817,8.14,23.99,1062.61
Réunion du Conseil,Conference,29,539,Outdoor,Tokyo,17,0.94,29,Plane,217.12,184,Vegetarian,539,7.97,39.66,11122.99
Seminar,Product Launch,17,1553,Outdoor,London,41,1.39,17,Train,292.89,203,Non-Vegetarian,1553,8.11,2.95,8320.3
Networking Event,Board Meeting,11,1603,Convention Center,Paris,10,1.45,11,Train,82.36,284,Mixed,1603,8.63,38.69,5117.5
Réunion du Conseil,Board Meeting,24,1628,Convention Center,New York,6,1.8,24,Walking,299.06,216,Vegetarian,1628,9.04,7.11,2603.9
Product Launch,Conference,30,472,Office,Berlin,36,0.45,30,Bus,391.87,499,Mixed,472,6.7,31.39,13231.77
Formation,Team Building,34,974,Outdoor,London,20,0.17,34,Walking,182.89,280,Vegetarian,974,9.24,44.37,1626.02
Conference,Conference,45,773,Coworking Space,Berlin,39,0.37,45,Bus,20.31,29,Vegan,773,2.0,20.59,1178.19
Workshop,Seminar,34,217,Coworking Space,Sydney,21,0.56,34,Plane,472.43,447,Vegan,217,13.73,44.18,53326.79
Trade Show,Board Meeting,18,1584,Coworking Space,Paris,19,1.12,18,Train,24.53,304,Non-Vegetarian,1584,4.21,42.86,6127.94
Atelier,Board Meeting,4,763,Hotel,Paris,33,1.5,4,Car,324.03,310,Non-Vegetarian,763,4.54,1.81,23876.55
Corporate Training,Conference,34,1155,Office,London,32,1.39,34,Plane,393.31,227,Mixed,1155,2.38,23.87,26016.5
Séminaire,Seminar,34,165,Coworking Space,Tokyo,13,1.43,34,Bicycle,230.36,69,Mixed,165,1.12,23.43,777.63
Lancement de Produit,Corporate Training,45,1608,Convention Center,Paris,38,1.61,45,Bicycle,75.92,401,Vegan,1608,4.5,3.89,3001.33
Fundraiser,Networking Event,12,1928,Hotel,Dubai,29,0.81,12,Car,148.42,177,Non-Vegetarian,1928,5.97,11.49,12440.63
Team Building,Seminar,45,1176,Hotel,Dubai,11,1.03,45,Bus,168.72,339,Mixed,1176,4.26,35.18,6705.57
Board Meeting,Corporate Training,44,1410,Outdoor,Dubai,23,1.26,44,Train,116.74,231,Vegetarian,1410,1.27,33.22,3900.22
Board Meeting,Corporate Training,5,328,Office,Paris,44,0.46,5,Train,278.78,463,Mixed,328,10.29,36.73,6127.65
Lancement de Produit,Networking Event,31,166,Outdoor,London,6,1.18,31,Bus,69.77,330,Vegan,166,14.26,42.57,1770.85
Lancement de Produit,Trade Show,2,1024,Office,New York,19,0.69,2,Plane,63.53,453,Mixed,1024,16.78,21.89,9845.22
Séminaire,Workshop,35,957,Outdoor,Sydney,15,1.64,35,Bus,101.74,458,Vegan,957,11.91,45.6,4298.34
Board Meeting,Workshop,44,1065,Convention Center,New York,26,1.03,44,Plane,311.43,496,Non-Vegetarian,1065,4.85,36.07,43015.82
Conference,Fundraiser,25,973,Hotel,Paris,31,1.78,25,Bus,231.59,185,Non-Vegetarian,973,0.9,19.39,6706.48
Corporate Training,Board Meeting,29,428,Convention Center,Berlin,36,0.2,29,Walking,44.88,452,Non-Vegetarian,428,18.46,45.84,1731.0
Lancement de Produit,Seminar,1,362,Convention Center,Paris,12,1.42,1,Car,471.61,178,Non-Vegetarian,362,10.85,15.76,18957.52
Formation,Seminar,3,1935,Office,Berlin,50,1.07,3,Bus,382.95,248,Vegan,1935,19.94,6.66,7766.75
Atelier,Corporate Training,12,89,Office,Tokyo,48,0.49,12,Bicycle,322.12,81,Vegan,89,9.63,3.11,255.6
Conférence,Board Meeting,25,718,Office,Berlin,25,0.84,25,Walking,366.27,307,Mixed,718,7.36,9.81,2091.84
Formation,Seminar,31,856,Outdoor,New York,49,0.26,31,Plane,287.46,44,Vegetarian,856,15.91,41.28,4757.91
Networking Event,Board Meeting,31,1668,Office,Dubai,6,0.84,31,Bus,145.5,269,Vegetarian,1668,11.65,43.43,5038.65
Formation,Corporate Training,19,640,Convention Center,Paris,15,0.38,19,Plane,5.68,124,Mixed,640,1.26,44.16,1921.07
Board Meeting,Workshop,43,73,Outdoor,London,36,0.98,43,Plane,266.81,40,Non-Vegetarian,73,9.47,42.21,3785.48
Workshop,Team Building,47,295,Coworking Space,New York,45,1.05,47,Walking,464.92,399,Mixed,295,17.57,24.8,1932.62
Séminaire,Conference,33,1044,Coworking Space,Tokyo,37,1.23,33,Bicycle,362.17,430,Vegetarian,1044,17.44,29.2,2410.2
Atelier,Fundraiser,20,572,Outdoor,Dubai,18,0.13,20,Bus,429.4,132,Vegetarian,572,8.8,21.83,4343.51
Lancement de Produit,Seminar,8,109,Coworking Space,Tokyo,33,0.82,8,Plane,438.46,492,Vegan,109,2.91,5.59,54164.82
Product Launch,Workshop,22,1468,Convention Center,New York,35,0.99,22,Bicycle,253.13,174,Vegetarian,1468,2.25,28.28,2644.21
Corporate Training,Corporate Training,47,80,Convention Center,Berlin,27,1.91,47,Bus,300.18,419,Mixed,80,5.75,17.88,9005.68
Networking Event,Seminar,25,971,Coworking Space,London,37,1.82,25,Bicycle,210.3,77,Vegetarian,971,5.0,49.94,2408.13
Formation,Team Building,45,959,Convention Center,Tokyo,32,1.22,45,Walking,104.98,154,Mixed,959,2.8,48.02,3377.54
Séminaire,Team Building,24,367,Office,New York,26,1.43,24,Train,449.56,177,Vegetarian,367,16.53,38.55,4289.7
Seminar,Networking Event,22,640,Coworking Space,Dubai,30,0.18,22,Train,42.83,275,Non-Vegetarian,640,15.9,1.29,2804.91
Conference,Fundraiser,21,1397,Hotel,Sydney,23,1.44,21,Bus,54.19,116,Vegetarian,1397,17.42,18.59,2892.44
Networking Event,Corporate Training,47,1398,Office,London,18,1.16,47,Bicycle,286.55,411,Mixed,1398,8.94,39.82,4083.2
Fundraiser,Fundraiser,19,103,Coworking Space,Paris,29,0.38,19,Bus,48.11,102,Mixed,103,5.87,7.64,683.64
Réunion du Conseil,Board Meeting,5,961,Hotel,Berlin,23,1.81,5,Car,396.87,268,Vegetarian,961,4.4,7.01,23904.24
Fundraiser,Workshop,16,1876,Hotel,Tokyo,30,0.26,16,Car,374.5,126,Mixed,1876,14.91,24.98,14741.45
Séminaire,Seminar,5,149,Outdoor,Dubai,27,0.86,5,Bicycle,186.75,223,Non-Vegetarian,149,12.28,28.42,660.95
Networking Event,Trade Show,18,13,Convention Center,London,25,0.2,18,Plane,480.01,487,Vegetarian,13,18.33,22.95,58588.28
Trade Show,Networking Event,33,1707,Hotel,Tokyo,13,1.85,33,Walking,292.57,203,Vegan,1707,7.77,31.15,2181.66
Product Launch,Board Meeting,15,1129,Outdoor,Sydney,13,0.92,15,Train,273.1,286,Non-Vegetarian,1129,15.58,22.27,7241.16
Réunion du Conseil,Seminar,2,346,Outdoor,Tokyo,11,0.11,2,Train,267.58,58,Mixed,346,17.25,22.23,1565.96
Formation,Networking Event,1,1901,Hotel,Dubai,12,1.3,1,Car,186.73,120,Mixed,1901,19.06,35.67,9575.36
Conference,Seminar,9,159,Hotel,Paris,34,1.58,9,Walking,139.21,215,Non-Vegetarian,159,12.77,18.65,861.08
Team Building,Trade Show,3,142,Convention Center,Dubai,25,1.47,3,Train,23.47,240,Vegetarian,142,11.2,36.87,589.58
Board Meeting,Conference,4,1665,Outdoor,Tokyo,7,1.84,4,Train,201.35,499,Mixed,1665,7.94,36.88,8296.85
Conférence,Team Building,40,177,Hotel,Sydney,42,1.57,40,Walking,115.45,448,Vegetarian,177,8.88,32.5,1667.06
Événement de Bienfaisance,Seminar,38,604,Convention Center,New York,39,1.54,38,Walking,250.79,454,Non-Vegetarian,604,12.73,33.25,3347.1
Product Launch,Trade Show,41,1453,Coworking Space,Paris,29,0.22,41,Plane,64.93,120,Vegetarian,1453,5.43,24.73,4318.51
Conférence,Team Building,28,1454,Outdoor,Sydney,22,1.49,28,Bicycle,315.8,276,Vegan,1454,8.86,24.63,1979.9
Workshop,Workshop,48,1768,Office,Paris,36,1.44,48,Bus,64.28,56,Mixed,1768,4.93,14.09,5918.18
Workshop,Team Building,7,1935,Coworking Space,Berlin,24,1.14,7,Car,154.21,24,Mixed,1935,14.19,33.26,5805.38
Networking Event,Trade Show,15,1348,Coworking Space,Dubai,18,0.48,15,Walking,224.6,383,Vegan,1348,3.46,7.27,1434.26
Seminar,Conference,16,1032,Coworking Space,Tokyo,38,0.73,16,Car,451.46,370,Non-Vegetarian,1032,9.25,39.09,39009.04
Product Launch,Corporate Training,21,1561,Outdoor,New York,39,0.17,21,Bicycle,369.94,251,Mixed,1561,11.92,41.32,4078.59
Conférence,Workshop,9,671,Outdoor,Paris,29,1.51,9,Bicycle,133.19,144,Non-Vegetarian,671,11.27,16.93,2601.95
Team Building,Board Meeting,26,1445,Coworking Space,Paris,43,1.58,26,Car,134.32,471,Vegan,1445,16.47,40.95,15728.65
Fundraiser,Workshop,31,1540,Hotel,Dubai,12,0.11,31,Plane,97.09,365,Non-Vegetarian,1540,19.2,16.45,14341.22
Product Launch,Trade Show,48,174,Outdoor,Tokyo,28,0.71,48,Walking,312.97,44,Mixed,174,18.22,38.1,1024.76
Événement de Bienfaisance,Conference,12,684,Office,Dubai,26,0.51,12,Bus,447.24,429,Mixed,684,17.33,5.52,13347.22
Événement de Bienfaisance,Trade Show,34,1306,Coworking Space,London,6,0.95,34,Bus,456.68,274,Non-Vegetarian,1306,12.02,16.53,12232.82
Team Building,Product Launch,45,1304,Coworking Space,Dubai,42,0.56,45,Bus,221.61,116,Vegetarian,1304,5.0,11.9,4061.41
Team Building,Board Meeting,13,321,Outdoor,Paris,7,1.12,13,Bus,471.62,160,Vegetarian,321,5.38,49.31,5169.39
Networking Event,Product Launch,25,374,Hotel,Berlin,38,1.76,25,Train,104.68,450,Non-Vegetarian,374,13.58,49.01,4154.42
Lancement de Produit,Product Launch,34,904,Hotel,Berlin,28,0.67,34,Car,297.87,355,Non-Vegetarian,904,8.72,5.27,25717.11
Formation,Workshop,48,519,Coworking Space,Dubai,13,1.07,48,Car,83.66,459,Vegan,519,9.52,24.32,8984.51
Team Building,Corporate Training,7,342,Coworking Space,Berlin,40,1.42,7,Walking,218.91,160,Vegan,342,16.61,45.18,664.38
Networking Event,Board Meeting,35,1690,Outdoor,Sydney,38,1.31,35,Plane,254.71,382,Mixed,1690,19.93,40.99,29542.8
Team Building,Conference,6,710,Hotel,Paris,23,1.94,6,Car,436.58,469,Non-Vegetarian,710,14.0,20.88,45687.38
Conference,Team Building,38,287,Outdoor,Dubai,45,0.68,38,Car,21.76,271,Vegan,287,6.9,30.7,2181.96
Formation,Seminar,43,513,Outdoor,Tokyo,20,0.13,43,Train,478.78,402,Vegan,513,12.94,37.02,8367.6
Networking Event,Fundraiser,1,350,Office,Tokyo,16,0.55,1,Plane,229.07,54,Mixed,350,7.84,20.96,4029.44
Networking Event,Product Launch,14,902,Coworking Space,London,47,0.59,14,Walking,37.82,78,Mixed,902,17.57,10.22,2504.69
Atelier,Product Launch,6,250,Coworking Space,Tokyo,44,0.83,6,Bicycle,393.3,287,Vegan,250,15.35,38.32,466.9
Atelier,Seminar,38,1899,Convention Center,Sydney,31,0.56,38,Plane,175.1,176,Non-Vegetarian,1899,9.45,9.49,14718.62
Atelier,Product Launch,22,1021,Outdoor,London,15,0.89,22,Car,441.1,391,Mixed,1021,6.78,12.83,38957.29
Formation,Networking Event,8,1100,Outdoor,Paris,20,1.64,8,Plane,199.62,325,Vegetarian,1100,15.73,15.51,18062.81
Atelier,Seminar,41,1947,Coworking Space,Tokyo,14,0.18,41,Plane,95.02,62,Vegan,1947,15.18,15.76,3533.35
Atelier,Board Meeting,11,714,Convention Center,Paris,14,0.6,11,Car,8.04,454,Vegetarian,714,11.89,34.89,1977.29
Lancement de Produit,Seminar,7,162,Hotel,Sydney,41,1.3,7,Train,110.06,10,Non-Vegetarian,162,18.43,47.84,930.11
Séminaire,Product Launch,48,616,Hotel,Sydney,29,1.14,48,Bus,476.54,254,Non-Vegetarian,616,7.6,8.46,10244.03
Séminaire,Corporate Training,20,1076,Outdoor,Paris,9,0.98,20,Walking,142.79,420,Vegan,1076,12.38,36.25,1261.46
Conférence,Board Meeting,36,956,Outdoor,London,32,0.72,36,Bicycle,4.68,144,Vegetarian,956,18.4,36.76,1959.04
Team Building,Corporate Training,27,1193,Office,New York,40,0.75,27,Bicycle,257.69,222,Non-Vegetarian,1193,2.3,10.99,4607.08
Conférence,Product Launch,4,1319,Outdoor,Dubai,27,1.01,4,Walking,88.09,450,Mixed,1319,10.54,17.87,3408.86
Corporate Training,Conference,36,957,Office,Sydney,33,0.61,36,Bus,17.67,170,Non-Vegetarian,957,13.15,26.22,3970.81
Formation,Product Launch,22,1061,Convention Center,Tokyo,34,0.63,22,Train,213.47,344,Non-Vegetarian,1061,13.88,7.81,6929.85
Board Meeting,Seminar,7,1658,Outdoor,Dubai,11,0.3,7,Walking,120.07,395,Mixed,1658,2.22,14.6,4190.19
Fundraiser,Networking Event,44,622,Convention Center,London,6,1.8,44,Bicycle,390.82,237,Mixed,622,18.81,20.56,1871.34
Corporate Training,Seminar,6,1946,Convention Center,Berlin,28,0.86,6,Walking,216.64,494,Mixed,1946,11.35,28.44,5016.82
Fundraiser,Team Building,40,942,Outdoor,Tokyo,32,0.44,40,Train,80.19,379,Mixed,942,14.53,21.21,3923.76
Réunion du Conseil,Fundraiser,41,1131,Convention Center,Sydney,30,1.09,41,Bicycle,206.53,227,Vegan,1131,14.48,1.56,1833.43
Événement de Bienfaisance,Board Meeting,32,969,Hotel,Sydney,39,1.71,32,Bicycle,460.84,218,Mixed,969,2.33,36.92,3568.04
Workshop,Fundraiser,27,45,Coworking Space,London,47,0.94,27,Car,256.71,136,Vegetarian,45,17.59,27.1,8084.95
Networking Event,Corporate Training,27,724,Hotel,London,37,0.44,27,Plane,303.37,478,Vegan,724,11.98,26.93,37274.32
Networking Event,Conference,32,1633,Coworking Space,Paris,41,0.95,32,Walking,281.68,40,Mixed,1633,5.87,44.15,4805.74
Seminar,Fundraiser,48,1671,Outdoor,New York,38,0.95,48,Plane,56.54,92,Vegetarian,1671,13.37,7.71,4715.48
Team Building,Product Launch,43,1237,Outdoor,New York,37,0.96,43,Bus,153.13,52,Non-Vegetarian,1237,16.84,9.32,5623.27
Atelier,Trade Show,41,1188,Convention Center,Sydney,19,0.45,41,Train,288.91,180,Vegetarian,1188,17.07,22.41,4116.39
Corporate Training,Seminar,29,1315,Outdoor,London,33,0.66,29,Train,181.22,344,Mixed,1315,13.72,10.97,6146.28
Networking,Fundraiser,30,1773,Hotel,New York,30,0.5,30,Train,247.05,68,Vegetarian,1773,4.91,37.99,3642.28
Networking,Corporate Training,26,695,Hotel,New York,22,0.33,26,Car,24.28,66,Vegetarian,695,19.87,34.42,1581.98
Séminaire,Corporate Training,45,1863,Hotel,New York,36,0.36,45,Plane,334.3,113,Mixed,1863,6.79,41.19,14489.03
Formation,Trade Show,27,115,Hotel,Sydney,43,0.81,27,Walking,487.31,36,Vegan,115,9.5,43.61,691.43
Workshop,Seminar,14,1786,Coworking Space,Tokyo,19,1.35,14,Bus,374.53,212,Vegan,1786,6.64,24.06,6790.97
Corporate Training,Board Meeting,14,1157,Outdoor,Berlin,34,1.87,14,Walking,38.96,220,Vegan,1157,17.26,14.76,1666.1
Lancement de Produit,Corporate Training,4,1155,Office,Paris,33,1.15,4,Car,348.77,390,Vegan,1155,1.22,40.51,29878.62
Réunion du Conseil,Seminar,5,1247,Office,New York,50,1.8,5,Bicycle,284.76,76,Mixed,1247,16.69,18.26,3412.4
Trade Show,Conference,39,1973,Convention Center,Sydney,27,1.06,39,Train,298.29,55,Vegan,1973,3.16,30.74,3255.13
Trade Show,Team Building,22,230,Hotel,New York,40,0.73,22,Plane,8.66,348,Vegetarian,230,12.8,16.67,1478.56
Formation,Workshop,37,460,Office,New York,30,1.03,37,Train,111.45,131,Mixed,460,1.58,31.37,2371.55
Trade Show,Seminar,45,1830,Convention Center,Dubai,48,0.13,45,Car,323.62,297,Vegetarian,1830,12.89,26.87,23149.1
Workshop,Corporate Training,12,74,Hotel,Dubai,46,0.62,12,Train,434.25,416,Vegetarian,74,0.82,40.14,7589.96
Workshop,Conference,39,1278,Hotel,Tokyo,48,0.58,39,Car,91.88,112,Non-Vegetarian,1278,2.43,35.46,7252.68
Networking Event,Trade Show,24,696,Convention Center,Sydney,48,1.63,24,Bus,6.59,189,Mixed,696,9.0,17.34,2806.29
Réunion du Conseil,Team Building,23,200,Convention Center,Paris,31,0.56,23,Bus,320.11,101,Vegetarian,200,10.08,29.93,2519.53
Conference,Seminar,20,282,Hotel,Tokyo,18,1.55,20,Bicycle,423.17,339,Mixed,282,7.32,6.75,1012.14
Workshop,Trade Show,29,1100,Coworking Space,Dubai,48,0.67,29,Train,346.99,169,Mixed,1100,11.57,48.95,5683.01
Product Launch,Board Meeting,11,440,Office,Sydney,37,1.77,11,Plane,32.74,215,Mixed,440,4.31,33.32,3295.23
Networking,Workshop,37,481,Coworking Space,London,38,1.12,37,Train,270.1,483,Vegetarian,481,12.46,26.76,6805.63
Corporate Training,Seminar,37,1532,Coworking Space,New York,5,1.89,37,Bicycle,157.83,204,Vegetarian,1532,5.25,41.71,2566.74
Networking Event,Conference,33,135,Coworking Space,Tokyo,10,1.75,33,Train,432.13,311,Non-Vegetarian,135,13.89,2.35,6169.43
Networking Event,Workshop,6,427,Outdoor,London,41,1.07,6,Train,201.46,350,Vegetarian,427,3.21,17.26,3633.49
Trade Show,Workshop,5,1814,Hotel,Paris,35,0.62,5,Plane,156.57,63,Vegan,1814,6.57,32.83,4413.03
Trade Show,Board Meeting,2,1732,Coworking Space,Dubai,7,0.13,2,Plane,189.74,172,Vegan,1732,15.76,39.17,10001.59
Atelier,Team Building,9,1778,Office,Paris,44,1.98,9,Bicycle,296.3,448,Vegan,1778,8.33,41.64,2269.98
Seminar,Corporate Training,36,63,Convention Center,London,40,0.4,36,Train,18.66,29,Vegetarian,63,12.97,38.16,506.41
Networking Event,Team Building,40,501,Outdoor,London,5,0.95,40,Train,486.18,418,Vegan,501,10.61,37.01,8820.17
Networking,Product Launch,14,1391,Hotel,Dubai,43,1.78,14,Bus,225.28,97,Non-Vegetarian,1391,7.28,44.6,6819.17
Product Launch,Networking Event,10,247,Office,Dubai,32,1.23,10,Bicycle,33.83,279,Vegan,247,7.64,40.99,541.06
Séminaire,Board Meeting,13,1805,Coworking Space,Paris,33,0.87,13,Car,371.94,439,Vegan,1805,0.68,32.14,36346.4
Networking,Corporate Training,44,441,Convention Center,Berlin,34,1.91,44,Car,305.45,92,Mixed,441,5.97,36.82,8518.05
Fundraiser,Product Launch,44,1985,Office,London,5,0.55,44,Car,285.65,132,Mixed,1985,0.95,44.11,13031.34
Atelier,Networking Event,19,611,Coworking Space,London,45,1.88,19,Bicycle,422.33,380,Non-Vegetarian,611,10.62,20.47,3004.38
Lancement de Produit,Networking Event,22,1263,Outdoor,Sydney,15,0.96,22,Train,43.44,157,Vegetarian,1263,6.61,13.92,2366.76
Formation,Team Building,26,699,Convention Center,Tokyo,35,0.22,26,Train,213.08,62,Vegan,699,2.61,46.63,1426.02
Product Launch,Fundraiser,33,1299,Coworking Space,Dubai,22,0.75,33,Train,496.91,360,Vegetarian,1299,10.18,41.69,9479.99
Corporate Training,Workshop,27,1477,Coworking Space,Berlin,24,0.8,27,Plane,115.61,68,Vegan,1477,10.14,25.22,3772.29
Fundraiser,Workshop,43,1426,Convention Center,Paris,23,0.13,43,Bicycle,89.01,406,Mixed,1426,4.79,8.81,3656.48
Board Meeting,Networking Event,26,508,Hotel,Tokyo,19,1.13,26,Bus,291.91,444,Mixed,508,4.62,3.48,9341.79
Fundraiser,Team Building,19,1969,Office,Tokyo,7,0.85,19,Bicycle,195.42,498,Non-Vegetarian,1969,11.53,3.87,6978.82
Réunion du Conseil,Seminar,6,1992,Coworking Space,London,12,1.39,6,Train,287.49,354,Mixed,1992,16.74,34.01,9202.4
Lancement de Produit,Seminar,10,1871,Hotel,Dubai,20,0.36,10,Car,214.58,207,Vegetarian,1871,4.15,20.37,12219.33
Atelier,Seminar,10,1966,Coworking Space,Berlin,37,1.55,10,Bicycle,139.14,474,Vegetarian,1966,8.92,34.87,3323.33
Board Meeting,Fundraiser,8,534,Office,New York,6,0.9,8,Bicycle,197.78,35,Vegetarian,534,12.52,40.31,928.26
Atelier,Team Building,3,475,Convention Center,London,8,1.7,3,Train,22.21,479,Mixed,475,5.93,15.21,1675.72
Networking,Product Launch,10,1752,Coworking Space,Paris,29,1.61,10,Plane,284.05,432,Vegan,1752,18.56,36.27,32772.51
Workshop,Corporate Training,23,588,Outdoor,Tokyo,20,0.33,23,Walking,21.53,268,Vegan,588,16.46,30.75,758.32
Seminar,Seminar,9,631,Coworking Space,Tokyo,9,0.57,9,Bicycle,95.99,449,Non-Vegetarian,631,3.98,15.85,2271.24
Board Meeting,Fundraiser,20,1902,Office,Sydney,35,1.22,20,Bicycle,82.96,299,Vegan,1902,19.19,8.2,2383.78
Conférence,Networking Event,17,911,Office,New York,42,1.19,17,Car,282.68,143,Mixed,911,18.24,29.63,11286.95
Réunion du Conseil,Team Building,39,256,Outdoor,Dubai,36,1.6,39,Plane,317.73,46,Non-Vegetarian,256,18.53,21.53,5753.22
Formation,Networking Event,26,1088,Coworking Space,New York,6,1.65,26,Plane,408.78,283,Non-Vegetarian,1088,13.6,19.21,32923.5
Réunion du Conseil,Networking Event,8,468,Convention Center,Sydney,17,0.12,8,Bus,378.82,459,Non-Vegetarian,468,12.92,48.95,12202.6
Conference,Workshop,48,652,Coworking Space,New York,50,0.81,48,Walking,110.77,157,Vegetarian,652,14.92,44.0,2067.84
Workshop,Networking Event,28,1957,Convention Center,Berlin,13,0.58,28,Plane,380.17,282,Non-Vegetarian,1957,17.62,45.72,33883.72
Seminar,Board Meeting,29,72,Coworking Space,Sydney,35,1.69,29,Bicycle,483.35,398,Vegetarian,72,19.47,49.37,1103.36
Seminar,Conference,20,1516,Coworking Space,London,12,1.66,20,Car,24.63,489,Vegetarian,1516,1.77,37.69,5081.37
Atelier,Corporate Training,13,973,Outdoor,Sydney,40,1.36,13,Bicycle,350.15,453,Vegan,973,5.68,48.51,1434.98
Fundraiser,Product Launch,2,1392,Convention Center,Paris,40,0.83,2,Bicycle,347.57,284,Vegan,1392,4.26,30.81,1495.34
Conference,Corporate Training,31,167,Outdoor,Paris,12,1.66,31,Train,189.08,328,Non-Vegetarian,167,16.86,33.39,3474.49
Séminaire,Seminar,45,1129,Hotel,New York,27,0.42,45,Plane,69.89,423,Vegan,1129,14.07,38.24,8879.64
Networking Event,Networking Event,9,548,Hotel,New York,5,1.03,9,Car,258.42,220,Non-Vegetarian,548,17.3,9.51,13933.8
Workshop,Fundraiser,48,1693,Outdoor,New York,50,0.16,48,Bus,485.46,325,Vegan,1693,9.0,15.32,11400.11
Networking,Networking Event,44,1587,Hotel,Paris,50,0.1,44,Train,59.41,206,Vegetarian,1587,7.21,29.4,3053.26
Product Launch,Networking Event,17,513,Outdoor,Tokyo,9,0.72,17,Car,306.36,371,Non-Vegetarian,513,8.86,15.48,25767.77
Atelier,Workshop,2,1505,Convention Center,Paris,13,0.42,2,Car,456.62,388,Vegan,1505,10.98,39.51,38816.84
Networking,Product Launch,15,1947,Hotel,Berlin,49,0.73,15,Walking,247.91,92,Vegetarian,1947,18.19,21.76,3268.68
Réunion du Conseil,Trade Show,40,1855,Office,New York,20,0.74,40,Bicycle,336.55,10,Non-Vegetarian,1855,3.4,24.8,6844.9
Conference,Fundraiser,5,566,Convention Center,Tokyo,9,1.88,5,Car,419.15,105,Vegan,566,18.78,5.41,9898.94
Conference,Workshop,14,497,Outdoor,Tokyo,23,1.45,14,Bus,315.81,96,Vegan,497,2.74,49.88,2654.76
Networking,Workshop,12,452,Coworking Space,Sydney,40,1.62,12,Walking,107.21,429,Vegan,452,4.14,43.48,936.04
Conference,Networking Event,40,718,Convention Center,New York,30,0.22,40,Walking,472.74,385,Mixed,718,19.22,48.75,2062.94
Fundraiser,Seminar,28,1586,Coworking Space,London,28,0.83,28,Car,483.91,256,Mixed,1586,16.74,30.82,30400.48
Fundraiser,Team Building,24,1875,Office,Tokyo,41,1.21,24,Bus,160.2,37,Mixed,1875,7.23,12.21,5677.34
Networking,Board Meeting,38,1797,Office,Paris,19,1.11,38,Bus,307.7,268,Vegan,1797,11.31,48.62,7265.39
Fundraiser,Networking Event,20,1864,Hotel,Sydney,50,1.85,20,Car,187.29,19,Vegan,1864,19.08,29.87,3634.19
Team Building,Conference,19,1856,Office,Paris,38,0.89,19,Car,428.57,308,Vegetarian,1856,7.0,15.33,30869.86
Trade Show,Networking Event,6,705,Hotel,Tokyo,39,1.14,6,Walking,476.77,499,Vegan,705,8.45,2.22,859.72
Fundraiser,Seminar,45,271,Office,Sydney,39,1.58,45,Walking,373.44,146,Vegetarian,271,14.4,19.89,1861.53
Board Meeting,Workshop,16,1554,Outdoor,Berlin,25,0.21,16,Walking,142.83,429,Mixed,1554,19.04,40.58,4046.24
Product Launch,Team Building,31,208,Outdoor,Sydney,45,1.01,31,Bus,56.82,322,Mixed,208,6.02,13.56,2361.4
Lancement de Produit,Team Building,17,521,Hotel,Berlin,44,1.13,17,Walking,218.61,46,Mixed,521,8.85,46.16,1835.14
Trade Show,Corporate Training,23,629,Convention Center,London,22,1.28,23,Car,130.83,108,Vegan,629,8.4,39.32,4015.5
Trade Show,Board Meeting,36,1883,Convention Center,Tokyo,12,1.74,36,Train,363.56,384,Non-Vegetarian,1883,19.44,4.21,12597.92
Board Meeting,Team Building,1,1970,Outdoor,Paris,48,0.3,1,Car,56.41,134,Vegan,1970,7.03,16.54,3611.72
Board Meeting,Conference,12,607,Hotel,London,17,1.65,12,Walking,178.26,162,Non-Vegetarian,607,14.06,23.14,2367.2
Événement de Bienfaisance,Team Building,44,1703,Hotel,Sydney,32,0.15,44,Train,396.72,19,Mixed,1703,15.89,45.55,4787.49
Réunion du Conseil,Corporate Training,23,1610,Hotel,New York,28,1.01,23,Bicycle,201.78,313,Vegetarian,1610,14.63,2.98,2775.44
Team Building,Fundraiser,31,1232,Office,Paris,35,1.19,31,Car,198.72,105,Vegan,1232,15.59,47.52,6385.57
Team Building,Conference,10,626,Hotel,Sydney,13,1.41,10,Walking,140.0,31,Non-Vegetarian,626,11.09,27.02,2358.87
Conférence,Workshop,6,1123,Hotel,New York,39,0.65,6,Plane,238.59,479,Mixed,1123,18.96,30.91,31554.44
Atelier,Product Launch,39,93,Hotel,Berlin,13,1.28,39,Walking,465.75,180,Mixed,93,1.39,8.48,576.72
Trade Show,Trade Show,38,1694,Outdoor,New York,38,1.62,38,Car,162.44,204,Mixed,1694,11.93,35.22,12457.87
Board Meeting,Corporate Training,14,232,Outdoor,Berlin,37,0.12,14,Plane,146.54,298,Vegan,232,1.12,3.83,11190.21
Réunion du Conseil,Networking Event,29,1039,Convention Center,New York,10,1.94,29,Car,472.08,467,Non-Vegetarian,1039,12.74,31.67,50303.51
Événement de Bienfaisance,Corporate Training,44,1092,Office,London,12,1.64,44,Train,494.66,246,Vegetarian,1092,12.23,37.02,7036.91
Product Launch,Corporate Training,29,1716,Coworking Space,Dubai,16,1.3,29,Walking,36.55,409,Non-Vegetarian,1716,4.24,36.22,6388.52
Corporate Training,Corporate Training,29,1081,Office,Berlin,49,0.61,29,Bus,469.24,82,Mixed,1081,17.57,1.07,5481.85
Fundraiser,Networking Event,36,1473,Convention Center,Tokyo,27,0.15,36,Train,99.08,227,Non-Vegetarian,1473,13.37,44.13,6243.05
Réunion du Conseil,Conference,11,1246,Coworking Space,London,6,0.37,11,Walking,468.17,54,Vegan,1246,11.59,6.74,1294.87
Séminaire,Seminar,47,287,Coworking Space,Paris,23,1.42,47,Train,7.59,206,Non-Vegetarian,287,6.06,22.21,1891.09
Networking,Seminar,35,1270,Convention Center,Dubai,32,0.31,35,Train,64.43,480,Vegan,1270,9.8,47.71,2795.68
Workshop,Workshop,37,1504,Outdoor,Berlin,10,0.68,37,Car,8.81,242,Vegan,1504,13.45,41.5,2187.42
Conference,Conference,42,1939,Hotel,Sydney,26,1.09,42,Car,212.28,358,Mixed,1939,11.75,28.68,21482.71
Seminar,Networking Event,36,1467,Outdoor,Berlin,16,0.21,36,Car,204.96,192,Vegetarian,1467,11.35,8.19,10564.05
Networking,Workshop,44,1158,Coworking Space,New York,48,1.46,44,Car,42.14,60,Vegan,1158,0.96,4.64,3241.92
Seminar,Trade Show,9,1039,Office,Tokyo,19,1.65,9,Train,482.11,470,Mixed,1039,17.96,48.01,11934.18
Seminar,Trade Show,19,257,Convention Center,Paris,50,0.36,19,Bus,283.42,211,Non-Vegetarian,257,13.43,48.05,4781.56
Networking Event,Networking Event,17,985,Office,Dubai,48,1.92,17,Walking,464.74,270,Vegan,985,1.51,9.94,1791.26
Trade Show,Trade Show,44,1251,Coworking Space,New York,46,0.77,44,Bus,433.83,441,Vegan,1251,4.94,16.6,13552.46
Atelier,Corporate Training,3,983,Convention Center,Dubai,39,1.39,3,Plane,426.16,304,Mixed,983,6.33,28.14,34995.92
Séminaire,Workshop,17,1489,Office,London,7,1.54,17,Car,291.88,333,Vegetarian,1489,18.41,20.24,22813.6
Atelier,Fundraiser,19,246,Coworking Space,New York,10,0.79,19,Car,87.67,43,Vegetarian,246,1.72,26.48,1292.11
Lancement de Produit,Team Building,38,1420,Office,Paris,35,1.31,38,Bus,418.78,367,Vegan,1420,8.03,34.17,11597.09
Networking Event,Trade Show,37,1457,Office,Dubai,22,0.22,37,Train,423.26,287,Non-Vegetarian,1457,15.95,32.87,10145.7
Seminar,Seminar,22,499,Convention Center,Paris,47,0.29,22,Walking,245.02,289,Mixed,499,2.73,23.72,1450.33
Networking Event,Seminar,27,1105,Convention Center,Paris,35,1.46,27,Bicycle,217.08,166,Mixed,1105,17.73,9.65,3507.11
Board Meeting,Workshop,36,1985,Convention Center,Paris,5,1.77,36,Train,60.57,57,Non-Vegetarian,1985,12.3,5.1,7279.7
Networking Event,Fundraiser,15,177,Coworking Space,Paris,21,1.1,15,Train,245.44,343,Vegetarian,177,10.41,28.49,3883.99
Networking,Team Building,38,273,Outdoor,Paris,29,1.2,38,Walking,171.42,270,Mixed,273,3.84,36.56,1424.5
Team Building,Workshop,12,172,Convention Center,Sydney,13,0.72,12,Bus,83.23,184,Vegetarian,172,19.91,17.34,1307.52
Séminaire,Conference,35,358,Convention Center,Berlin,12,0.52,35,Train,60.62,144,Vegan,358,14.41,23.8,892.79
Team Building,Product Launch,29,1772,Hotel,Sydney,6,1.77,29,Bus,183.42,195,Vegan,1772,0.78,2.1,4077.76
Conference,Trade Show,30,481,Convention Center,Berlin,43,0.61,30,Bicycle,17.74,18,Mixed,481,12.04,30.91,1681.85
Conference,Networking Event,2,1310,Coworking Space,Berlin,41,1.88,2,Car,487.75,484,Vegetarian,1310,15.57,43.73,51735.59
Réunion du Conseil,Trade Show,6,928,Coworking Space,London,36,1.37,6,Plane,188.41,275,Mixed,928,13.75,32.59,15513.83
Atelier,Team Building,13,1553,Hotel,Paris,13,0.62,13,Car,445.94,223,Non-Vegetarian,1553,8.11,20.84,26429.16
Réunion du Conseil,Team Building,29,1609,Office,Sydney,31,1.61,29,Walking,35.27,420,Vegan,1609,12.87,21.11,2400.66
Séminaire,Corporate Training,47,556,Hotel,London,24,1.59,47,Car,78.72,376,Vegetarian,556,13.4,4.53,7982.35
Formation,Board Meeting,18,985,Convention Center,Paris,30,0.2,18,Bicycle,219.86,223,Vegetarian,985,11.96,2.23,1559.88
Conférence,Conference,37,980,Coworking Space,New York,40,0.44,37,Bus,67.49,26,Mixed,980,12.39,10.95,2927.56
Workshop,Seminar,8,321,Outdoor,Berlin,10,1.49,8,Walking,496.9,23,Non-Vegetarian,321,0.93,36.78,1258.52
Fundraiser,Workshop,47,1380,Outdoor,Sydney,7,0.75,47,Bus,445.1,37,Vegan,1380,10.28,31.58,2575.22
Trade Show,Board Meeting,13,137,Convention Center,Dubai,7,1.69,13,Train,239.58,190,Non-Vegetarian,137,0.81,35.12,2449.06
Séminaire,Seminar,28,1055,Outdoor,Tokyo,31,0.85,28,Plane,256.79,395,Non-Vegetarian,1055,13.77,22.56,29492.07
Workshop,Product Launch,30,976,Hotel,Tokyo,48,1.34,30,Walking,269.06,235,Non-Vegetarian,976,1.55,48.16,4480.22
Conference,Workshop,13,1900,Convention Center,Dubai,30,1.4,13,Bicycle,411.08,222,Mixed,1900,3.2,9.78,5048.96
Séminaire,Team Building,18,1979,Coworking Space,New York,48,0.46,18,Walking,447.69,101,Mixed,1979,4.69,11.32,5178.24
Formation,Team Building,23,107,Hotel,London,7,1.04,23,Bus,126.41,365,Vegetarian,107,11.6,6.35,3048.5
Networking,Trade Show,36,1981,Outdoor,Dubai,33,0.41,36,Car,317.94,20,Vegetarian,1981,0.96,44.32,4640.95
Conférence,Conference,7,1557,Coworking Space,New York,40,1.2,7,Walking,446.52,479,Vegan,1557,6.69,4.05,1746.48
Atelier,Team Building,33,1115,Coworking Space,Tokyo,40,0.29,33,Walking,215.74,44,Vegan,1115,14.52,29.33,1394.1
Séminaire,Team Building,24,494,Office,London,45,0.25,24,Train,33.01,350,Mixed,494,13.64,5.38,1870.18
Board Meeting,Corporate Training,36,55,Outdoor,Paris,46,1.5,36,Plane,256.11,138,Mixed,55,1.85,16.86,10252.72
Team Building,Corporate Training,14,1046,Office,Dubai,30,0.7,14,Walking,55.84,478,Mixed,1046,18.66,23.99,2847.3
Product Launch,Corporate Training,9,401,Convention Center,London,36,1.62,9,Bus,492.61,115,Non-Vegetarian,401,8.61,41.71,5165.59
Networking,Networking Event,39,851,Office,Dubai,24,0.66,39,Bus,53.22,265,Non-Vegetarian,851,14.01,34.07,4229.74
Workshop,Trade Show,20,1035,Coworking Space,Sydney,50,0.3,20,Plane,117.52,43,Vegan,1035,15.06,22.15,2522.76
Workshop,Networking Event,3,1162,Coworking Space,London,9,1.13,3,Bus,123.9,376,Mixed,1162,11.66,49.65,5838.06
Trade Show,Corporate Training,46,1970,Office,Tokyo,5,0.49,46,Bus,497.75,294,Vegan,1970,12.27,13.35,10857.9
Networking Event,Seminar,3,319,Hotel,Paris,6,1.55,3,Bicycle,417.34,351,Mixed,319,10.78,41.65,916.31
Board Meeting,Conference,45,761,Outdoor,Paris,48,0.95,45,Bicycle,404.84,233,Vegetarian,761,10.81,22.45,2234.02
Lancement de Produit,Fundraiser,43,1164,Outdoor,Berlin,46,1.63,43,Bus,371.99,437,Mixed,1164,4.63,6.18,14297.27
Fundraiser,Seminar,9,1293,Convention Center,Dubai,21,0.16,9,Walking,66.63,493,Non-Vegetarian,1293,15.57,11.6,4594.96
Séminaire,Conference,21,1859,Office,Sydney,10,0.47,21,Train,356.82,341,Vegetarian,1859,6.42,48.7,7815.11
Corporate Training,Fundraiser,30,738,Office,New York,7,1.26,30,Car,258.82,256,Non-Vegetarian,738,16.07,45.37,16752.34
Product Launch,Corporate Training,4,1775,Coworking Space,Berlin,50,1.4,4,Walking,240.57,280,Non-Vegetarian,1775,17.59,14.15,6415.98
Conference,Workshop,22,921,Outdoor,Tokyo,41,0.16,22,Car,381.24,134,Vegan,921,8.14,12.2,11761.93
Conférence,Fundraiser,44,196,Outdoor,Sydney,5,0.71,44,Plane,158.63,257,Non-Vegetarian,196,2.25,40.19,11040.96
Formation,Seminar,42,1691,Office,Paris,38,1.66,42,Walking,230.91,178,Non-Vegetarian,1691,14.15,29.82,7331.12
Trade Show,Trade Show,30,1621,Convention Center,Paris,47,1.8,30,Bicycle,452.73,178,Vegetarian,1621,1.95,45.64,3795.68
Atelier,Corporate Training,28,918,Convention Center,Dubai,11,0.8,28,Plane,412.26,26,Mixed,918,8.47,38.33,5191.49
Corporate Training,Team Building,45,445,Coworking Space,Berlin,16,0.65,45,Bus,337.99,269,Vegan,445,14.42,7.84,6178.68
Lancement de Produit,Product Launch,25,1625,Coworking Space,Paris,47,0.11,25,Bicycle,319.27,481,Vegetarian,1625,8.52,18.51,2556.18
Fundraiser,Team Building,30,438,Office,New York,31,0.87,30,Plane,178.83,492,Vegan,438,5.07,15.33,22879.44
Networking,Workshop,16,1184,Outdoor,London,31,0.69,16,Car,374.28,403,Vegan,1184,5.68,25.48,33092.76
Conference,Team Building,8,680,Coworking Space,New York,36,1.75,8,Train,84.28,380,Vegetarian,680,11.71,43.08,2662.64
Atelier,Product Launch,35,366,Hotel,Dubai,5,0.43,35,Car,267.37,348,Mixed,366,14.16,27.58,20575.5
Team Building,Fundraiser,31,1880,Hotel,Tokyo,31,0.46,31,Plane,480.01,12,Vegetarian,1880,5.12,37.3,4565.9
Réunion du Conseil,Conference,43,1322,Hotel,Dubai,7,1.5,43,Bicycle,310.93,399,Mixed,1322,14.06,49.3,3657.47
Networking Event,Board Meeting,18,1405,Convention Center,Dubai,49,0.51,18,Car,317.12,402,Vegan,1405,4.2,4.39,28418.36
Trade Show,Workshop,27,1709,Convention Center,Dubai,10,1.38,27,Car,293.09,453,Mixed,1709,1.34,49.35,32441.83
Trade Show,Team Building,46,1107,Hotel,Tokyo,34,0.72,46,Walking,350.7,378,Mixed,1107,13.91,14.63,3387.62
Séminaire,Board Meeting,6,850,Office,London,11,0.52,6,Walking,129.3,428,Mixed,850,3.4,41.23,2231.42
Networking,Trade Show,23,1950,Hotel,Dubai,10,0.31,23,Bicycle,76.21,444,Vegan,1950,15.9,27.78,2073.01
Conférence,Team Building,39,17,Hotel,Sydney,36,1.49,39,Bus,290.6,110,Mixed,17,15.44,21.2,3079.72
Formation,Corporate Training,42,1187,Office,New York,37,1.24,42,Train,356.43,149,Vegetarian,1187,19.08,33.27,4973.0
Atelier,Seminar,46,33,Office,New York,47,1.73,46,Train,366.41,36,Non-Vegetarian,33,4.98,26.12,2575.46
Événement de Bienfaisance,Networking Event,9,28,Hotel,New York,12,1.27,9,Car,432.31,210,Mixed,28,17.41,27.18,19292.63
Team Building,Seminar,38,1136,Office,New York,29,1.39,38,Plane,122.03,198,Vegetarian,1136,2.39,26.82,8568.8
Seminar,Seminar,7,267,Office,Paris,22,0.41,7,Train,259.34,230,Non-Vegetarian,267,12.3,4.67,3385.94
Réunion du Conseil,Product Launch,44,653,Office,New York,22,1.34,44,Car,281.7,295,Vegetarian,653,6.31,27.04,19146.08
Réunion du Conseil,Networking Event,7,896,Convention Center,New York,39,1.99,7,Bus,308.09,88,Vegetarian,896,17.26,4.68,3286.23
Networking,Fundraiser,2,448,Outdoor,Paris,14,1.82,2,Car,4.06,338,Non-Vegetarian,448,14.04,18.64,1947.02
Atelier,Fundraiser,20,1998,Hotel,Paris,39,0.67,20,Bus,264.75,102,Mixed,1998,5.5,34.54,6956.65
Product Launch,Conference,2,405,Convention Center,Dubai,21,0.9,2,Bicycle,450.52,23,Non-Vegetarian,405,13.27,40.6,1544.14
Formation,Conference,44,1055,Outdoor,Paris,18,0.34,44,Bicycle,417.26,419,Vegetarian,1055,0.93,47.28,1813.56
Seminar,Product Launch,24,819,Convention Center,Sydney,5,1.72,24,Train,264.74,51,Vegetarian,819,3.47,18.69,1916.09
Corporate Training,Networking Event,24,55,Convention Center,New York,27,0.72,24,Bus,376.45,282,Non-Vegetarian,55,15.23,44.97,6915.71
Trade Show,Corporate Training,9,96,Office,Sydney,31,1.95,9,Walking,22.71,404,Non-Vegetarian,96,2.35,46.72,706.16
Workshop,Networking Event,15,615,Hotel,Tokyo,36,0.65,15,Bicycle,445.19,78,Non-Vegetarian,615,12.19,9.84,2372.06
Workshop,Fundraiser,17,723,Coworking Space,Berlin,37,1.69,17,Car,264.68,436,Vegan,723,0.52,31.64,25552.93
Corporate Training,Product Launch,25,696,Coworking Space,Berlin,21,1.08,25,Plane,282.25,268,Non-Vegetarian,696,19.82,16.4,21702.69
Séminaire,Corporate Training,12,1129,Outdoor,Sydney,30,0.68,12,Bicycle,224.84,465,Mixed,1129,2.85,23.54,2997.68
Workshop,Trade Show,32,1822,Hotel,Berlin,36,0.14,32,Car,393.04,413,Vegetarian,1822,10.79,28.82,36981.22
Team Building,Fundraiser,11,1806,Convention Center,Dubai,12,1.8,11,Car,234.69,399,Vegan,1806,1.57,26.7,21646.02
Fundraiser,Networking Event,6,1728,Coworking Space,London,35,0.92,6,Bicycle,444.67,390,Vegetarian,1728,11.38,16.88,2745.12
Networking Event,Corporate Training,2,735,Outdoor,Paris,5,0.57,2,Bus,162.65,74,Vegan,735,13.17,35.23,1556.82
Product Launch,Corporate Training,16,450,Outdoor,London,43,1.04,16,Bus,90.75,445,Non-Vegetarian,450,14.34,38.02,4460.51
Product Launch,Team Building,46,1176,Office,Sydney,28,0.21,46,Train,81.56,149,Vegan,1176,12.31,44.37,1910.7
Product Launch,Conference,1,1815,Office,London,50,1.45,1,Car,110.97,56,Vegan,1815,5.28,37.89,3242.6
Product Launch,Networking Event,16,1473,Coworking Space,London,19,0.87,16,Bicycle,467.55,496,Non-Vegetarian,1473,19.71,31.26,5389.68
Networking Event,Networking Event,18,1363,Hotel,Berlin,13,1.39,18,Car,15.51,453,Mixed,1363,4.86,22.74,5100.8
Séminaire,Trade Show,26,573,Office,Sydney,12,1.71,26,Bicycle,316.1,392,Vegan,573,8.75,10.97,879.2
Événement de Bienfaisance,Product Launch,8,479,Convention Center,Sydney,22,0.83,8,Walking,137.87,367,Mixed,479,1.96,11.86,1298.18
Networking,Fundraiser,43,322,Convention Center,London,23,0.54,43,Walking,40.53,478,Vegan,322,6.87,18.87,640.51
Conference,Board Meeting,23,689,Convention Center,London,30,0.42,23,Walking,447.26,63,Mixed,689,11.89,25.16,1941.5
Séminaire,Seminar,13,559,Convention Center,Dubai,36,1.66,13,Train,426.43,369,Vegetarian,559,11.27,37.05,7617.69
Formation,Product Launch,4,830,Coworking Space,Paris,50,0.74,4,Bicycle,337.81,77,Vegan,830,14.79,8.32,950.22
Conférence,Trade Show,10,1384,Outdoor,New York,29,1.36,10,Walking,264.84,341,Vegan,1384,10.25,4.87,1611.44
Seminar,Team Building,8,546,Coworking Space,Paris,10,0.13,8,Plane,418.09,151,Mixed,546,4.65,6.82,17176.04
Product Launch,Networking Event,5,333,Outdoor,New York,48,0.57,5,Plane,319.71,228,Mixed,333,3.5,11.4,19154.17
Séminaire,Product Launch,27,260,Coworking Space,New York,39,1.86,27,Train,292.94,498,Non-Vegetarian,260,17.04,18.05,7794.83
Conference,Workshop,19,1150,Office,New York,38,0.21,19,Bus,380.71,414,Vegetarian,1150,17.81,38.44,11370.15
Fundraiser,Product Launch,38,694,Outdoor,London,31,1.05,38,Bus,394.46,110,Vegan,694,10.15,2.69,3941.57
Atelier,Fundraiser,39,1607,Office,London,42,0.69,39,Plane,184.46,344,Mixed,1607,6.67,14.14,20487.79
Événement de Bienfaisance,Workshop,20,1682,Coworking Space,Paris,8,0.68,20,Walking,22.84,145,Non-Vegetarian,1682,9.6,13.48,5987.56
Séminaire,Seminar,9,969,Coworking Space,Berlin,19,0.59,9,Bus,429.66,458,Mixed,969,17.38,16.4,14347.56
Conférence,Corporate Training,41,547,Hotel,New York,48,1.21,41,Walking,93.67,463,Mixed,547,7.48,3.2,2579.5
Networking Event,Team Building,3,1154,Office,Tokyo,24,1.63,3,Plane,248.41,333,Mixed,1154,5.2,3.54,23641.29
Réunion du Conseil,Team Building,39,141,Office,New York,49,1.87,39,Bicycle,221.64,451,Mixed,141,14.95,27.48,2224.14
Conference,Seminar,43,328,Convention Center,Tokyo,29,0.93,43,Bicycle,76.53,64,Mixed,328,3.37,17.58,1441.76
Board Meeting,Networking Event,10,966,Convention Center,Tokyo,19,0.47,10,Train,292.89,443,Vegan,966,8.35,46.8,6310.96
Seminar,Product Launch,43,537,Convention Center,New York,44,0.83,43,Car,293.97,139,Non-Vegetarian,537,18.0,5.35,11292.36
Trade Show,Fundraiser,38,1974,Hotel,Berlin,36,1.33,38,Walking,431.68,97,Vegetarian,1974,9.24,9.28,3907.76
Trade Show,Board Meeting,48,1919,Office,Tokyo,10,1.77,48,Walking,162.79,76,Mixed,1919,3.7,6.39,5242.48
Conference,Conference,4,269,Outdoor,Tokyo,50,1.72,4,Bus,216.56,470,Mixed,269,2.63,47.32,7051.39
Seminar,Team Building,13,1557,Convention Center,London,30,0.92,13,Car,118.73,97,Non-Vegetarian,1557,0.54,49.5,8147.51
Networking,Trade Show,30,1400,Coworking Space,Tokyo,40,0.45,30,Train,206.21,477,Non-Vegetarian,1400,0.91,41.74,9189.79
Séminaire,Fundraiser,27,1401,Convention Center,New York,10,1.74,27,Car,54.49,184,Vegan,1401,1.0,21.4,3786.19
Conférence,Corporate Training,30,1903,Convention Center,Berlin,21,1.42,30,Walking,106.02,58,Vegetarian,1903,15.98,8.81,3351.38
Product Launch,Board Meeting,18,779,Coworking Space,Tokyo,13,1.99,18,Car,159.79,267,Non-Vegetarian,779,3.31,9.81,11945.0
Seminar,Workshop,11,1782,Convention Center,Paris,34,1.05,11,Plane,104.05,410,Non-Vegetarian,1782,9.26,7.65,17132.29
Séminaire,Fundraiser,37,666,Outdoor,Paris,8,0.5,37,Train,122.04,344,Non-Vegetarian,666,17.07,41.76,4201.93
Atelier,Networking Event,13,576,Outdoor,Berlin,6,0.43,13,Plane,374.82,14,Vegan,576,15.18,10.8,1956.6
Conférence,Workshop,39,310,Office,Berlin,37,0.52,39,Car,107.49,184,Vegetarian,310,0.52,36.44,5067.51
Séminaire,Board Meeting,47,1640,Coworking Space,New York,41,0.26,47,Plane,267.96,185,Vegetarian,1640,14.24,17.68,15167.5
Formation,Workshop,14,1758,Office,Tokyo,6,0.25,14,Train,365.02,159,Vegan,1758,8.11,24.8,4155.85
Formation,Trade Show,21,1081,Convention Center,Sydney,34,1.37,21,Bicycle,260.44,411,Mixed,1081,19.66,41.67,3314.25
Événement de Bienfaisance,Seminar,2,724,Outdoor,Paris,46,1.18,2,Plane,440.05,434,Non-Vegetarian,724,4.8,14.2,50371.71
Networking,Seminar,29,616,Coworking Space,Berlin,7,0.28,29,Walking,129.62,254,Vegan,616,9.22,11.09,685.04
Atelier,Board Meeting,11,1108,Convention Center,Berlin,24,1.84,11,Car,421.72,233,Vegetarian,1108,17.13,13.48,22600.86
Formation,Networking Event,11,1293,Office,Paris,34,0.6,11,Walking,472.76,410,Mixed,1293,5.16,17.7,3390.42
Corporate Training,Corporate Training,29,108,Office,Dubai,42,0.24,29,Car,345.29,381,Vegan,108,18.05,29.69,27976.29
Conférence,Team Building,2,37,Office,Paris,30,1.64,2,Bicycle,53.39,51,Vegan,37,6.48,16.03,131.22
Trade Show,Trade Show,33,1291,Coworking Space,Berlin,11,0.41,33,Bicycle,279.68,99,Non-Vegetarian,1291,15.27,2.94,4629.34
Networking Event,Board Meeting,24,318,Convention Center,Sydney,9,0.17,24,Car,333.68,485,Vegetarian,318,8.73,22.19,34542.51
Atelier,Trade Show,43,1187,Convention Center,New York,39,1.32,43,Train,460.22,495,Vegetarian,1187,11.06,37.15,12096.1
Séminaire,Trade Show,31,504,Hotel,Sydney,40,0.88,31,Walking,303.75,344,Mixed,504,4.65,28.67,1872.24
Atelier,Conference,44,25,Hotel,Sydney,6,0.89,44,Car,60.34,497,Mixed,25,5.44,41.9,6572.35
Board Meeting,Board Meeting,42,1623,Convention Center,Paris,5,0.77,42,Walking,289.37,243,Vegetarian,1623,8.76,22.03,2576.93
Fundraiser,Seminar,12,283,Outdoor,Sydney,22,0.59,12,Bus,136.18,269,Vegetarian,283,4.17,16.13,2740.93
Séminaire,Workshop,33,1634,Office,Tokyo,19,0.46,33,Bicycle,29.71,382,Vegetarian,1634,4.02,8.29,2619.83
Formation,Seminar,32,696,Hotel,Berlin,30,1.69,32,Plane,212.48,443,Vegan,696,8.92,11.66,25080.52
Product Launch,Trade Show,29,1816,Coworking Space,New York,35,0.2,29,Train,208.42,113,Vegetarian,1816,5.07,28.5,3834.7
Product Launch,Trade Show,39,775,Office,Berlin,24,1.95,39,Bus,453.09,239,Vegetarian,775,5.11,17.45,8617.53
Networking Event,Conference,7,1986,Office,New York,22,0.59,7,Walking,215.32,54,Mixed,1986,5.68,9.26,5040.31
Réunion du Conseil,Workshop,41,1582,Hotel,Berlin,28,1.88,41,Bus,274.8,168,Non-Vegetarian,1582,5.57,5.33,9407.9
Corporate Training,Corporate Training,48,1957,Office,Paris,41,1.83,48,Plane,254.9,475,Mixed,1957,16.08,44.8,37084.36
Séminaire,Workshop,26,1890,Outdoor,Tokyo,32,1.69,26,Walking,21.34,278,Non-Vegetarian,1890,7.48,44.77,7422.54
Networking,Trade Show,37,704,Outdoor,New York,27,1.74,37,Walking,290.11,27,Mixed,704,10.74,30.5,2711.61
Team Building,Conference,24,340,Hotel,Paris,20,1.72,24,Bus,340.98,206,Vegan,340,17.39,31.37,5064.83
Formation,Team Building,39,1867,Convention Center,Dubai,26,1.37,39,Walking,397.77,113,Vegan,1867,19.99,37.42,2676.41
Réunion du Conseil,Corporate Training,34,1653,Hotel,London,34,1.62,34,Bus,198.86,161,Vegan,1653,0.83,28.86,4569.73
Lancement de Produit,Workshop,4,1058,Outdoor,New York,19,1.83,4,Car,229.52,113,Non-Vegetarian,1058,5.73,3.19,9236.89
Conference,Networking Event,25,1962,Office,Berlin,43,0.32,25,Bicycle,76.12,181,Vegetarian,1962,17.97,35.36,3221.66
Lancement de Produit,Board Meeting,22,192,Coworking Space,Sydney,39,1.12,22,Plane,210.07,415,Mixed,192,15.46,45.01,22876.18
Workshop,Conference,26,718,Outdoor,Tokyo,33,1.98,26,Train,168.06,95,Vegetarian,718,3.29,1.01,2573.65
Réunion du Conseil,Trade Show,46,1502,Coworking Space,New York,15,1.73,46,Car,391.86,284,Non-Vegetarian,1502,3.4,26.62,29284.42
Fundraiser,Networking Event,44,11,Office,Tokyo,6,0.36,44,Bus,130.99,355,Mixed,11,19.02,5.51,2914.17
Seminar,Workshop,34,662,Office,Tokyo,11,0.68,34,Plane,148.65,335,Non-Vegetarian,662,3.58,6.73,14914.22
Lancement de Produit,Fundraiser,24,830,Coworking Space,Sydney,33,1.55,24,Bicycle,408.55,459,Vegan,830,18.65,32.21,1545.52
Conference,Conference,34,1766,Outdoor,Dubai,28,0.44,34,Car,440.45,92,Mixed,1766,14.71,49.83,13263.01
Lancement de Produit,Product Launch,16,781,Office,New York,24,0.88,16,Car,297.2,433,Vegetarian,781,7.28,18.34,28416.1
Product Launch,Corporate Training,25,1133,Coworking Space,Sydney,32,0.93,25,Bus,36.77,351,Vegan,1133,10.45,41.93,2384.14
Événement de Bienfaisance,Trade Show,47,1956,Office,London,10,0.65,47,Car,152.83,271,Non-Vegetarian,1956,8.55,17.6,15748.61
Conference,Networking Event,46,343,Hotel,Dubai,47,1.8,46,Walking,262.57,82,Vegan,343,6.08,17.87,2336.7
Séminaire,Trade Show,26,1005,Outdoor,Berlin,43,0.48,26,Car,489.19,287,Non-Vegetarian,1005,12.08,2.64,33298.74
Conference,Seminar,6,249,Hotel,Berlin,20,0.62,6,Car,268.7,186,Vegetarian,249,13.24,15.53,10963.66
Séminaire,Team Building,7,1076,Office,London,14,1.26,7,Car,140.3,121,Vegan,1076,8.35,42.07,4803.6
Seminar,Product Launch,29,659,Coworking Space,London,13,1.25,29,Car,31.87,322,Vegan,659,14.84,8.44,3096.23
Corporate Training,Team Building,4,206,Hotel,Sydney,26,0.88,4,Train,88.26,93,Vegetarian,206,15.54,12.9,739.97
Corporate Training,Team Building,30,99,Coworking Space,Berlin,18,1.86,30,Walking,351.32,140,Non-Vegetarian,99,16.55,2.91,887.62
Board Meeting,Conference,14,1688,Hotel,Berlin,29,1.89,14,Train,68.52,140,Mixed,1688,19.04,41.14,5107.74
Product Launch,Board Meeting,7,83,Convention Center,Tokyo,22,0.72,7,Plane,432.52,306,Vegetarian,83,10.33,35.36,33359.1
Workshop,Conference,12,1468,Office,London,50,0.25,12,Car,338.53,89,Vegan,1468,0.53,3.37,7877.93
Corporate Training,Networking Event,28,385,Coworking Space,Berlin,47,0.44,28,Bus,266.68,462,Non-Vegetarian,385,5.17,17.5,9074.73
Réunion du Conseil,Trade Show,18,1705,Outdoor,Sydney,8,1.52,18,Bus,206.83,494,Mixed,1705,12.89,3.84,10535.84
Workshop,Fundraiser,21,1751,Hotel,London,40,0.54,21,Bus,67.4,60,Mixed,1751,13.43,10.74,4895.28
Événement de Bienfaisance,Workshop,48,897,Coworking Space,London,28,0.77,48,Bicycle,17.07,13,Vegan,897,12.05,22.54,1483.62
Networking Event,Corporate Training,1,816,Hotel,New York,49,1.75,1,Bus,343.37,303,Non-Vegetarian,816,5.48,45.16,9242.62
Team Building,Product Launch,41,100,Office,Berlin,36,1.79,41,Bicycle,337.78,373,Vegan,100,10.72,47.39,1537.24
Atelier,Seminar,27,1848,Coworking Space,Sydney,22,1.7,27,Bus,191.48,160,Non-Vegetarian,1848,2.43,1.22,8818.41
Réunion du Conseil,Networking Event,5,51,Convention Center,Sydney,7,0.78,5,Train,476.75,490,Mixed,51,14.21,4.48,9522.83
Corporate Training,Board Meeting,33,1398,Office,Tokyo,39,1.29,33,Bicycle,130.38,119,Vegetarian,1398,13.95,47.68,3050.38
Conférence,Networking Event,22,871,Coworking Space,Paris,9,1.43,22,Car,172.33,406,Vegan,871,7.3,25.83,15771.69
Lancement de Produit,Seminar,39,1341,Coworking Space,Berlin,11,1.21,39,Bus,388.57,269,Non-Vegetarian,1341,8.72,43.38,11328.76
Product Launch,Board Meeting,13,177,Hotel,Berlin,33,0.41,13,Train,71.33,445,Vegetarian,177,8.27,33.96,1707.58
Workshop,Board Meeting,3,420,Convention Center,Paris,9,1.05,3,Car,469.39,88,Mixed,420,11.93,32.98,9828.32
Formation,Conference,48,1507,Office,Paris,45,1.65,48,Bus,493.19,418,Mixed,1507,10.25,3.3,17945.81
Networking,Trade Show,34,1848,Hotel,Berlin,31,0.58,34,Bus,459.04,328,Vegan,1848,9.11,24.39,11254.57
Board Meeting,Corporate Training,41,206,Coworking Space,Dubai,44,1.49,41,Car,446.14,330,Mixed,206,16.12,36.59,32881.9
Réunion du Conseil,Corporate Training,46,1956,Outdoor,New York,13,0.22,46,Bus,444.11,256,Non-Vegetarian,1956,11.43,43.98,13844.13
Networking,Product Launch,23,246,Outdoor,Paris,21,1.23,23,Car,157.01,150,Mixed,246,5.44,49.28,5967.3
Réunion du Conseil,Corporate Training,3,1334,Hotel,Tokyo,16,0.98,3,Car,480.14,233,Vegan,1334,3.83,47.61,24953.65
Événement de Bienfaisance,Seminar,28,1109,Outdoor,New York,30,0.5,28,Train,279.68,151,Mixed,1109,6.55,23.19,4731.25
Board Meeting,Conference,47,702,Office,Berlin,45,0.93,47,Bicycle,18.89,467,Non-Vegetarian,702,15.15,22.12,3515.01
Workshop,Team Building,44,251,Outdoor,Berlin,18,0.47,44,Walking,21.53,343,Non-Vegetarian,251,7.05,5.54,1089.8
Lancement de Produit,Product Launch,9,227,Convention Center,New York,50,0.93,9,Bus,34.09,186,Vegan,227,15.8,11.22,870.73
Conférence,Product Launch,30,614,Hotel,Berlin,8,1.41,30,Train,244.35,385,Non-Vegetarian,614,19.46,43.91,6207.93
Réunion du Conseil,Conference,33,1454,Office,Berlin,44,1.19,33,Bicycle,27.24,100,Non-Vegetarian,1454,11.94,31.46,6039.74
Team Building,Workshop,16,1169,Hotel,Berlin,20,1.95,16,Bus,384.82,369,Mixed,1169,7.28,24.89,11818.75
Corporate Training,Conference,39,1979,Hotel,Dubai,35,1.07,39,Bicycle,45.34,345,Non-Vegetarian,1979,12.92,21.01,7724.63
Workshop,Team Building,21,464,Hotel,Tokyo,33,0.51,21,Bicycle,191.9,35,Vegetarian,464,12.56,45.27,988.38
Atelier,Seminar,16,651,Hotel,Berlin,15,1.92,16,Bicycle,459.35,267,Non-Vegetarian,651,19.27,7.27,2561.98
Product Launch,Conference,2,271,Hotel,New York,18,1.58,2,Car,180.26,237,Vegan,271,8.66,42.98,9374.26
Corporate Training,Trade Show,23,1858,Outdoor,Dubai,47,0.56,23,Car,456.0,256,Vegetarian,1858,19.89,36.32,27716.66
Événement de Bienfaisance,Conference,12,1340,Coworking Space,London,37,1.26,12,Train,459.21,144,Vegan,1340,3.34,41.18,4353.81
Trade Show,Product Launch,19,574,Convention Center,Paris,23,0.26,19,Plane,149.63,14,Non-Vegetarian,574,8.14,45.77,2697.34
Séminaire,Corporate Training,42,1091,Office,London,15,1.75,42,Bus,23.55,285,Vegan,1091,5.69,28.37,2113.07
Événement de Bienfaisance,Product Launch,9,61,Convention Center,Sydney,25,0.18,9,Train,324.01,288,Vegetarian,61,17.12,5.7,3889.99
Lancement de Produit,Seminar,37,1022,Convention Center,Tokyo,39,0.33,37,Car,272.86,248,Vegan,1022,3.64,4.71,15487.34
Product Launch,Team Building,25,147,Office,Paris,5,1.14,25,Plane,236.56,393,Non-Vegetarian,147,12.44,41.53,23935.71
Événement de Bienfaisance,Networking Event,13,280,Outdoor,Berlin,25,1.65,13,Walking,129.72,496,Vegan,280,13.43,36.22,647.42
Seminar,Workshop,41,1611,Office,London,24,1.3,41,Bus,46.39,144,Mixed,1611,10.5,1.63,5092.17
Workshop,Product Launch,38,1818,Outdoor,Berlin,7,1.81,38,Walking,181.62,195,Non-Vegetarian,1818,10.88,14.19,6653.87
Lancement de Produit,Trade Show,26,1820,Convention Center,Paris,30,0.44,26,Bicycle,256.99,269,Vegan,1820,3.88,30.77,2060.9
Seminar,Seminar,5,421,Office,Dubai,15,1.81,5,Bus,186.99,441,Vegan,421,5.45,10.67,5468.87
Formation,Team Building,37,1942,Outdoor,New York,44,1.96,37,Walking,179.29,338,Non-Vegetarian,1942,3.11,39.21,8477.08
Séminaire,Workshop,44,953,Hotel,New York,21,0.33,44,Walking,211.48,51,Non-Vegetarian,953,11.73,38.3,3588.02
Conférence,Fundraiser,39,1697,Hotel,Berlin,48,1.97,39,Bus,446.48,99,Vegetarian,1697,13.96,25.68,7120.79
Product Launch,Conference,1,1480,Hotel,Tokyo,44,0.93,1,Bicycle,233.01,341,Vegetarian,1480,17.26,37.74,2350.46
Événement de Bienfaisance,Product Launch,29,392,Convention Center,Tokyo,25,0.29,29,Train,244.94,277,Vegetarian,392,10.22,1.0,3429.5
Formation,Fundraiser,37,1853,Hotel,Berlin,36,0.31,37,Bus,39.43,108,Mixed,1853,19.77,38.0,5210.01
Formation,Trade Show,3,1293,Office,Sydney,5,1.75,3,Car,384.06,74,Non-Vegetarian,1293,2.55,7.11,10526.24
Formation,Fundraiser,32,215,Outdoor,New York,35,0.13,32,Car,444.44,483,Mixed,215,6.92,18.97,45741.63
Réunion du Conseil,Team Building,35,1485,Convention Center,Paris,6,0.69,35,Plane,77.23,281,Vegan,1485,19.72,40.9,7104.1
Seminar,Fundraiser,2,1752,Coworking Space,Sydney,30,1.14,2,Train,228.43,370,Vegan,1752,11.24,45.14,5279.72
Fundraiser,Product Launch,9,1840,Office,Tokyo,35,1.18,9,Car,209.28,280,Vegetarian,1840,14.4,41.31,15362.93
Corporate Training,Board Meeting,37,1125,Office,London,15,1.73,37,Train,59.12,460,Non-Vegetarian,1125,13.23,27.98,5587.8
Seminar,Team Building,45,857,Office,New York,38,1.8,45,Train,430.54,448,Vegan,857,15.9,30.86,10204.8
Atelier,Conference,8,637,Office,Berlin,42,0.99,8,Plane,198.36,216,Non-Vegetarian,637,10.32,8.62,13145.14
Seminar,Board Meeting,12,1614,Convention Center,Paris,22,0.7,12,Car,85.98,495,Vegetarian,1614,14.78,34.95,11550.48
Atelier,Seminar,41,1059,Coworking Space,New York,25,1.98,41,Car,198.71,236,Vegan,1059,5.59,3.56,11940.12
Workshop,Conference,43,1313,Hotel,London,7,0.37,43,Train,200.26,75,Vegetarian,1313,6.86,29.81,2699.31
Workshop,Product Launch,29,244,Coworking Space,Tokyo,49,1.75,29,Car,405.33,211,Mixed,244,5.65,15.24,19855.33
Product Launch,Workshop,42,894,Hotel,London,28,1.99,42,Train,152.04,23,Vegetarian,894,10.85,6.61,2685.92
Trade Show,Corporate Training,21,1250,Outdoor,Berlin,39,1.79,21,Walking,471.32,382,Non-Vegetarian,1250,19.68,43.17,5233.7
Réunion du Conseil,Fundraiser,48,909,Office,Paris,29,1.54,48,Plane,110.88,246,Non-Vegetarian,909,6.18,12.19,11109.2
Lancement de Produit,Seminar,39,302,Hotel,Tokyo,42,1.45,39,Bus,395.0,491,Vegetarian,302,3.93,21.63,13328.37
Conférence,Team Building,29,1971,Convention Center,Dubai,50,1.55,29,Train,412.52,61,Vegan,1971,12.66,35.04,4196.7
Conference,Networking Event,29,1922,Convention Center,London,44,0.97,29,Bus,276.5,215,Vegetarian,1922,9.83,40.85,7170.07
Team Building,Team Building,6,1635,Coworking Space,Paris,16,0.9,6,Bus,12.74,178,Mixed,1635,2.86,28.31,4329.1
Conference,Trade Show,41,1788,Outdoor,Sydney,44,0.79,41,Car,4.06,475,Non-Vegetarian,1788,1.63,26.01,7430.85
Team Building,Networking Event,20,1127,Outdoor,Sydney,7,1.81,20,Train,225.18,178,Vegan,1127,10.68,9.93,2898.2
Fundraiser,Seminar,1,611,Coworking Space,New York,15,1.3,1,Train,345.7,124,Vegan,611,19.94,46.29,2467.88
Board Meeting,Networking Event,13,237,Office,Tokyo,28,1.13,13,Walking,217.15,382,Mixed,237,17.29,31.01,894.76
Fundraiser,Conference,20,1983,Coworking Space,London,18,0.2,20,Train,475.54,104,Vegan,1983,19.11,7.31,4050.09
Workshop,Team Building,29,499,Coworking Space,Berlin,26,0.76,29,Car,183.01,354,Vegetarian,499,4.2,9.97,14668.32
Atelier,Trade Show,16,1672,Convention Center,London,32,0.56,16,Walking,235.5,283,Vegetarian,1672,15.22,16.37,2714.54
Réunion du Conseil,Seminar,22,1487,Hotel,Sydney,10,1.16,22,Car,453.74,373,Non-Vegetarian,1487,10.8,2.36,40899.87
Formation,Seminar,28,1893,Convention Center,Dubai,42,0.18,28,Walking,339.59,97,Vegan,1893,6.49,39.97,2091.76
Networking,Seminar,34,477,Outdoor,New York,27,1.63,34,Car,153.13,288,Vegetarian,477,4.89,20.36,10775.47
Board Meeting,Product Launch,47,1005,Coworking Space,Dubai,49,0.78,47,Bus,225.08,86,Vegetarian,1005,19.87,28.92,3664.66
Lancement de Produit,Fundraiser,15,1884,Office,Dubai,7,0.62,15,Bus,144.74,259,Vegetarian,1884,4.76,39.59,5196.51
Événement de Bienfaisance,Board Meeting,12,675,Hotel,Berlin,46,0.53,12,Bus,181.43,291,Vegetarian,675,0.69,23.89,4375.71
Réunion du Conseil,Networking Event,21,1733,Convention Center,London,11,0.35,21,Bicycle,338.87,115,Vegan,1733,12.35,24.83,1847.78
Product Launch,Conference,14,310,Convention Center,Tokyo,24,0.68,14,Bus,375.19,247,Mixed,310,18.06,23.05,6531.78
Conference,Seminar,38,999,Hotel,Paris,36,0.7,38,Bicycle,136.9,246,Mixed,999,0.61,32.43,3042.38
Board Meeting,Product Launch,41,1198,Outdoor,Tokyo,25,1.75,41,Plane,233.08,424,Mixed,1198,9.68,25.1,28667.92
Seminar,Seminar,12,1071,Hotel,Sydney,28,0.91,12,Plane,120.7,428,Non-Vegetarian,1071,0.86,35.15,16888.3
Séminaire,Fundraiser,8,874,Office,Sydney,26,1.46,8,Bus,401.77,237,Vegetarian,874,2.18,34.8,7249.97
Lancement de Produit,Corporate Training,11,1907,Outdoor,Berlin,22,1.66,11,Bus,380.61,469,Non-Vegetarian,1907,2.5,27.09,17644.91
Corporate Training,Seminar,44,525,Coworking Space,Berlin,24,1.28,44,Bicycle,399.17,495,Mixed,525,7.02,2.96,2008.3
Corporate Training,Fundraiser,42,1918,Outdoor,London,41,0.8,42,Plane,61.32,243,Mixed,1918,19.37,9.26,9266.25
Réunion du Conseil,Fundraiser,32,426,Convention Center,New York,15,1.39,32,Walking,357.32,387,Vegan,426,5.65,13.73,798.36
Atelier,Board Meeting,24,1133,Outdoor,Berlin,16,0.73,24,Bus,318.08,470,Vegan,1133,18.41,24.32,10328.48
Séminaire,Conference,5,1895,Outdoor,Dubai,48,0.73,5,Walking,421.44,417,Vegetarian,1895,12.28,29.57,3013.8
Team Building,Team Building,5,1765,Convention Center,Berlin,37,0.5,5,Car,86.78,181,Vegetarian,1765,13.61,11.77,6043.02
Networking Event,Workshop,36,176,Convention Center,Tokyo,50,1.23,36,Train,257.44,41,Vegan,176,8.62,38.02,1798.48
Fundraiser,Networking Event,27,1363,Coworking Space,London,36,1.4,27,Car,498.78,203,Non-Vegetarian,1363,4.93,23.9,26771.55
Corporate Training,Fundraiser,27,966,Hotel,Tokyo,49,0.47,27,Walking,283.36,375,Vegetarian,966,8.3,15.58,1807.66
Team Building,Product Launch,32,1411,Outdoor,Dubai,47,1.05,32,Bus,216.61,386,Vegetarian,1411,16.24,40.55,8036.37
Événement de Bienfaisance,Workshop,33,338,Convention Center,New York,17,0.35,33,Bicycle,338.08,238,Vegan,338,6.98,23.52,497.17
Networking Event,Conference,19,1836,Office,London,6,0.45,19,Bicycle,385.47,49,Mixed,1836,3.95,17.41,4658.37
Product Launch,Seminar,17,827,Outdoor,Berlin,36,1.9,17,Car,386.94,313,Mixed,827,17.17,24.93,28166.67
Conférence,Fundraiser,41,1659,Convention Center,Berlin,35,0.75,41,Plane,132.01,386,Mixed,1659,18.02,36.44,17533.51
Networking Event,Fundraiser,46,1481,Office,London,31,1.85,46,Train,475.09,314,Vegetarian,1481,7.59,17.28,9557.42
Conference,Fundraiser,2,1611,Hotel,Sydney,17,1.14,2,Bus,249.57,198,Mixed,1611,18.65,49.02,7147.11
Networking,Board Meeting,19,1283,Coworking Space,Dubai,38,1.9,19,Train,387.78,236,Vegetarian,1283,1.15,14.84,6303.02
Trade Show,Fundraiser,41,930,Outdoor,Dubai,42,1.43,41,Bus,429.22,307,Mixed,930,18.39,45.28,11589.8
Atelier,Conference,25,1852,Convention Center,London,30,1.58,25,Walking,237.41,137,Non-Vegetarian,1852,8.64,17.38,7126.54
Conférence,Product Launch,45,1713,Convention Center,Paris,22,0.71,45,Plane,330.56,10,Mixed,1713,18.75,44.91,5587.67
Réunion du Conseil,Fundraiser,36,28,Outdoor,Dubai,16,1.4,36,Walking,233.04,282,Vegetarian,28,16.28,49.13,576.02
Atelier,Workshop,14,1468,Outdoor,Tokyo,6,1.52,14,Walking,101.68,418,Non-Vegetarian,1468,7.52,4.16,5225.2
Atelier,Corporate Training,30,708,Coworking Space,Dubai,46,0.22,30,Car,93.57,359,Non-Vegetarian,708,14.26,1.77,9716.1
Séminaire,Product Launch,26,76,Hotel,Paris,24,0.12,26,Car,369.31,270,Non-Vegetarian,76,5.78,17.01,21288.9
Trade Show,Conference,11,300,Convention Center,Dubai,29,0.95,11,Bus,310.09,279,Mixed,300,19.25,36.81,6204.55
Fundraiser,Product Launch,2,1303,Coworking Space,Paris,10,1.84,2,Train,427.2,50,Vegan,1303,3.71,49.63,2282.48
Conference,Conference,15,38,Outdoor,London,20,0.17,15,Train,124.13,105,Vegan,38,12.15,43.79,696.73
Networking,Team Building,15,1340,Hotel,London,16,0.39,15,Bus,311.83,239,Vegetarian,1340,7.74,17.38,6578.68
Séminaire,Product Launch,6,1636,Convention Center,New York,47,0.93,6,Plane,311.64,265,Vegan,1636,5.15,15.91,22455.4
Formation,Seminar,43,933,Hotel,New York,27,0.79,43,Car,448.91,326,Vegan,933,16.13,22.85,32201.93
Networking,Trade Show,5,325,Hotel,Sydney,47,0.47,5,Car,66.95,452,Vegan,325,16.95,33.7,6836.42
Formation,Workshop,13,140,Outdoor,London,7,1.79,13,Car,222.67,143,Vegetarian,140,13.84,40.82,7087.55
Trade Show,Networking Event,43,332,Hotel,Paris,47,1.42,43,Walking,261.19,298,Vegetarian,332,15.8,46.98,2058.47
Formation,Team Building,6,412,Convention Center,Berlin,6,1.95,6,Plane,294.23,324,Vegan,412,14.14,49.43,24406.87
Trade Show,Corporate Training,39,1677,Hotel,New York,16,1.09,39,Walking,65.9,75,Vegetarian,1677,7.93,23.52,2918.48
Événement de Bienfaisance,Board Meeting,33,1024,Office,Tokyo,29,0.17,33,Bus,212.61,450,Mixed,1024,9.67,27.71,8456.58
Team Building,Conference,48,712,Hotel,Tokyo,26,1.8,48,Walking,305.18,309,Mixed,712,4.48,26.4,2964.96
Formation,Conference,40,781,Office,Dubai,33,1.37,40,Bicycle,7.4,215,Vegetarian,781,5.45,6.8,2100.2
Trade Show,Team Building,3,1322,Hotel,Dubai,47,1.74,3,Bus,166.18,311,Vegetarian,1322,10.57,48.82,5325.37
Networking Event,Workshop,29,354,Convention Center,Berlin,33,0.43,29,Bicycle,355.3,352,Mixed,354,16.47,11.19,1146.08
Conférence,Trade Show,17,712,Outdoor,Paris,25,0.21,17,Bicycle,257.99,281,Non-Vegetarian,712,13.26,41.78,2646.7
Lancement de Produit,Trade Show,24,1452,Convention Center,Dubai,14,0.46,24,Car,39.7,418,Vegetarian,1452,15.85,30.75,5833.35
Networking,Conference,38,1095,Office,Tokyo,47,0.53,38,Walking,185.05,219,Non-Vegetarian,1095,15.47,26.66,4390.05
Atelier,Trade Show,33,721,Office,London,33,1.47,33,Walking,57.73,232,Vegan,721,13.13,23.3,1594.27
Seminar,Trade Show,7,309,Convention Center,Dubai,43,0.16,7,Walking,296.12,253,Non-Vegetarian,309,18.93,16.46,1176.36
Networking,Seminar,14,832,Office,Paris,6,0.51,14,Walking,119.83,124,Non-Vegetarian,832,12.34,45.0,3048.1
Séminaire,Corporate Training,7,580,Hotel,Berlin,13,1.7,7,Train,359.19,251,Vegan,580,17.99,26.44,4352.48
Lancement de Produit,Fundraiser,20,725,Hotel,Tokyo,43,0.47,20,Walking,1.62,490,Mixed,725,16.27,24.73,2096.6
Atelier,Fundraiser,9,800,Convention Center,Berlin,27,0.77,9,Plane,332.75,452,Vegan,800,8.51,2.71,38516.75
Réunion du Conseil,Trade Show,23,738,Outdoor,Tokyo,22,0.89,23,Bus,440.96,134,Vegan,738,3.36,25.64,4566.49
Fundraiser,Workshop,29,55,Coworking Space,Tokyo,14,1.8,29,Train,31.64,138,Vegan,55,1.42,42.99,683.87
Fundraiser,Conference,25,489,Outdoor,Sydney,15,0.87,25,Car,251.82,483,Vegan,489,2.16,23.53,26245.61
Atelier,Workshop,16,1485,Outdoor,Tokyo,26,0.7,16,Car,127.29,35,Vegetarian,1485,19.82,40.9,3430.12
Networking,Conference,14,981,Office,New York,22,1.07,14,Car,8.1,58,Non-Vegetarian,981,9.34,43.27,3802.16
Corporate Training,Trade Show,23,1371,Convention Center,New York,16,1.07,23,Bicycle,485.06,179,Mixed,1371,1.93,20.21,3668.66
Corporate Training,Workshop,48,1011,Coworking Space,Paris,16,1.48,48,Car,446.85,491,Vegetarian,1011,14.65,44.08,48276.98
Réunion du Conseil,Networking Event,10,605,Office,Sydney,30,0.47,10,Plane,126.57,209,Vegan,605,17.69,37.12,7398.4
Networking Event,Workshop,38,1031,Coworking Space,Paris,44,0.69,38,Car,290.97,342,Non-Vegetarian,1031,13.65,35.81,25181.73
Team Building,Board Meeting,13,1443,Coworking Space,Dubai,32,1.18,13,Bicycle,241.91,484,Non-Vegetarian,1443,10.5,41.99,5400.92
Formation,Trade Show,28,908,Outdoor,New York,16,0.81,28,Car,130.97,50,Mixed,908,5.2,22.58,3882.18
Événement de Bienfaisance,Trade Show,37,954,Convention Center,Paris,46,1.71,37,Walking,292.32,188,Non-Vegetarian,954,2.86,38.51,4876.95
Lancement de Produit,Product Launch,4,1841,Outdoor,Berlin,31,0.26,4,Bicycle,234.32,40,Non-Vegetarian,1841,17.85,8.29,6511.9
Conference,Corporate Training,40,849,Outdoor,Berlin,23,0.62,40,Plane,265.38,126,Vegetarian,849,17.58,48.41,10050.15
Trade Show,Conference,7,1313,Convention Center,London,39,0.52,7,Train,355.84,420,Vegetarian,1313,18.45,46.91,8149.31
Networking Event,Fundraiser,45,1301,Office,London,42,0.55,45,Train,282.0,89,Vegan,1301,6.89,12.61,2863.67
Atelier,Workshop,41,1693,Convention Center,Berlin,47,1.34,41,Bus,383.99,277,Mixed,1693,2.27,25.64,11961.32
Formation,Workshop,2,1260,Coworking Space,Tokyo,47,0.43,2,Plane,158.66,110,Mixed,1260,8.63,34.83,7620.28
Product Launch,Corporate Training,46,876,Office,Sydney,14,0.76,46,Train,180.53,96,Vegetarian,876,12.53,30.97,2338.96
Formation,Networking Event,20,1321,Convention Center,Paris,10,1.97,20,Walking,398.94,175,Mixed,1321,4.73,20.93,3550.82
Fundraiser,Trade Show,37,1025,Office,Sydney,7,0.67,37,Car,9.33,326,Non-Vegetarian,1025,18.67,30.42,4411.18
Conférence,Workshop,1,573,Hotel,London,46,0.23,1,Bus,496.91,28,Non-Vegetarian,573,12.79,44.45,2960.08
Réunion du Conseil,Workshop,13,1617,Coworking Space,Berlin,50,0.17,13,Plane,211.87,419,Vegan,1617,15.2,23.75,23943.53
Fundraiser,Workshop,24,273,Convention Center,Sydney,10,0.44,24,Bus,348.83,484,Vegan,273,17.63,40.56,10572.2
Conférence,Seminar,43,1218,Coworking Space,Sydney,16,0.34,43,Plane,128.4,297,Non-Vegetarian,1218,11.68,39.72,14016.46
Événement de Bienfaisance,Networking Event,2,536,Outdoor,Dubai,5,1.97,2,Walking,60.81,371,Non-Vegetarian,536,10.93,5.06,1917.83
Networking Event,Networking Event,11,1862,Office,Tokyo,41,1.08,11,Plane,497.26,388,Vegetarian,1862,19.86,30.98,51372.44
Trade Show,Product Launch,27,456,Coworking Space,Paris,5,0.45,27,Walking,152.15,161,Vegan,456,18.47,39.95,603.22
Trade Show,Workshop,29,427,Convention Center,New York,47,1.14,29,Train,124.0,227,Vegan,427,9.47,11.2,2371.17
Atelier,Fundraiser,19,1677,Outdoor,Paris,22,1.28,19,Walking,368.52,421,Mixed,1677,2.69,43.55,4552.5
Conférence,Workshop,44,680,Coworking Space,Berlin,47,0.79,44,Bus,51.62,496,Mixed,680,5.58,19.61,4103.45
Formation,Board Meeting,41,174,Convention Center,Berlin,12,1.08,41,Walking,467.59,18,Vegetarian,174,8.91,45.54,635.58
Corporate Training,Product Launch,28,1758,Office,London,32,1.3,28,Bicycle,450.2,47,Mixed,1758,5.49,42.42,5073.22
Trade Show,Conference,42,1605,Office,Tokyo,10,1.45,42,Car,243.44,336,Vegan,1605,13.06,3.56,19119.87
Board Meeting,Fundraiser,39,469,Outdoor,Berlin,24,0.72,39,Bicycle,287.79,437,Vegan,469,17.14,22.6,885.44
Seminar,Workshop,31,1939,Convention Center,Sydney,20,1.48,31,Walking,75.04,343,Vegetarian,1939,19.45,22.13,3450.46
Réunion du Conseil,Board Meeting,14,1631,Hotel,Sydney,29,1.13,14,Walking,287.89,46,Mixed,1631,8.73,10.17,4344.69
Trade Show,Corporate Training,41,814,Convention Center,Tokyo,8,1.06,41,Car,364.69,38,Non-Vegetarian,814,18.66,24.31,6019.01
Séminaire,Fundraiser,44,804,Outdoor,London,37,1.11,44,Plane,275.41,201,Vegan,804,11.95,35.67,15642.13
Corporate Training,Trade Show,48,1457,Coworking Space,London,32,0.18,48,Car,326.98,496,Non-Vegetarian,1457,8.97,41.4,39396.72
Product Launch,Corporate Training,9,1888,Hotel,London,14,0.78,9,Train,421.59,238,Vegetarian,1888,15.17,45.67,7016.36
Réunion du Conseil,Trade Show,32,1736,Office,Tokyo,41,0.44,32,Walking,149.53,393,Vegan,1736,4.68,14.6,2063.2
Conférence,Workshop,38,969,Outdoor,Dubai,49,0.47,38,Bicycle,68.77,273,Vegetarian,969,9.69,7.39,1925.23
Fundraiser,Networking Event,47,1073,Outdoor,Paris,7,1.8,47,Bicycle,276.11,477,Vegan,1073,3.43,36.44,1448.84
Formation,Corporate Training,17,810,Office,Dubai,48,0.35,17,Car,84.97,268,Vegan,810,15.15,43.44,5852.09
Lancement de Produit,Seminar,1,1448,Office,Paris,37,1.52,1,Bus,458.79,416,Vegetarian,1448,11.65,12.59,13700.0
Fundraiser,Conference,45,1173,Outdoor,Sydney,42,0.51,45,Walking,212.13,297,Vegetarian,1173,1.21,6.81,2257.49
Team Building,Team Building,25,1420,Outdoor,Tokyo,5,1.38,25,Walking,132.58,478,Mixed,1420,5.69,31.52,3710.67
Conference,Trade Show,40,523,Outdoor,Dubai,18,1.26,40,Walking,419.4,355,Mixed,523,11.72,34.2,1852.94
Lancement de Produit,Product Launch,40,1819,Hotel,London,42,1.5,40,Bicycle,249.76,131,Vegetarian,1819,16.29,15.11,4051.3
Networking,Workshop,29,574,Coworking Space,London,28,0.59,29,Car,97.53,221,Mixed,574,11.97,7.25,6239.35
Workshop,Board Meeting,31,1050,Convention Center,Paris,11,1.93,31,Bicycle,174.17,251,Vegetarian,1050,12.7,12.78,1955.03
Formation,Corporate Training,32,1703,Outdoor,New York,50,0.26,32,Bicycle,332.39,307,Vegan,1703,14.59,13.62,1967.42
Formation,Board Meeting,48,1620,Outdoor,Berlin,18,1.13,48,Train,364.66,422,Non-Vegetarian,1620,2.23,6.43,12330.94
Conference,Conference,17,1082,Hotel,Paris,47,0.38,17,Train,145.24,278,Vegan,1082,15.01,8.46,2895.82
Product Launch,Networking Event,42,1012,Hotel,London,5,0.54,42,Bicycle,387.5,220,Mixed,1012,11.5,15.59,2640.88
Trade Show,Networking Event,16,1465,Outdoor,London,42,1.66,16,Car,446.03,156,Vegetarian,1465,13.78,21.4,17437.56
Corporate Training,Networking Event,48,49,Hotel,Tokyo,36,1.11,48,Car,115.69,423,Vegan,49,15.49,10.05,11335.86
Événement de Bienfaisance,Trade Show,45,1028,Outdoor,Berlin,12,1.69,45,Bus,230.47,152,Non-Vegetarian,1028,12.37,40.15,6261.23
Seminar,Trade Show,21,145,Coworking Space,Berlin,25,0.48,21,Bus,319.51,400,Vegan,145,4.65,37.12,8022.78
Product Launch,Board Meeting,47,627,Outdoor,Berlin,23,0.7,47,Train,296.92,218,Vegan,627,14.75,9.27,3642.53
Board Meeting,Board Meeting,18,1662,Hotel,New York,41,0.98,18,Bus,491.01,182,Vegetarian,1662,13.98,48.28,8340.97
Conference,Networking Event,47,1875,Outdoor,Berlin,40,1.2,47,Train,211.22,281,Vegetarian,1875,11.69,19.09,6376.17
Corporate Training,Workshop,15,1478,Convention Center,New York,49,1.43,15,Walking,206.46,473,Vegetarian,1478,15.46,40.59,2854.62
Conférence,Product Launch,46,1827,Outdoor,London,6,0.91,46,Car,142.47,254,Vegan,1827,10.67,21.82,9616.91
Événement de Bienfaisance,Seminar,43,112,Convention Center,Berlin,10,1.77,43,Plane,355.87,218,Mixed,112,13.06,25.64,20132.87
Atelier,Board Meeting,2,136,Hotel,London,19,0.38,2,Train,222.59,217,Non-Vegetarian,136,13.81,7.41,2457.74
Networking Event,Trade Show,48,1008,Hotel,Tokyo,45,1.69,48,Walking,493.51,406,Non-Vegetarian,1008,19.92,15.18,5423.4
Trade Show,Seminar,39,1748,Outdoor,Paris,41,0.96,39,Bicycle,79.87,382,Vegan,1748,12.43,11.12,2562.62
Corporate Training,Team Building,41,1625,Convention Center,Dubai,48,1.57,41,Car,491.52,346,Mixed,1625,8.24,9.37,41356.44
Team Building,Board Meeting,48,1775,Coworking Space,London,40,0.27,48,Train,222.25,169,Vegetarian,1775,17.35,10.95,4480.71
Trade Show,Product Launch,34,428,Office,Sydney,45,0.72,34,Walking,417.0,411,Non-Vegetarian,428,8.51,6.25,2078.32
Événement de Bienfaisance,Trade Show,10,14,Convention Center,New York,34,1.53,10,Walking,69.97,393,Vegetarian,14,13.07,2.22,311.68
Trade Show,Networking Event,12,457,Coworking Space,Dubai,10,1.24,12,Plane,448.74,401,Vegetarian,457,5.89,13.18,45784.22
Événement de Bienfaisance,Workshop,13,849,Hotel,Berlin,10,0.98,13,Walking,382.39,201,Non-Vegetarian,849,12.87,32.04,3125.02
Réunion du Conseil,Board Meeting,6,542,Hotel,Berlin,6,1.39,6,Train,153.95,165,Non-Vegetarian,542,17.02,43.52,3059.17
Networking,Product Launch,38,117,Coworking Space,London,19,0.22,38,Plane,398.99,454,Vegan,117,9.75,10.75,45522.78
Product Launch,Product Launch,10,776,Outdoor,Tokyo,43,0.98,10,Car,367.91,432,Vegan,776,15.0,11.32,34416.14
Événement de Bienfaisance,Workshop,30,883,Convention Center,London,12,0.91,30,Bus,270.67,126,Vegan,883,18.83,8.62,3147.97
Team Building,Trade Show,43,1626,Coworking Space,New York,16,1.22,43,Train,141.4,296,Mixed,1626,4.67,33.65,6235.5
Seminar,Fundraiser,48,1492,Convention Center,Tokyo,27,1.08,48,Bus,280.38,433,Vegan,1492,1.3,23.85,9526.41
Événement de Bienfaisance,Trade Show,3,938,Outdoor,Paris,36,1.73,3,Walking,367.9,466,Non-Vegetarian,938,1.74,38.56,3457.02
Corporate Training,Seminar,44,1378,Coworking Space,Berlin,11,1.9,44,Plane,185.72,198,Non-Vegetarian,1378,7.43,8.69,14508.18
Séminaire,Trade Show,4,1590,Outdoor,Tokyo,21,1.38,4,Plane,219.27,198,Vegetarian,1590,13.75,44.14,13412.6
Atelier,Workshop,3,188,Coworking Space,Dubai,5,0.63,3,Bicycle,270.58,40,Non-Vegetarian,188,8.95,11.08,702.79
Conférence,Networking Event,38,518,Office,Sydney,23,1.15,38,Walking,227.09,433,Non-Vegetarian,518,3.44,36.13,2394.69
Lancement de Produit,Seminar,40,1035,Convention Center,Sydney,50,1.36,40,Plane,200.41,36,Non-Vegetarian,1035,13.01,3.07,6818.35
Formation,Workshop,46,136,Office,Tokyo,33,1.53,46,Bicycle,9.49,392,Non-Vegetarian,136,10.97,14.56,1688.33
Atelier,Board Meeting,33,990,Hotel,Berlin,22,0.45,33,Plane,86.89,415,Mixed,990,18.6,2.48,11695.35
Événement de Bienfaisance,Fundraiser,9,1175,Hotel,Dubai,44,1.86,9,Walking,242.27,443,Vegetarian,1175,11.27,30.9,2215.12
Workshop,Team Building,1,435,Coworking Space,Paris,25,0.91,1,Bus,6.45,23,Mixed,435,16.59,2.83,1146.62
Board Meeting,Seminar,39,1290,Office,London,23,1.68,39,Car,303.25,444,Mixed,1290,16.57,48.69,32384.03
Atelier,Board Meeting,17,797,Coworking Space,Sydney,39,0.13,17,Train,491.97,315,Non-Vegetarian,797,5.86,36.76,9116.66
Corporate Training,Networking Event,37,1124,Convention Center,Sydney,26,1.87,37,Walking,168.58,342,Vegan,1124,19.3,21.53,2105.13
Board Meeting,Seminar,3,223,Convention Center,Sydney,9,0.73,3,Car,79.45,422,Mixed,223,6.88,22.61,7667.19
Conférence,Workshop,31,1843,Office,Paris,31,1.91,31,Bus,418.68,202,Vegetarian,1843,9.91,22.92,8822.32
Formation,Fundraiser,23,972,Hotel,New York,41,0.35,23,Train,469.77,152,Vegetarian,972,19.43,21.82,4561.73
Événement de Bienfaisance,Conference,8,225,Outdoor,London,44,1.33,8,Plane,130.89,374,Mixed,225,17.6,33.13,13136.25
Networking,Seminar,42,1793,Office,Berlin,20,0.83,42,Bicycle,471.69,400,Non-Vegetarian,1793,18.68,18.51,6698.48
Atelier,Fundraiser,45,1359,Coworking Space,Dubai,44,0.45,45,Plane,66.9,88,Vegetarian,1359,4.5,8.71,3982.22
Corporate Training,Seminar,11,576,Convention Center,Berlin,23,1.18,11,Train,241.66,193,Mixed,576,13.09,16.23,3513.53
Fundraiser,Fundraiser,25,582,Office,Tokyo,45,1.13,25,Bicycle,203.71,152,Non-Vegetarian,582,16.98,46.91,2800.41
Conference,Corporate Training,20,235,Office,London,36,0.29,20,Plane,285.93,253,Vegetarian,235,18.33,1.36,18581.35
Séminaire,Seminar,30,184,Hotel,Tokyo,33,1.76,30,Car,205.23,381,Non-Vegetarian,184,12.35,7.69,17975.73
Product Launch,Trade Show,23,1640,Convention Center,Sydney,6,0.13,23,Bus,269.36,65,Mixed,1640,5.87,3.6,5178.41
Trade Show,Seminar,10,755,Convention Center,Dubai,18,1.84,10,Bus,298.27,441,Non-Vegetarian,755,17.8,36.3,10808.52
Networking,Fundraiser,37,108,Hotel,Dubai,46,0.58,37,Bicycle,422.67,479,Mixed,108,10.75,7.86,800.8
Team Building,Networking Event,17,1719,Hotel,Berlin,43,1.85,17,Bus,282.43,116,Vegan,1719,16.49,16.68,4427.23
Workshop,Product Launch,40,197,Coworking Space,Tokyo,25,1.43,40,Bus,123.99,266,Mixed,197,0.98,46.76,3281.86
Networking,Board Meeting,13,1414,Hotel,New York,5,0.37,13,Walking,87.77,11,Vegetarian,1414,9.96,39.15,2231.24
Lancement de Produit,Board Meeting,3,909,Outdoor,Berlin,48,0.7,3,Bus,30.8,245,Vegan,909,6.27,29.14,1482.98
Networking,Trade Show,17,61,Outdoor,Sydney,29,1.64,17,Plane,341.1,144,Mixed,61,8.23,39.31,12931.44
Lancement de Produit,Board Meeting,22,46,Convention Center,Berlin,36,1.87,22,Train,462.24,63,Vegetarian,46,7.13,32.16,2052.94
Événement de Bienfaisance,Corporate Training,27,1949,Hotel,New York,48,1.23,27,Car,314.47,318,Non-Vegetarian,1949,19.64,6.61,28671.35
Conférence,Seminar,26,304,Office,Berlin,39,1.86,26,Bicycle,491.67,152,Vegan,304,2.1,29.26,1309.74
Board Meeting,Product Launch,41,1360,Office,Sydney,15,1.84,41,Walking,316.06,212,Non-Vegetarian,1360,15.27,3.48,5363.3
Seminar,Trade Show,22,1155,Coworking Space,New York,27,0.19,22,Train,397.35,202,Vegan,1155,4.55,31.86,4494.84
Trade Show,Fundraiser,33,1352,Hotel,London,8,0.54,33,Car,413.44,423,Vegan,1352,15.1,14.42,38208.2
Product Launch,Conference,27,1137,Hotel,Berlin,6,0.42,27,Bicycle,177.59,83,Mixed,1137,9.61,16.34,2928.42
Team Building,Trade Show,3,757,Outdoor,Tokyo,11,1.35,3,Bicycle,352.79,207,Vegetarian,757,16.32,17.24,1224.89
Atelier,Trade Show,33,1600,Hotel,Berlin,24,1.39,33,Bus,291.22,389,Vegan,1600,15.23,29.82,9037.61
Trade Show,Trade Show,21,323,Coworking Space,London,13,1.46,21,Train,115.07,418,Vegetarian,323,1.2,12.17,2634.5
Atelier,Board Meeting,45,793,Office,New York,21,1.79,45,Walking,313.9,112,Vegetarian,793,5.9,14.56,2076.2
Conference,Networking Event,30,1448,Office,London,23,0.57,30,Walking,241.3,467,Vegan,1448,15.0,41.89,1758.43
Networking,Fundraiser,40,538,Coworking Space,Berlin,24,0.9,40,Walking,467.93,452,Mixed,538,4.06,25.6,1836.32
Atelier,Board Meeting,2,1629,Convention Center,Dubai,43,0.34,2,Car,253.27,430,Vegetarian,1629,14.64,23.48,25404.64
Board Meeting,Networking Event,35,1423,Convention Center,Berlin,5,1.28,35,Plane,416.65,109,Vegan,1423,4.57,18.86,12935.57
Événement de Bienfaisance,Product Launch,24,1859,Office,Paris,17,1.29,24,Plane,366.69,281,Vegan,1859,15.7,4.44,27922.41
Conference,Team Building,8,415,Hotel,Sydney,27,1.89,8,Car,213.05,222,Vegan,415,1.23,7.24,10568.45
Atelier,Team Building,1,859,Coworking Space,London,9,0.82,1,Walking,87.53,48,Vegan,859,12.14,42.97,972.91
Séminaire,Workshop,9,604,Convention Center,Berlin,36,1.01,9,Walking,117.94,285,Vegan,604,8.69,7.28,799.56
Séminaire,Workshop,38,1709,Outdoor,Berlin,35,0.95,38,Plane,347.67,442,Non-Vegetarian,1709,19.75,48.79,45167.87
Board Meeting,Networking Event,25,249,Hotel,Sydney,20,1.51,25,Walking,112.53,412,Vegan,249,14.09,3.67,662.02
Team Building,Product Launch,17,1180,Hotel,Tokyo,19,1.86,17,Bus,216.85,191,Mixed,1180,4.92,36.07,5817.47
Trade Show,Trade Show,9,790,Coworking Space,Paris,20,0.33,9,Train,271.15,207,Non-Vegetarian,790,3.48,5.2,5057.18
Board Meeting,Seminar,26,1105,Outdoor,London,14,1.22,26,Train,338.77,273,Non-Vegetarian,1105,8.41,14.79,7835.31
Networking,Workshop,38,294,Outdoor,Tokyo,6,1.76,38,Bicycle,54.09,98,Vegan,294,6.97,23.79,556.16
Trade Show,Seminar,2,153,Convention Center,Dubai,43,1.09,2,Plane,456.58,409,Non-Vegetarian,153,14.66,44.95,47386.9
Conférence,Trade Show,32,1338,Hotel,Tokyo,50,0.7,32,Bus,195.79,113,Non-Vegetarian,1338,8.45,9.3,6605.96
Formation,Board Meeting,12,1135,Office,Paris,8,1.35,12,Walking,314.01,144,Mixed,1135,3.68,10.51,2930.68
Lancement de Produit,Corporate Training,21,94,Office,London,11,0.37,21,Bicycle,331.56,58,Non-Vegetarian,94,17.35,30.5,467.44
Trade Show,Board Meeting,38,1712,Hotel,Tokyo,19,1.71,38,Plane,237.11,34,Vegetarian,1712,4.11,20.6,5250.17
Board Meeting,Board Meeting,39,1812,Hotel,Berlin,16,1.45,39,Bus,336.84,129,Vegan,1812,13.09,5.08,4907.88
Product Launch,Seminar,26,1764,Hotel,Dubai,44,0.69,26,Walking,193.51,493,Vegan,1764,13.92,26.96,2240.44
Fundraiser,Fundraiser,2,1586,Hotel,Paris,11,0.44,2,Walking,233.15,115,Mixed,1586,15.89,16.13,4033.88
Board Meeting,Team Building,37,1047,Convention Center,Sydney,42,1.79,37,Bicycle,163.26,470,Vegetarian,1047,9.85,18.46,3017.95
Fundraiser,Trade Show,35,1829,Convention Center,Tokyo,26,1.99,35,Train,280.34,185,Vegan,1829,14.96,15.64,4870.17
Networking Event,Fundraiser,38,1285,Hotel,Dubai,27,1.77,38,Bus,421.68,265,Non-Vegetarian,1285,6.34,10.69,12144.28
Fundraiser,Team Building,22,1153,Convention Center,Tokyo,37,0.8,22,Bus,228.13,93,Mixed,1153,9.65,6.17,4512.71
Team Building,Networking Event,15,1271,Convention Center,London,7,1.26,15,Car,14.72,290,Vegetarian,1271,12.64,35.67,2965.72
Séminaire,Team Building,30,1393,Office,Dubai,24,1.64,30,Car,228.94,159,Vegan,1393,0.54,30.27,9689.33
Corporate Training,Trade Show,25,473,Hotel,Tokyo,45,0.28,25,Car,115.13,347,Vegetarian,473,6.19,2.41,9273.72
Lancement de Produit,Workshop,42,1369,Coworking Space,New York,33,0.85,42,Bus,189.27,331,Vegetarian,1369,19.47,30.32,6501.03
Team Building,Team Building,6,71,Office,London,31,1.07,6,Bus,331.39,358,Mixed,71,1.46,25.31,7448.81
Fundraiser,Trade Show,6,1107,Hotel,Tokyo,7,0.83,6,Plane,141.39,19,Non-Vegetarian,1107,10.82,37.14,4659.45
Product Launch,Networking Event,10,105,Convention Center,Tokyo,29,1.99,10,Car,180.52,439,Mixed,105,8.89,28.92,17268.81
Team Building,Team Building,20,950,Convention Center,Paris,19,1.37,20,Walking,442.16,206,Non-Vegetarian,950,9.07,33.78,3671.0
Trade Show,Workshop,12,1267,Convention Center,Tokyo,33,0.11,12,Bicycle,328.21,374,Vegetarian,1267,12.47,29.51,2006.24
Atelier,Product Launch,16,58,Office,New York,42,1.02,16,Walking,173.48,223,Non-Vegetarian,58,13.68,6.1,585.28
Séminaire,Fundraiser,26,113,Outdoor,Berlin,28,0.26,26,Bicycle,113.15,208,Vegetarian,113,17.85,42.63,385.1
Fundraiser,Team Building,32,929,Outdoor,Berlin,34,0.99,32,Walking,291.46,201,Vegan,929,13.47,16.23,1526.96
Conference,Networking Event,43,892,Hotel,Tokyo,20,0.29,43,Walking,209.83,61,Vegan,892,2.66,28.39,1078.8
Corporate Training,Corporate Training,12,241,Convention Center,Paris,48,0.26,12,Plane,225.55,264,Vegan,241,2.27,9.54,15225.8
Formation,Networking Event,19,1050,Hotel,London,20,1.4,19,Plane,362.22,496,Non-Vegetarian,1050,9.77,2.44,48880.7
Seminar,Trade Show,38,1903,Convention Center,Berlin,11,0.42,38,Bicycle,446.05,150,Mixed,1903,19.15,39.31,4962.2
Conference,Product Launch,3,1199,Coworking Space,Sydney,31,0.44,3,Plane,187.03,442,Vegan,1199,4.38,13.93,21922.89
Séminaire,Product Launch,43,1837,Convention Center,Tokyo,37,0.18,43,Car,331.89,333,Mixed,1837,5.6,49.49,28054.94
Conference,Board Meeting,29,136,Outdoor,Sydney,30,1.29,29,Train,155.32,43,Vegan,136,13.66,4.03,999.68
Réunion du Conseil,Trade Show,16,1777,Hotel,Tokyo,11,0.8,16,Bicycle,213.6,51,Non-Vegetarian,1777,4.96,9.77,6319.36
Trade Show,Team Building,33,522,Coworking Space,Sydney,36,0.89,33,Bicycle,423.48,439,Mixed,522,17.45,46.58,1961.72
Formation,Conference,29,423,Office,New York,15,1.91,29,Walking,45.57,313,Non-Vegetarian,423,12.12,33.27,1986.7
Networking Event,Seminar,22,544,Hotel,Paris,48,0.95,22,Walking,386.78,206,Vegan,544,16.92,37.97,1155.38
Workshop,Board Meeting,27,740,Hotel,Dubai,22,1.87,27,Bus,11.02,244,Non-Vegetarian,740,13.98,31.18,3397.04
Séminaire,Product Launch,37,1862,Coworking Space,Paris,43,1.42,37,Bicycle,448.96,469,Mixed,1862,7.41,9.02,5817.47
Networking Event,Corporate Training,41,1979,Coworking Space,Dubai,38,1.13,41,Walking,261.14,150,Vegetarian,1979,12.82,15.51,3905.43
Événement de Bienfaisance,Fundraiser,46,531,Convention Center,Tokyo,48,0.64,46,Car,127.21,151,Non-Vegetarian,531,13.65,11.48,6649.15
Product Launch,Fundraiser,5,651,Office,Paris,32,0.26,5,Bus,310.66,100,Vegetarian,651,9.06,11.67,2902.72
Product Launch,Team Building,5,540,Outdoor,Berlin,7,0.11,5,Bicycle,107.96,383,Mixed,540,17.17,5.95,1398.16
Événement de Bienfaisance,Conference,4,1544,Coworking Space,Dubai,10,0.34,4,Train,352.92,331,Vegetarian,1544,12.22,34.61,7089.12
Workshop,Product Launch,7,963,Hotel,Sydney,17,1.41,7,Bicycle,258.6,164,Vegan,963,2.95,48.17,1149.13
Trade Show,Seminar,31,1841,Office,Berlin,41,0.26,31,Plane,285.83,470,Mixed,1841,8.08,43.71,38456.34
Conference,Networking Event,8,463,Hotel,New York,13,0.33,8,Car,44.91,338,Vegetarian,463,2.94,38.68,3982.61
Conference,Networking Event,26,1384,Hotel,Berlin,36,1.65,26,Walking,107.2,270,Mixed,1384,7.65,25.83,4299.16
Product Launch,Board Meeting,19,1110,Coworking Space,Berlin,48,0.23,19,Train,330.86,319,Mixed,1110,19.93,36.63,7214.77
Atelier,Networking Event,4,1662,Convention Center,Tokyo,12,0.71,4,Bus,4.42,463,Non-Vegetarian,1662,6.43,17.95,6005.59
Board Meeting,Board Meeting,29,1651,Hotel,Berlin,15,1.56,29,Walking,305.4,319,Non-Vegetarian,1651,0.83,20.26,6159.98
Team Building,Corporate Training,24,1632,Coworking Space,New York,9,1.13,24,Plane,373.59,251,Mixed,1632,11.14,31.36,27729.81
Networking,Conference,35,1655,Coworking Space,Sydney,42,0.77,35,Bus,496.67,72,Non-Vegetarian,1655,1.84,35.99,8579.72
Seminar,Board Meeting,36,424,Hotel,Dubai,20,1.07,36,Bicycle,55.88,130,Non-Vegetarian,424,0.83,21.51,1913.88
Lancement de Produit,Workshop,47,1422,Office,Sydney,27,1.29,47,Bus,62.96,499,Non-Vegetarian,1422,5.95,14.84,7722.11
Seminar,Board Meeting,7,595,Convention Center,Berlin,42,0.96,7,Plane,321.88,166,Vegan,595,8.75,39.47,14190.58
Lancement de Produit,Seminar,43,1798,Coworking Space,Berlin,6,0.5,43,Plane,310.05,57,Vegan,1798,9.71,34.61,6369.35
Corporate Training,Workshop,16,1470,Convention Center,Sydney,37,1.43,16,Train,247.74,154,Non-Vegetarian,1470,5.8,31.94,7169.84
Événement de Bienfaisance,Seminar,48,1684,Convention Center,Sydney,41,0.32,48,Train,243.92,423,Mixed,1684,13.39,32.6,8743.99
Événement de Bienfaisance,Board Meeting,6,419,Hotel,Berlin,23,0.53,6,Bicycle,377.41,243,Vegetarian,419,11.52,20.49,729.09
Networking,Board Meeting,47,708,Convention Center,Paris,40,0.11,47,Car,383.65,286,Mixed,708,8.87,33.46,25000.08
Atelier,Fundraiser,39,693,Hotel,Sydney,23,1.77,39,Bus,394.81,341,Mixed,693,6.97,27.74,10673.58
Seminar,Conference,11,1905,Office,Paris,14,0.45,11,Car,20.73,470,Vegan,1905,11.54,31.02,4070.82
Workshop,Conference,27,1270,Outdoor,Tokyo,43,0.4,27,Bicycle,158.47,295,Mixed,1270,15.49,30.08,3498.34
Réunion du Conseil,Workshop,41,1458,Convention Center,New York,13,0.36,41,Car,420.0,188,Vegan,1458,13.99,26.76,18217.04
Séminaire,Networking Event,10,1792,Hotel,Dubai,9,1.41,10,Plane,60.01,114,Mixed,1792,17.69,23.0,6335.11
Événement de Bienfaisance,Corporate Training,22,489,Coworking Space,Dubai,29,1.85,22,Bicycle,391.87,339,Vegan,489,10.65,22.64,1145.73
Conférence,Corporate Training,47,1420,Outdoor,Paris,25,0.21,47,Bus,419.78,332,Mixed,1420,7.29,32.8,12115.57
Trade Show,Product Launch,4,1691,Coworking Space,London,25,0.63,4,Train,227.18,261,Vegetarian,1691,14.19,21.08,5010.3
Événement de Bienfaisance,Conference,4,1487,Convention Center,London,25,1.13,4,Bicycle,273.85,234,Vegetarian,1487,9.5,41.96,2389.92
Atelier,Board Meeting,17,197,Convention Center,Tokyo,20,1.84,17,Walking,27.67,136,Mixed,197,6.89,23.47,866.02
Conférence,Conference,43,1229,Office,Sydney,43,1.33,43,Car,105.25,135,Vegetarian,1229,13.63,1.68,6087.54
Workshop,Product Launch,16,1085,Office,Berlin,50,0.64,16,Bicycle,29.68,346,Mixed,1085,13.38,8.15,3011.56
Réunion du Conseil,Product Launch,11,453,Office,London,25,0.46,11,Bicycle,22.78,203,Mixed,453,19.45,37.49,1309.63
Formation,Product Launch,31,1078,Outdoor,Paris,20,0.86,31,Bus,211.82,304,Vegetarian,1078,18.65,46.29,5877.08
Fundraiser,Team Building,36,658,Hotel,Berlin,29,1.43,36,Bus,352.09,138,Mixed,658,2.44,38.5,5388.65
Formation,Conference,29,1856,Office,Tokyo,34,0.9,29,Plane,187.82,333,Non-Vegetarian,1856,9.09,26.2,22646.3
Atelier,Networking Event,16,1623,Hotel,Tokyo,44,1.5,16,Bicycle,156.55,261,Vegan,1623,14.91,2.12,2185.06
Board Meeting,Board Meeting,41,608,Hotel,Tokyo,22,0.11,41,Bus,94.9,416,Mixed,608,18.81,17.19,4010.31
Fundraiser,Product Launch,13,484,Hotel,London,16,0.92,13,Plane,350.32,150,Mixed,484,12.17,31.17,14529.36
Seminar,Conference,12,1224,Coworking Space,Tokyo,47,0.43,12,Walking,94.82,159,Vegetarian,1224,10.69,25.24,2029.12
Réunion du Conseil,Corporate Training,29,576,Coworking Space,New York,49,0.5,29,Bus,235.73,167,Non-Vegetarian,576,10.16,38.17,4829.92
Réunion du Conseil,Product Launch,10,1927,Outdoor,Tokyo,32,1.0,10,Plane,140.67,455,Non-Vegetarian,1927,1.01,38.06,22983.85
Workshop,Team Building,13,1304,Outdoor,Dubai,6,0.88,13,Walking,226.41,215,Non-Vegetarian,1304,1.28,29.11,4659.1
Corporate Training,Seminar,45,803,Coworking Space,Tokyo,22,1.65,45,Plane,193.72,419,Non-Vegetarian,803,5.57,48.98,24028.52
Événement de Bienfaisance,Corporate Training,45,1907,Office,Dubai,7,0.58,45,Car,467.8,166,Vegan,1907,5.12,44.64,18405.38
Séminaire,Conference,45,1015,Coworking Space,Sydney,24,0.67,45,Train,307.81,57,Vegetarian,1015,19.39,14.33,2653.55
Formation,Conference,4,669,Coworking Space,Tokyo,11,1.89,4,Bus,240.0,424,Non-Vegetarian,669,8.16,15.65,8536.3
Workshop,Networking Event,1,1185,Office,London,45,1.57,1,Car,178.43,246,Non-Vegetarian,1185,17.9,31.78,13499.88
Événement de Bienfaisance,Fundraiser,18,1347,Coworking Space,Berlin,37,0.9,18,Plane,450.66,153,Non-Vegetarian,1347,3.06,21.28,22300.63
Réunion du Conseil,Seminar,1,388,Office,Berlin,30,0.44,1,Train,453.81,32,Mixed,388,16.78,9.3,1609.64
Réunion du Conseil,Workshop,5,303,Coworking Space,Tokyo,33,1.56,5,Bicycle,289.94,97,Mixed,303,6.88,14.15,928.26
Networking Event,Corporate Training,34,637,Convention Center,Tokyo,44,0.4,34,Car,2.61,307,Non-Vegetarian,637,18.36,34.7,2803.09
Conference,Team Building,15,1434,Hotel,Sydney,31,1.3,15,Bicycle,481.98,30,Vegetarian,1434,18.52,19.33,2528.95
Formation,Trade Show,8,1510,Hotel,Berlin,28,0.19,8,Walking,469.28,263,Non-Vegetarian,1510,13.25,39.27,5411.32
Team Building,Workshop,38,715,Convention Center,Paris,46,1.51,38,Car,345.58,191,Non-Vegetarian,715,10.14,26.01,17755.75
Séminaire,Fundraiser,30,747,Coworking Space,Dubai,48,1.16,30,Car,95.51,390,Vegan,747,6.46,35.12,9487.63
Team Building,Networking Event,27,1202,Office,Sydney,20,1.33,27,Bicycle,44.92,302,Non-Vegetarian,1202,10.91,33.58,4655.08
Événement de Bienfaisance,Board Meeting,39,1363,Coworking Space,Dubai,41,0.47,39,Walking,213.95,122,Vegan,1363,5.0,42.57,1833.9
Team Building,Team Building,9,1991,Convention Center,Berlin,15,0.89,9,Bicycle,71.75,86,Non-Vegetarian,1991,4.93,25.94,7090.31
Corporate Training,Team Building,27,1158,Convention Center,Berlin,17,1.94,27,Train,106.01,45,Non-Vegetarian,1158,2.58,4.87,4703.95
Fundraiser,Team Building,6,395,Hotel,Paris,19,1.54,6,Plane,276.98,125,Mixed,395,18.31,25.36,9818.25
Corporate Training,Team Building,1,1220,Convention Center,Paris,34,1.48,1,Car,490.61,262,Non-Vegetarian,1220,1.21,2.76,31296.46
Formation,Workshop,29,111,Outdoor,Sydney,11,1.95,29,Walking,259.5,396,Vegetarian,111,10.35,21.72,541.66
Réunion du Conseil,Team Building,16,56,Coworking Space,Sydney,45,1.99,16,Plane,223.25,105,Non-Vegetarian,56,12.86,36.16,6870.75
Corporate Training,Product Launch,47,973,Convention Center,London,12,0.91,47,Bus,104.6,182,Vegetarian,973,0.75,47.76,2955.37
Workshop,Conference,14,1862,Coworking Space,Sydney,47,1.39,14,Bicycle,42.05,81,Vegetarian,1862,17.01,23.95,3332.23
Networking Event,Corporate Training,4,588,Office,Paris,15,0.22,4,Bicycle,142.46,38,Mixed,588,7.27,4.63,1500.4
Seminar,Team Building,37,515,Hotel,Sydney,14,0.17,37,Car,351.03,364,Vegan,515,17.94,49.74,27527.12
Fundraiser,Fundraiser,48,1327,Office,Tokyo,35,0.29,48,Train,328.48,345,Vegan,1327,2.48,11.82,6132.22
Formation,Workshop,20,709,Office,Tokyo,31,1.18,20,Car,222.86,420,Non-Vegetarian,709,12.99,22.0,22573.53
Séminaire,Seminar,20,1084,Outdoor,Paris,16,1.74,20,Car,188.72,69,Non-Vegetarian,1084,3.81,44.7,6903.97
Événement de Bienfaisance,Trade Show,3,818,Hotel,Berlin,40,1.17,3,Car,160.82,316,Vegetarian,818,11.96,16.54,12026.22
Corporate Training,Board Meeting,20,692,Coworking Space,London,7,0.79,20,Plane,447.33,186,Vegan,692,14.01,34.91,21645.98
Atelier,Corporate Training,4,1435,Office,Dubai,28,1.76,4,Bicycle,43.91,32,Mixed,1435,11.38,34.97,3778.76
Fundraiser,Trade Show,15,1356,Outdoor,Berlin,45,1.63,15,Train,111.13,313,Vegan,1356,11.57,40.46,3401.53
Networking Event,Team Building,32,1834,Outdoor,Tokyo,18,1.07,32,Train,195.98,122,Non-Vegetarian,1834,3.95,48.13,7787.7
Conference,Seminar,10,779,Office,Dubai,40,0.6,10,Bicycle,128.31,295,Non-Vegetarian,779,9.19,39.99,2944.86
Fundraiser,Corporate Training,12,588,Coworking Space,Dubai,25,1.37,12,Bus,192.01,153,Vegetarian,588,6.72,6.06,2875.71
Team Building,Networking Event,30,1162,Convention Center,Paris,47,1.94,30,Train,173.49,449,Mixed,1162,7.77,46.84,7497.8
Conference,Workshop,31,1101,Coworking Space,London,28,0.38,31,Walking,349.88,426,Non-Vegetarian,1101,14.27,46.22,4139.4
Board Meeting,Trade Show,21,1278,Outdoor,Tokyo,23,1.99,21,Bicycle,21.97,435,Vegan,1278,4.55,12.43,1792.55
Trade Show,Seminar,23,1554,Hotel,Sydney,7,0.56,23,Train,229.07,385,Mixed,1554,13.37,38.85,7562.2
Seminar,Corporate Training,10,591,Convention Center,Berlin,9,0.74,10,Bicycle,272.0,318,Vegan,591,2.02,47.13,722.6
Conférence,Board Meeting,48,271,Hotel,Dubai,36,1.33,48,Train,409.45,239,Vegan,271,19.98,37.53,5449.48
Conférence,Conference,24,1051,Convention Center,New York,32,1.87,24,Plane,392.62,93,Non-Vegetarian,1051,12.93,47.21,13645.28
Atelier,Corporate Training,8,335,Hotel,London,50,0.2,8,Walking,16.6,179,Vegetarian,335,5.55,14.7,583.0
Lancement de Produit,Conference,30,1086,Convention Center,New York,47,0.65,30,Bicycle,237.38,216,Vegan,1086,16.15,9.43,1595.41
Networking,Conference,21,1080,Coworking Space,Paris,36,0.46,21,Car,369.5,129,Vegetarian,1080,13.39,8.09,11846.59
Trade Show,Product Launch,30,72,Outdoor,Berlin,32,1.43,30,Car,110.11,411,Vegetarian,72,12.41,19.18,10361.17
Trade Show,Seminar,37,793,Office,New York,16,1.06,37,Plane,163.34,209,Vegan,793,17.63,3.65,9683.83
Board Meeting,Fundraiser,10,1871,Convention Center,Dubai,38,0.8,10,Car,392.77,115,Vegetarian,1871,14.04,32.61,12537.2
Workshop,Fundraiser,22,1550,Convention Center,New York,34,1.86,22,Walking,196.63,454,Non-Vegetarian,1550,17.16,20.38,6195.72
Workshop,Product Launch,24,1143,Coworking Space,Berlin,44,0.76,24,Train,432.68,54,Vegan,1143,15.83,31.54,2573.61
Séminaire,Seminar,33,696,Coworking Space,Paris,39,0.1,33,Plane,233.93,262,Mixed,696,2.95,22.84,17178.35
Team Building,Fundraiser,26,162,Outdoor,Berlin,46,1.16,26,Bicycle,50.25,212,Vegetarian,162,2.22,39.3,1019.72
Board Meeting,Seminar,24,1542,Outdoor,Berlin,49,0.19,24,Train,228.84,416,Vegan,1542,0.99,44.2,5552.0
Réunion du Conseil,Product Launch,47,1184,Convention Center,Paris,35,1.36,47,Plane,37.13,374,Non-Vegetarian,1184,5.59,5.84,8757.12
Team Building,Board Meeting,8,1429,Hotel,Tokyo,15,1.36,8,Car,87.22,30,Vegan,1429,14.06,32.69,2153.59
Networking,Fundraiser,14,155,Hotel,Tokyo,14,1.87,14,Train,106.92,124,Mixed,155,1.63,9.05,1122.44
Trade Show,Workshop,9,1277,Hotel,Paris,18,1.8,9,Plane,73.34,80,Non-Vegetarian,1277,18.97,25.93,6171.9
Board Meeting,Fundraiser,9,1095,Office,Paris,37,0.86,9,Car,275.79,260,Mixed,1095,14.63,30.98,18030.04
Corporate Training,Networking Event,38,1069,Convention Center,Paris,30,0.53,38,Plane,372.85,322,Mixed,1069,1.09,38.94,33069.08
Conférence,Board Meeting,20,1075,Hotel,Sydney,37,1.33,20,Train,303.75,403,Vegan,1075,0.81,23.7,6512.57
Atelier,Conference,47,41,Office,Dubai,36,0.68,47,Car,42.63,386,Mixed,41,7.65,34.28,4217.23
Corporate Training,Corporate Training,2,1413,Convention Center,Paris,19,0.97,2,Car,10.52,356,Vegetarian,1413,8.02,42.45,3025.35
Networking Event,Board Meeting,25,850,Coworking Space,London,11,1.53,25,Train,430.84,354,Vegan,850,2.57,49.12,7264.45
Événement de Bienfaisance,Conference,37,1770,Outdoor,Paris,35,1.25,37,Bus,411.44,331,Vegetarian,1770,13.74,6.48,11676.01
Networking,Corporate Training,31,1945,Convention Center,Berlin,31,0.84,31,Plane,332.85,43,Vegetarian,1945,1.14,26.68,6954.9
Lancement de Produit,Board Meeting,15,1594,Outdoor,London,34,1.92,15,Walking,466.5,211,Vegan,1594,0.92,30.35,2146.14
Networking,Fundraiser,46,1756,Outdoor,Dubai,31,0.25,46,Train,302.65,242,Vegan,1756,4.65,22.04,4917.28
Fundraiser,Team Building,15,1375,Coworking Space,Sydney,31,0.11,15,Walking,426.73,278,Non-Vegetarian,1375,9.59,49.96,4957.18
Corporate Training,Conference,30,903,Outdoor,London,38,1.92,30,Bicycle,470.92,499,Vegan,903,19.19,7.19,2050.16
Conference,Product Launch,3,1946,Convention Center,Tokyo,35,1.62,3,Walking,128.39,483,Non-Vegetarian,1946,3.61,46.21,6995.69
Team Building,Conference,4,1251,Coworking Space,Tokyo,22,0.36,4,Walking,283.35,404,Vegetarian,1251,19.6,15.29,1962.12
Corporate Training,Trade Show,32,861,Coworking Space,New York,10,0.43,32,Plane,463.14,25,Mixed,861,16.74,16.68,5182.77
Événement de Bienfaisance,Trade Show,33,1377,Coworking Space,London,11,0.37,33,Bicycle,331.61,470,Vegan,1377,19.02,45.18,1572.56
Product Launch,Product Launch,35,1367,Convention Center,Dubai,27,1.37,35,Bus,21.43,209,Vegetarian,1367,5.79,18.89,3015.92
Networking,Seminar,30,1085,Office,Berlin,34,1.26,30,Plane,440.86,242,Vegan,1085,5.66,8.19,28427.33
Conference,Trade Show,38,1897,Hotel,Tokyo,44,0.27,38,Walking,60.82,59,Vegan,1897,16.44,28.83,2213.26
Réunion du Conseil,Workshop,13,248,Office,Paris,49,1.18,13,Plane,447.6,126,Vegan,248,10.48,37.09,14818.37
Trade Show,Team Building,13,866,Convention Center,Sydney,29,1.57,13,Bus,78.5,289,Mixed,866,0.62,48.67,3920.72
Seminar,Conference,24,1871,Convention Center,Paris,29,1.48,24,Bus,334.85,162,Mixed,1871,10.14,41.57,8550.7
Networking Event,Fundraiser,36,1588,Convention Center,Dubai,48,1.08,36,Bus,141.4,70,Vegan,1588,15.36,16.98,3179.68
Conference,Product Launch,7,1894,Office,New York,45,1.15,7,Plane,364.28,116,Mixed,1894,15.45,5.58,15522.3
Networking Event,Conference,39,1152,Hotel,Berlin,44,1.42,39,Train,87.79,325,Non-Vegetarian,1152,16.01,45.19,6514.03
Lancement de Produit,Team Building,9,512,Coworking Space,Berlin,50,1.23,9,Bicycle,328.76,389,Vegetarian,512,11.1,31.19,1129.33
Product Launch,Product Launch,25,972,Hotel,Dubai,48,0.59,25,Bus,250.26,425,Non-Vegetarian,972,14.43,42.01,10250.51
Team Building,Corporate Training,5,385,Coworking Space,Dubai,49,1.99,5,Plane,328.23,304,Vegan,385,7.44,10.19,25609.52
Conference,Seminar,4,1781,Convention Center,London,35,1.95,4,Bus,91.37,127,Non-Vegetarian,1781,9.74,23.45,7132.62
Networking,Conference,31,1129,Hotel,New York,8,1.43,31,Car,80.08,58,Vegan,1129,4.1,23.06,2336.01
Networking Event,Board Meeting,35,1624,Outdoor,Dubai,19,1.09,35,Plane,254.06,212,Vegetarian,1624,19.94,9.29,16322.06
Networking Event,Trade Show,30,582,Office,Tokyo,41,0.39,30,Train,440.25,491,Non-Vegetarian,582,17.82,46.18,11051.36
Formation,Team Building,4,1924,Hotel,Berlin,23,0.97,4,Bicycle,193.19,53,Vegan,1924,17.84,18.21,2040.72
Corporate Training,Networking Event,33,726,Office,Dubai,45,0.38,33,Plane,233.36,405,Mixed,726,11.28,18.36,25784.13
Workshop,Conference,26,1672,Office,Berlin,43,0.58,26,Walking,194.43,320,Mixed,1672,3.19,4.88,4520.36
Lancement de Produit,Fundraiser,46,606,Hotel,New York,24,1.08,46,Car,281.93,278,Non-Vegetarian,606,8.28,31.6,19255.99
Réunion du Conseil,Seminar,18,1714,Office,London,49,0.3,18,Walking,189.17,291,Vegetarian,1714,11.37,17.73,2761.5
Réunion du Conseil,Corporate Training,7,1223,Convention Center,London,5,0.14,7,Bicycle,175.57,259,Vegan,1223,9.65,24.98,1294.71
Workshop,Corporate Training,2,887,Outdoor,Berlin,9,1.51,2,Car,7.43,285,Vegetarian,887,15.96,21.38,1863.46
Séminaire,Fundraiser,14,1133,Convention Center,London,17,1.6,14,Plane,394.56,398,Vegetarian,1133,0.71,5.23,41160.5
Seminar,Product Launch,12,394,Office,Dubai,12,0.78,12,Walking,177.5,51,Vegetarian,394,0.95,48.94,746.94
Lancement de Produit,Board Meeting,18,384,Outdoor,London,29,1.75,18,Bus,152.95,366,Vegetarian,384,5.21,11.89,4425.73
Networking Event,Networking Event,4,975,Coworking Space,New York,34,1.12,4,Bicycle,365.34,167,Non-Vegetarian,975,1.72,34.48,3561.06
Atelier,Fundraiser,12,1963,Coworking Space,New York,20,1.3,12,Bicycle,432.7,356,Non-Vegetarian,1963,14.99,29.7,7115.88
Networking,Board Meeting,43,1625,Convention Center,Dubai,45,1.08,43,Bus,83.01,483,Vegetarian,1625,10.87,18.08,5945.93
Seminar,Corporate Training,10,762,Outdoor,Sydney,22,1.43,10,Train,299.41,438,Mixed,762,13.77,29.78,7395.06
Board Meeting,Seminar,6,1634,Hotel,New York,38,1.2,6,Bicycle,220.45,458,Vegan,1634,19.67,29.89,1869.92
Networking Event,Fundraiser,13,43,Outdoor,Tokyo,21,0.66,13,Plane,223.76,375,Vegan,43,13.16,7.5,21151.91
Lancement de Produit,Product Launch,9,800,Hotel,Paris,22,0.7,9,Car,363.24,386,Non-Vegetarian,800,14.07,21.02,32383.71
Trade Show,Seminar,21,217,Coworking Space,Sydney,38,1.56,21,Car,168.89,253,Vegan,217,10.95,13.15,9860.77
Seminar,Workshop,11,840,Coworking Space,New York,18,1.6,11,Plane,400.0,132,Non-Vegetarian,840,9.11,18.33,16353.28
Lancement de Produit,Board Meeting,43,1218,Office,Paris,20,1.44,43,Train,467.1,369,Non-Vegetarian,1218,7.59,14.29,11820.36
Product Launch,Team Building,34,209,Convention Center,London,39,1.04,34,Bus,100.0,131,Non-Vegetarian,209,18.43,44.54,2332.96
Conférence,Fundraiser,41,1762,Coworking Space,New York,45,0.23,41,Bicycle,379.79,32,Vegetarian,1762,13.06,48.22,2977.74
Trade Show,Fundraiser,47,1515,Office,London,23,1.09,47,Walking,24.24,342,Vegetarian,1515,17.52,43.05,2982.78
Team Building,Seminar,42,613,Convention Center,Sydney,36,1.11,42,Car,158.22,23,Vegetarian,613,18.46,39.67,2639.12
Board Meeting,Team Building,36,961,Office,Berlin,8,1.2,36,Bicycle,106.6,288,Mixed,961,19.34,32.03,2678.04
Formation,Fundraiser,41,956,Coworking Space,Berlin,12,1.99,41,Car,134.16,161,Non-Vegetarian,956,13.98,1.18,8401.81
Formation,Board Meeting,17,1028,Outdoor,London,50,0.26,17,Car,117.45,340,Vegetarian,1028,15.87,30.95,10132.07
Board Meeting,Seminar,13,280,Office,Tokyo,50,1.27,13,Bus,433.35,118,Vegan,280,8.06,6.59,3790.17
Seminar,Trade Show,26,228,Coworking Space,Tokyo,16,1.59,26,Bicycle,362.64,137,Non-Vegetarian,228,8.32,12.96,1171.28
Trade Show,Workshop,9,1713,Coworking Space,Dubai,28,1.82,9,Bus,229.97,388,Mixed,1713,7.22,35.91,9951.78
Workshop,Networking Event,11,659,Outdoor,Sydney,34,1.53,11,Car,6.99,23,Vegetarian,659,17.68,40.36,1424.45
Séminaire,Corporate Training,5,1373,Outdoor,London,46,1.21,5,Car,225.82,380,Vegetarian,1373,2.28,36.45,20296.55
Trade Show,Corporate Training,36,554,Office,New York,34,0.51,36,Bicycle,122.05,479,Non-Vegetarian,554,1.6,2.45,2259.22
Networking,Product Launch,13,937,Hotel,Tokyo,37,0.8,13,Plane,99.84,270,Mixed,937,15.28,28.76,9362.18
Workshop,Trade Show,41,222,Convention Center,Dubai,31,1.74,41,Train,368.37,485,Non-Vegetarian,222,10.74,48.02,9146.67
Lancement de Produit,Networking Event,34,1601,Coworking Space,Berlin,50,1.75,34,Plane,234.21,416,Vegetarian,1601,13.59,32.32,28338.66
Événement de Bienfaisance,Product Launch,16,871,Hotel,Paris,38,0.23,16,Train,69.77,49,Vegetarian,871,11.05,43.89,1623.05
Corporate Training,Conference,29,319,Outdoor,London,37,0.3,29,Plane,355.06,369,Mixed,319,0.88,35.0,33784.5
Réunion du Conseil,Board Meeting,36,1537,Hotel,Dubai,20,1.22,36,Train,118.17,488,Vegan,1537,16.3,10.59,4336.66
Atelier,Conference,48,501,Convention Center,Tokyo,48,1.82,48,Train,161.65,289,Mixed,501,6.21,4.02,5238.27
Atelier,Seminar,9,1679,Hotel,Sydney,46,1.46,9,Bus,123.23,345,Vegan,1679,14.12,47.04,4654.4
Conférence,Board Meeting,40,1702,Office,Dubai,46,0.1,40,Plane,493.64,215,Non-Vegetarian,1702,19.85,14.77,32651.39
Product Launch,Conference,40,208,Outdoor,Berlin,25,0.82,40,Bicycle,29.3,454,Vegetarian,208,10.57,30.67,804.48
Lancement de Produit,Product Launch,11,1639,Convention Center,London,32,1.13,11,Plane,12.11,424,Vegetarian,1639,16.62,34.01,4042.3
Trade Show,Board Meeting,37,419,Convention Center,London,12,1.65,37,Plane,38.13,440,Non-Vegetarian,419,5.52,11.34,6060.82
Réunion du Conseil,Seminar,29,627,Convention Center,Berlin,50,0.55,29,Bicycle,167.52,208,Vegetarian,627,3.73,13.79,1374.29
Séminaire,Product Launch,34,343,Office,Sydney,9,0.24,34,Car,109.78,340,Mixed,343,9.96,4.75,8761.93
Team Building,Team Building,29,1548,Convention Center,Sydney,43,0.35,29,Car,359.8,449,Non-Vegetarian,1548,12.99,47.72,39683.19
Product Launch,Corporate Training,36,1700,Outdoor,Sydney,14,1.91,36,Train,365.09,116,Mixed,1700,5.35,2.89,6441.82
Networking Event,Fundraiser,24,101,Coworking Space,Sydney,16,1.12,24,Train,179.87,296,Non-Vegetarian,101,18.61,37.89,2811.2
Formation,Workshop,6,1375,Convention Center,Sydney,7,1.88,6,Bus,285.69,228,Vegan,1375,12.81,18.89,5386.12
Trade Show,Product Launch,10,1698,Hotel,Paris,32,1.29,10,Bus,340.48,193,Mixed,1698,19.25,38.3,8509.26
Board Meeting,Product Launch,8,551,Convention Center,Sydney,21,1.82,8,Plane,210.51,252,Non-Vegetarian,551,10.41,10.59,15385.51
Corporate Training,Product Launch,16,885,Coworking Space,Dubai,11,0.91,16,Train,489.33,300,Vegan,885,15.1,48.77,6964.78
Conference,Networking Event,28,227,Outdoor,Dubai,25,1.46,28,Car,356.09,224,Vegan,227,14.84,1.29,17520.73
Seminar,Networking Event,9,1094,Coworking Space,Paris,41,0.39,9,Car,298.49,42,Vegetarian,1094,16.15,39.7,4457.34
Atelier,Team Building,35,758,Office,Dubai,13,0.89,35,Walking,102.03,367,Vegetarian,758,18.73,43.98,1464.89
Seminar,Seminar,4,1086,Coworking Space,Dubai,16,1.34,4,Car,366.3,391,Mixed,1086,11.65,46.92,32951.91
Product Launch,Seminar,25,1991,Outdoor,New York,48,0.42,25,Bus,180.31,102,Vegetarian,1991,3.32,30.52,4409.68
Lancement de Produit,Team Building,7,266,Coworking Space,Berlin,8,1.8,7,Bicycle,424.37,76,Non-Vegetarian,266,2.82,48.34,1083.72
Séminaire,Team Building,28,1833,Coworking Space,New York,18,1.2,28,Walking,326.07,404,Non-Vegetarian,1833,3.7,12.64,6750.58
Conférence,Networking Event,40,59,Office,London,27,1.24,40,Train,269.06,124,Vegetarian,59,10.04,4.47,2121.66
Team Building,Corporate Training,29,1410,Coworking Space,Dubai,13,1.12,29,Plane,157.44,231,Mixed,1410,4.78,39.56,12916.96
Board Meeting,Workshop,11,1615,Outdoor,Sydney,20,1.19,11,Bicycle,386.1,96,Vegetarian,1615,4.25,49.28,2660.46
Corporate Training,Conference,19,420,Convention Center,Sydney,49,1.02,19,Train,309.66,464,Vegetarian,420,2.77,49.75,6957.14
Corporate Training,Trade Show,35,68,Outdoor,London,50,0.25,35,Bicycle,170.12,461,Non-Vegetarian,68,17.48,11.73,515.17
Seminar,Board Meeting,4,1244,Outdoor,New York,23,1.99,4,Bus,23.93,231,Mixed,1244,10.85,11.5,3577.91
Seminar,Trade Show,18,1368,Office,Tokyo,41,1.01,18,Plane,386.5,111,Mixed,1368,17.85,22.13,14598.02
Product Launch,Fundraiser,7,1289,Convention Center,Tokyo,46,1.17,7,Car,462.81,408,Mixed,1289,14.51,38.48,43170.41
Lancement de Produit,Product Launch,44,1761,Coworking Space,Tokyo,17,0.94,44,Car,436.72,291,Vegan,1761,19.54,29.48,28898.56
Corporate Training,Corporate Training,32,1959,Office,Dubai,41,1.91,32,Bus,442.02,469,Vegan,1959,15.77,2.68,15687.3
Conference,Team Building,27,743,Outdoor,London,43,1.35,27,Bus,118.59,192,Mixed,743,5.52,35.21,4088.79
Trade Show,Trade Show,7,1309,Convention Center,Berlin,37,0.54,7,Plane,107.76,223,Mixed,1309,16.39,20.67,9424.17
Fundraiser,Team Building,17,1157,Convention Center,Sydney,49,1.64,17,Car,438.74,233,Non-Vegetarian,1157,18.61,41.49,26320.31
Team Building,Team Building,18,979,Hotel,Paris,7,1.91,18,Plane,378.77,469,Mixed,979,10.5,9.61,47018.83
Workshop,Product Launch,29,1935,Coworking Space,Sydney,49,1.98,29,Bus,153.38,170,Non-Vegetarian,1935,6.61,48.08,9853.15
Corporate Training,Team Building,16,473,Hotel,Tokyo,27,0.38,16,Train,111.78,128,Non-Vegetarian,473,17.88,19.18,2384.01
Workshop,Corporate Training,40,1263,Office,New York,10,0.48,40,Bicycle,244.33,234,Mixed,1263,18.25,2.72,3295.44
Conference,Team Building,1,1456,Convention Center,Berlin,23,1.65,1,Walking,336.1,168,Non-Vegetarian,1456,16.9,49.4,5247.58
Événement de Bienfaisance,Board Meeting,21,341,Outdoor,Sydney,26,0.86,21,Bicycle,317.69,174,Vegan,341,13.91,30.0,663.6
Lancement de Produit,Board Meeting,11,1756,Coworking Space,New York,26,0.56,11,Bicycle,390.35,191,Vegan,1756,3.38,37.48,1917.8
Trade Show,Networking Event,7,520,Office,Dubai,23,1.0,7,Train,185.86,41,Vegetarian,520,9.23,39.32,1262.41
Trade Show,Fundraiser,37,802,Hotel,Paris,47,1.03,37,Bicycle,152.2,59,Vegetarian,802,8.2,42.43,2199.85
Réunion du Conseil,Board Meeting,18,1297,Hotel,Dubai,48,0.17,18,Train,263.34,280,Non-Vegetarian,1297,11.62,2.79,7591.17
Conférence,Board Meeting,42,1631,Office,Dubai,30,1.96,42,Bicycle,178.25,281,Vegetarian,1631,12.82,35.88,3778.7
Fundraiser,Corporate Training,26,1242,Coworking Space,Berlin,21,0.22,26,Walking,323.62,307,Mixed,1242,3.83,18.31,3209.34
Conférence,Workshop,26,1074,Hotel,Paris,29,0.85,26,Bicycle,75.82,121,Vegetarian,1074,16.89,41.25,2047.73
Networking,Conference,3,977,Convention Center,Tokyo,28,0.17,3,Car,368.29,104,Vegetarian,977,19.41,14.2,9583.31
Workshop,Seminar,45,85,Outdoor,London,27,1.0,45,Walking,168.24,435,Non-Vegetarian,85,11.17,2.3,931.94
Team Building,Product Launch,38,1115,Coworking Space,Paris,39,1.4,38,Walking,303.04,74,Vegan,1115,2.89,11.02,2180.22
Séminaire,Conference,33,190,Convention Center,Sydney,35,0.87,33,Bus,499.0,371,Mixed,190,8.34,31.78,12165.4
Networking Event,Corporate Training,6,1358,Hotel,Tokyo,45,1.17,6,Walking,7.84,373,Mixed,1358,1.36,15.14,3585.95
Réunion du Conseil,Corporate Training,25,225,Convention Center,Sydney,37,1.65,25,Car,8.82,475,Non-Vegetarian,225,3.14,4.36,2445.42
Conférence,Team Building,15,931,Outdoor,Dubai,17,1.15,15,Car,442.93,466,Non-Vegetarian,931,19.58,21.71,46832.83
Corporate Training,Team Building,2,348,Office,Dubai,17,0.78,2,Plane,70.57,347,Non-Vegetarian,348,13.69,5.25,7391.09
Board Meeting,Networking Event,32,1757,Office,Sydney,11,0.82,32,Bicycle,341.81,220,Vegan,1757,4.1,41.83,1993.18
Conference,Seminar,31,950,Convention Center,London,20,1.34,31,Walking,272.21,328,Vegetarian,950,10.24,24.69,1910.26
Workshop,Workshop,18,85,Outdoor,Sydney,7,0.47,18,Car,332.05,88,Vegetarian,85,4.46,13.9,6330.11
Conférence,Product Launch,22,894,Convention Center,Tokyo,15,0.86,22,Bicycle,375.45,358,Vegetarian,894,4.58,27.7,1547.46
Corporate Training,Corporate Training,28,681,Convention Center,Sydney,27,1.86,28,Bicycle,462.98,367,Vegan,681,14.5,17.36,1447.8
Corporate Training,Workshop,14,1445,Outdoor,London,9,1.5,14,Bus,193.71,74,Vegetarian,1445,13.27,11.4,3171.41
Seminar,Team Building,44,1454,Convention Center,Paris,26,1.72,44,Car,426.85,448,Vegetarian,1454,4.81,24.12,43380.75
Trade Show,Product Launch,7,578,Coworking Space,Berlin,44,0.75,7,Walking,137.87,98,Vegan,578,10.22,38.15,790.24
Formation,Board Meeting,14,1858,Coworking Space,Sydney,50,1.05,14,Train,23.21,306,Vegan,1858,13.07,49.13,2633.99
Lancement de Produit,Team Building,25,748,Office,Sydney,8,1.6,25,Train,199.81,274,Non-Vegetarian,748,6.45,31.89,5044.6
Workshop,Seminar,33,189,Coworking Space,New York,36,0.23,33,Train,335.06,39,Mixed,189,18.39,8.35,1185.29
Networking Event,Board Meeting,16,1951,Office,Sydney,24,1.23,16,Walking,190.91,444,Vegetarian,1951,1.04,17.39,3199.52
Corporate Training,Workshop,33,179,Coworking Space,London,33,1.16,33,Car,31.62,467,Vegan,179,19.44,9.09,3968.65
Networking Event,Team Building,32,395,Office,Sydney,38,1.84,32,Car,62.31,204,Vegan,395,1.69,28.65,4243.76
Board Meeting,Board Meeting,14,1910,Hotel,Paris,27,1.77,14,Bus,439.15,23,Vegetarian,1910,19.19,32.2,3908.34
Conférence,Product Launch,26,145,Convention Center,Tokyo,8,1.32,26,Walking,463.27,304,Vegan,145,18.27,7.59,334.0
Séminaire,Corporate Training,9,420,Office,Sydney,43,1.77,9,Train,478.59,159,Vegetarian,420,7.28,12.64,4056.17
Conférence,Conference,39,624,Office,Dubai,49,0.32,39,Walking,150.24,376,Non-Vegetarian,624,12.85,46.26,2607.98
Séminaire,Corporate Training,13,1198,Outdoor,Dubai,5,1.32,13,Plane,395.73,262,Vegan,1198,14.26,40.95,27271.64
Lancement de Produit,Product Launch,11,981,Hotel,London,36,1.15,11,Plane,95.61,12,Vegetarian,981,9.31,30.2,2065.05
Réunion du Conseil,Networking Event,35,1339,Hotel,Sydney,11,1.17,35,Train,408.69,271,Mixed,1339,9.57,49.57,8121.2
Séminaire,Conference,38,221,Outdoor,London,44,0.49,38,Car,401.39,68,Mixed,221,2.72,2.04,6703.51
Fundraiser,Team Building,12,1047,Office,New York,50,0.85,12,Bicycle,422.19,126,Vegetarian,1047,15.57,5.92,1868.48
Lancement de Produit,Board Meeting,31,1414,Office,Sydney,27,0.51,31,Bicycle,66.35,87,Vegan,1414,7.68,10.18,1663.15
Product Launch,Fundraiser,1,457,Hotel,New York,13,0.16,1,Train,357.5,292,Non-Vegetarian,457,4.62,40.35,5866.08
Réunion du Conseil,Conference,24,1479,Outdoor,New York,11,0.68,24,Bus,96.96,368,Vegetarian,1479,18.88,39.36,4565.62
Conference,Seminar,23,1993,Coworking Space,Tokyo,28,1.27,23,Plane,490.17,312,Non-Vegetarian,1993,2.9,10.26,45644.02
Trade Show,Team Building,31,1137,Coworking Space,Dubai,35,0.61,31,Bus,89.57,200,Mixed,1137,13.49,31.98,4339.2
Fundraiser,Networking Event,13,363,Outdoor,New York,26,0.55,13,Plane,239.7,371,Mixed,363,16.43,37.18,23339.85
Product Launch,Team Building,1,1277,Convention Center,Tokyo,20,1.23,1,Bicycle,440.9,266,Mixed,1277,12.28,1.74,3232.84
Networking,Workshop,31,1238,Hotel,London,45,0.12,31,Walking,412.09,107,Vegan,1238,8.87,31.47,1402.38
Conference,Trade Show,3,815,Office,Paris,29,0.4,3,Bus,39.16,150,Vegan,815,6.63,34.39,1266.88
Corporate Training,Corporate Training,33,185,Convention Center,Berlin,25,1.0,33,Bus,41.67,144,Vegan,185,18.34,41.18,1076.57
Workshop,Fundraiser,35,100,Convention Center,Berlin,50,1.52,35,Plane,391.67,341,Mixed,100,7.09,26.08,35036.21
Networking,Product Launch,13,99,Hotel,Berlin,26,1.93,13,Car,304.46,307,Mixed,99,15.26,39.54,20311.81
Seminar,Fundraiser,23,1747,Coworking Space,Dubai,46,1.75,23,Car,233.41,458,Mixed,1747,13.25,16.23,27801.58
Product Launch,Fundraiser,35,727,Coworking Space,Paris,18,1.28,35,Bus,279.22,61,Mixed,727,18.93,36.06,3352.63
Atelier,Conference,33,793,Convention Center,Sydney,16,1.23,33,Bicycle,55.39,442,Non-Vegetarian,793,8.12,33.7,3183.86
Formation,Board Meeting,31,1767,Hotel,Berlin,8,1.41,31,Car,424.59,63,Vegan,1767,11.41,28.33,7638.65
Fundraiser,Networking Event,22,1361,Outdoor,New York,25,0.91,22,Train,451.49,334,Non-Vegetarian,1361,19.95,16.3,11118.16
Réunion du Conseil,Corporate Training,23,210,Hotel,Dubai,24,1.32,23,Bus,361.11,251,Vegetarian,210,5.09,11.03,6149.88
Seminar,Team Building,35,132,Coworking Space,Paris,44,1.83,35,Car,164.37,452,Mixed,132,11.52,15.54,17395.22
Product Launch,Corporate Training,45,1214,Office,Dubai,7,0.3,45,Bicycle,463.89,419,Vegetarian,1214,6.65,36.34,1954.23
Trade Show,Board Meeting,15,1096,Coworking Space,Sydney,15,1.38,15,Bicycle,275.03,299,Vegetarian,1096,14.75,26.38,1881.51
Événement de Bienfaisance,Board Meeting,26,1193,Outdoor,Berlin,23,1.22,26,Train,281.8,433,Mixed,1193,13.82,29.9,8315.5
Conference,Workshop,28,1855,Outdoor,London,26,0.38,28,Walking,265.24,361,Mixed,1855,8.74,49.42,4892.14
Seminar,Trade Show,7,1880,Office,Dubai,10,1.39,7,Bus,85.65,340,Non-Vegetarian,1880,8.9,20.65,8435.01
Réunion du Conseil,Corporate Training,46,868,Office,Tokyo,37,0.98,46,Train,142.43,82,Non-Vegetarian,868,10.11,47.99,4455.35
Networking,Team Building,13,561,Office,Sydney,49,1.72,13,Car,219.25,322,Vegan,561,3.21,24.7,15990.32
Corporate Training,Fundraiser,47,742,Outdoor,Tokyo,50,0.59,47,Bicycle,314.31,280,Mixed,742,8.31,19.95,2604.77
Réunion du Conseil,Board Meeting,44,322,Outdoor,Sydney,14,0.14,44,Bus,110.89,162,Mixed,322,18.09,9.83,1981.81
Workshop,Fundraiser,17,1358,Convention Center,Dubai,20,0.97,17,Car,79.45,102,Vegetarian,1358,2.32,32.35,3973.06
Formation,Team Building,2,1507,Office,Berlin,22,0.3,2,Walking,31.09,127,Vegetarian,1507,10.22,22.34,2332.22
Lancement de Produit,Product Launch,15,966,Hotel,Tokyo,30,0.61,15,Train,333.44,387,Non-Vegetarian,966,19.33,5.64,8729.84
Seminar,Product Launch,17,1708,Office,London,43,1.67,17,Plane,290.74,407,Vegetarian,1708,5.13,34.4,32834.24
Conférence,Trade Show,11,310,Coworking Space,Dubai,17,0.35,11,Car,406.26,157,Non-Vegetarian,310,3.09,16.01,14550.32
Seminar,Product Launch,43,1744,Outdoor,Tokyo,25,0.48,43,Train,125.99,462,Non-Vegetarian,1744,10.73,25.71,8763.18
Workshop,Fundraiser,43,517,Convention Center,Tokyo,24,1.47,43,Bicycle,476.71,250,Vegetarian,517,16.74,3.23,1573.96
Board Meeting,Networking Event,21,1910,Office,Dubai,38,1.03,21,Train,293.15,420,Vegan,1910,8.0,14.09,7290.07
Board Meeting,Board Meeting,17,767,Office,London,8,1.25,17,Bicycle,398.26,161,Vegan,767,17.82,12.34,912.32
Lancement de Produit,Product Launch,42,833,Coworking Space,London,10,0.86,42,Plane,384.31,145,Vegan,833,3.53,34.99,15021.88
Atelier,Networking Event,11,1227,Coworking Space,Berlin,5,0.19,11,Bicycle,124.07,55,Vegetarian,1227,3.47,20.05,1892.76
Networking Event,Board Meeting,16,944,Hotel,Berlin,46,0.51,16,Car,108.36,308,Vegan,944,10.29,23.35,8207.68
Réunion du Conseil,Board Meeting,42,1791,Outdoor,Berlin,25,1.66,42,Walking,114.89,17,Non-Vegetarian,1791,19.3,49.01,7276.62
Événement de Bienfaisance,Seminar,36,1967,Hotel,London,41,0.23,36,Bus,170.75,368,Vegan,1967,2.93,2.5,5917.76
Lancement de Produit,Product Launch,30,984,Coworking Space,Dubai,14,0.23,30,Train,467.87,429,Mixed,984,17.5,4.67,10581.29
Conference,Product Launch,4,1618,Convention Center,Sydney,37,1.41,4,Bus,431.6,251,Mixed,1618,13.6,32.14,10740.72
Événement de Bienfaisance,Conference,41,363,Convention Center,Tokyo,49,0.97,41,Plane,113.71,475,Mixed,363,9.26,17.73,15438.91
Networking Event,Seminar,18,699,Office,New York,40,1.63,18,Bicycle,164.13,355,Vegetarian,699,15.58,22.11,1710.68
Networking Event,Team Building,21,1969,Coworking Space,Berlin,33,1.8,21,Plane,481.41,406,Mixed,1969,3.86,35.99,54489.01
Team Building,Networking Event,5,1748,Outdoor,London,11,0.73,5,Train,252.27,180,Non-Vegetarian,1748,3.21,25.27,8011.38
Workshop,Seminar,44,448,Outdoor,Berlin,31,1.3,44,Walking,22.8,41,Vegetarian,448,18.83,35.96,1668.18
Seminar,Corporate Training,47,1380,Convention Center,New York,41,1.94,47,Walking,492.62,297,Non-Vegetarian,1380,15.86,21.01,6772.93
Team Building,Product Launch,15,1928,Convention Center,New York,28,1.64,15,Train,282.6,116,Vegetarian,1928,14.0,21.88,4619.42
Workshop,Product Launch,32,994,Outdoor,Berlin,11,1.01,32,Car,477.5,336,Non-Vegetarian,994,5.52,25.16,37410.52
Networking Event,Product Launch,44,1818,Coworking Space,Tokyo,31,0.27,44,Plane,37.11,87,Vegetarian,1818,17.99,49.8,3853.86
Networking Event,Board Meeting,1,1588,Outdoor,New York,27,1.1,1,Walking,351.91,311,Non-Vegetarian,1588,14.39,9.9,5621.43
Réunion du Conseil,Workshop,44,240,Convention Center,Dubai,25,0.73,44,Car,321.44,28,Non-Vegetarian,240,5.37,27.1,3196.51
Conférence,Trade Show,11,1363,Outdoor,Tokyo,14,1.21,11,Bicycle,472.01,408,Vegetarian,1363,2.96,42.62,2228.83
Atelier,Fundraiser,6,824,Office,Tokyo,48,0.49,6,Plane,256.27,355,Vegan,824,4.17,22.43,23691.72
Séminaire,Workshop,29,736,Coworking Space,Paris,41,0.92,29,Car,357.25,200,Vegetarian,736,18.13,37.18,16766.06
Conference,Product Launch,36,1619,Convention Center,Berlin,37,0.55,36,Plane,161.33,77,Vegan,1619,2.25,11.9,5119.2
Networking Event,Corporate Training,36,1929,Coworking Space,Berlin,26,0.59,36,Bicycle,10.78,57,Vegetarian,1929,9.36,7.74,3203.82
Trade Show,Fundraiser,24,1758,Hotel,London,30,0.25,24,Car,415.21,257,Non-Vegetarian,1758,18.79,23.67,28736.8
Formation,Conference,46,1851,Office,Paris,31,1.15,46,Walking,180.77,130,Mixed,1851,8.34,23.32,5510.77
Networking Event,Corporate Training,15,1523,Office,Tokyo,16,0.78,15,Car,472.73,16,Vegetarian,1523,18.9,27.98,4060.23
Seminar,Workshop,12,1520,Convention Center,Berlin,10,0.98,12,Bus,334.66,53,Vegetarian,1520,17.58,18.48,3475.14
Workshop,Corporate Training,21,141,Convention Center,Sydney,43,1.03,21,Car,174.37,273,Mixed,141,1.2,31.02,10878.62
Atelier,Trade Show,6,1537,Coworking Space,Tokyo,27,0.38,6,Walking,96.8,29,Vegan,1537,2.18,13.02,1598.18
Conférence,Corporate Training,23,251,Office,Sydney,8,0.4,23,Bus,360.47,211,Non-Vegetarian,251,1.26,33.78,5548.93
Réunion du Conseil,Board Meeting,28,472,Office,Dubai,12,1.63,28,Plane,44.84,269,Non-Vegetarian,472,1.31,20.81,4985.57
Fundraiser,Trade Show,31,1602,Outdoor,Berlin,49,1.12,31,Walking,99.71,127,Mixed,1602,12.36,12.18,4904.72
Trade Show,Team Building,36,557,Convention Center,Berlin,49,0.56,36,Plane,192.05,281,Vegan,557,5.69,40.04,14633.89
Fundraiser,Workshop,45,106,Coworking Space,Dubai,10,1.71,45,Plane,211.57,358,Vegan,106,8.16,17.3,19477.18
Networking Event,Networking Event,1,1147,Coworking Space,Sydney,45,1.12,1,Train,326.27,68,Vegan,1147,4.04,21.8,2111.33
Événement de Bienfaisance,Networking Event,33,1056,Convention Center,Paris,13,0.28,33,Car,434.83,379,Non-Vegetarian,1056,0.55,8.96,38383.2
Séminaire,Product Launch,36,1356,Hotel,Tokyo,44,1.2,36,Train,222.87,287,Non-Vegetarian,1356,9.89,19.03,8312.79
Workshop,Conference,25,691,Office,Berlin,8,0.5,25,Car,67.31,272,Mixed,691,1.14,29.14,5682.81
Trade Show,Networking Event,18,1605,Hotel,New York,39,0.42,18,Bicycle,164.38,141,Vegan,1605,12.61,17.1,1811.84
Networking,Product Launch,47,1756,Coworking Space,Tokyo,18,0.61,47,Plane,268.91,65,Vegetarian,1756,11.53,3.39,7291.66
Corporate Training,Trade Show,26,1747,Office,New York,48,0.22,26,Walking,6.51,154,Mixed,1747,7.91,10.41,4541.42
Événement de Bienfaisance,Workshop,1,36,Office,Paris,28,1.04,1,Plane,372.36,140,Mixed,36,9.06,11.33,13177.94
Networking,Fundraiser,3,1295,Office,Dubai,36,0.26,3,Train,496.64,341,Non-Vegetarian,1295,10.25,28.24,11397.69
Atelier,Conference,37,651,Hotel,Paris,30,1.15,37,Plane,96.59,451,Vegan,651,14.71,25.2,12259.59
Formation,Product Launch,10,322,Hotel,Paris,40,0.3,10,Plane,341.86,456,Mixed,322,5.03,17.09,39881.28
Workshop,Seminar,2,973,Convention Center,London,24,1.23,2,Car,450.22,86,Vegan,973,2.78,1.0,9141.05
Corporate Training,Seminar,30,903,Convention Center,New York,39,1.91,30,Bus,325.68,213,Mixed,903,12.82,13.5,7589.68
Événement de Bienfaisance,Corporate Training,16,182,Coworking Space,Paris,22,1.93,16,Bicycle,373.32,448,Vegetarian,182,9.81,44.62,721.54
Fundraiser,Product Launch,22,460,Outdoor,Paris,43,0.12,22,Train,9.48,429,Mixed,460,4.61,31.17,1441.0
Événement de Bienfaisance,Team Building,19,1246,Outdoor,Tokyo,10,1.25,19,Plane,166.57,98,Vegetarian,1246,11.7,44.17,6180.45
Corporate Training,Fundraiser,18,594,Office,Dubai,29,1.74,18,Bicycle,455.43,437,Vegetarian,594,8.96,39.54,1442.14
Seminar,Corporate Training,37,1593,Coworking Space,New York,41,1.71,37,Plane,10.3,428,Vegetarian,1593,10.1,33.97,4876.78
Workshop,Board Meeting,24,1194,Coworking Space,New York,30,1.41,24,Train,231.87,374,Mixed,1194,18.02,24.08,7045.58
Seminar,Team Building,21,999,Hotel,London,13,0.24,21,Walking,459.43,34,Vegan,999,16.87,17.88,1101.26
Workshop,Board Meeting,4,714,Convention Center,Dubai,45,0.39,4,Bus,246.99,203,Mixed,714,12.47,47.85,4949.08
Fundraiser,Trade Show,23,1430,Outdoor,Sydney,23,0.87,23,Walking,61.21,251,Non-Vegetarian,1430,5.23,9.61,5264.8
Product Launch,Trade Show,47,691,Office,New York,33,1.11,47,Bicycle,16.9,24,Vegan,691,17.28,47.68,1681.73
Trade Show,Conference,17,1995,Office,Sydney,33,1.02,17,Walking,469.82,358,Mixed,1995,11.74,44.42,5385.93
Corporate Training,Networking Event,29,404,Hotel,London,13,0.35,29,Bus,449.0,287,Vegan,404,10.71,3.46,8230.1
Événement de Bienfaisance,Seminar,27,336,Coworking Space,Tokyo,9,1.59,27,Bicycle,235.66,222,Non-Vegetarian,336,9.51,23.75,1435.7
Networking Event,Workshop,28,366,Outdoor,London,27,1.47,28,Train,249.79,271,Mixed,366,12.4,37.2,4277.58
Networking,Seminar,23,1075,Convention Center,Sydney,41,1.7,23,Walking,117.18,317,Vegetarian,1075,1.19,24.32,2465.07
Workshop,Team Building,43,200,Convention Center,Paris,43,0.67,43,Train,133.68,57,Non-Vegetarian,200,18.98,41.97,1746.11
Networking Event,Conference,4,108,Office,London,28,0.49,4,Plane,175.6,113,Non-Vegetarian,108,13.04,4.98,5402.18
Workshop,Conference,27,1065,Outdoor,Sydney,29,1.85,27,Car,87.13,39,Vegetarian,1065,3.33,1.14,3044.31
Formation,Team Building,34,925,Office,Berlin,27,0.35,34,Walking,93.45,179,Vegetarian,925,9.4,42.4,1651.75
Team Building,Product Launch,10,614,Office,Berlin,25,1.76,10,Bicycle,484.99,35,Vegan,614,6.74,38.53,924.54
Board Meeting,Team Building,18,375,Outdoor,Paris,25,0.53,18,Plane,116.78,412,Non-Vegetarian,375,0.58,41.17,13543.59
Formation,Networking Event,43,1970,Outdoor,Dubai,8,0.61,43,Bicycle,78.68,459,Non-Vegetarian,1970,19.45,14.83,7068.48
Product Launch,Corporate Training,20,1709,Outdoor,Tokyo,33,0.2,20,Plane,418.09,40,Non-Vegetarian,1709,4.47,29.1,10295.54
Board Meeting,Board Meeting,31,437,Hotel,London,47,1.03,31,Bicycle,171.06,205,Vegetarian,437,7.49,45.11,1511.06
Lancement de Produit,Team Building,29,1017,Convention Center,Sydney,28,0.92,29,Plane,101.56,45,Vegetarian,1017,6.36,10.42,3075.13
Networking Event,Team Building,44,158,Hotel,New York,41,0.74,44,Walking,415.45,241,Vegan,158,14.76,22.15,899.3
Workshop,Team Building,22,681,Hotel,Berlin,42,1.37,22,Walking,487.21,319,Mixed,681,1.43,11.65,2361.6
Corporate Training,Product Launch,21,572,Convention Center,Dubai,45,0.97,21,Bus,229.3,205,Vegan,572,6.19,36.09,3935.28
Trade Show,Fundraiser,40,1327,Convention Center,Tokyo,33,0.37,40,Train,302.33,367,Vegan,1327,8.37,4.72,6035.58
Networking Event,Board Meeting,39,1462,Outdoor,London,42,0.4,39,Car,318.96,97,Non-Vegetarian,1462,8.81,42.22,12043.88
Conférence,Trade Show,8,306,Hotel,Tokyo,40,0.51,8,Car,438.26,344,Vegan,306,9.1,7.17,32080.04
Réunion du Conseil,Corporate Training,8,1809,Convention Center,Paris,44,1.47,8,Train,450.85,49,Mixed,1809,18.5,19.19,5740.27
Team Building,Board Meeting,30,1841,Coworking Space,London,38,0.1,30,Train,320.54,211,Mixed,1841,3.41,32.9,7437.48
Atelier,Networking Event,7,905,Office,New York,49,1.42,7,Train,234.4,139,Vegan,905,2.88,28.77,2515.09
Trade Show,Corporate Training,46,476,Hotel,Paris,8,1.06,46,Plane,236.28,167,Non-Vegetarian,476,14.15,44.26,11842.55
Workshop,Conference,25,1437,Coworking Space,Paris,27,1.98,25,Car,129.19,43,Non-Vegetarian,1437,18.11,43.29,6987.14
Product Launch,Corporate Training,9,1678,Hotel,London,40,1.54,9,Bicycle,385.53,395,Vegan,1678,1.12,14.91,1987.26
Réunion du Conseil,Conference,17,305,Hotel,Berlin,31,1.43,17,Car,411.81,57,Mixed,305,0.73,38.74,6147.61
Seminar,Fundraiser,45,1228,Outdoor,New York,34,1.65,45,Plane,216.43,333,Non-Vegetarian,1228,16.66,25.87,23663.11
Product Launch,Conference,6,56,Convention Center,Sydney,35,0.79,6,Car,292.49,382,Non-Vegetarian,56,17.37,23.99,23825.22
Conference,Product Launch,45,992,Hotel,Sydney,26,1.24,45,Bicycle,182.55,132,Vegan,992,11.12,21.4,1782.44
Atelier,Trade Show,27,1401,Convention Center,Sydney,36,1.23,27,Plane,139.92,224,Vegan,1401,10.62,3.17,9861.88
Corporate Training,Seminar,13,1885,Coworking Space,New York,37,0.54,13,Bicycle,324.43,318,Mixed,1885,11.3,7.95,4880.87
Fundraiser,Networking Event,26,1051,Outdoor,Dubai,18,0.54,26,Walking,249.79,298,Vegetarian,1051,7.13,28.34,1773.8
Atelier,Team Building,26,1795,Coworking Space,Paris,17,1.28,26,Train,295.99,199,Vegetarian,1795,19.23,32.88,5435.68
Réunion du Conseil,Board Meeting,31,1570,Office,London,17,0.13,31,Train,152.91,437,Mixed,1570,11.06,37.45,6729.14
Networking Event,Conference,44,888,Office,London,46,0.61,44,Walking,303.25,258,Vegan,888,18.22,38.2,1618.16
Trade Show,Board Meeting,24,1027,Office,Tokyo,30,1.72,24,Bicycle,380.89,273,Vegetarian,1027,10.69,28.68,2238.44
Lancement de Produit,Networking Event,5,1618,Convention Center,London,5,1.51,5,Bicycle,103.29,284,Non-Vegetarian,1618,13.8,25.72,5760.91
Événement de Bienfaisance,Board Meeting,40,668,Coworking Space,Tokyo,13,0.99,40,Plane,465.64,116,Vegan,668,2.71,47.06,14528.5
Événement de Bienfaisance,Fundraiser,9,1169,Convention Center,Tokyo,15,1.78,9,Bus,271.81,225,Vegan,1169,0.53,21.77,5003.18
Seminar,Conference,1,784,Hotel,Dubai,50,0.95,1,Walking,42.39,26,Vegetarian,784,5.48,5.13,1220.97
Team Building,Corporate Training,47,653,Convention Center,New York,33,0.19,47,Plane,141.47,234,Non-Vegetarian,653,18.73,13.48,10773.26
Team Building,Conference,5,1657,Coworking Space,London,36,0.27,5,Train,330.03,276,Non-Vegetarian,1657,8.29,49.63,9583.17
Trade Show,Workshop,30,250,Convention Center,Paris,47,1.7,30,Plane,233.48,304,Non-Vegetarian,250,19.05,32.48,19921.04
Board Meeting,Product Launch,36,1589,Convention Center,Tokyo,46,0.93,36,Plane,183.54,311,Non-Vegetarian,1589,14.07,22.02,20673.95
Fundraiser,Corporate Training,32,1811,Office,Sydney,17,0.94,32,Bicycle,268.52,414,Vegetarian,1811,11.17,38.63,3071.78
Seminar,Workshop,29,1226,Convention Center,Tokyo,24,0.35,29,Plane,286.28,293,Vegetarian,1226,13.72,25.29,23008.83
Corporate Training,Networking Event,1,637,Convention Center,New York,11,0.71,1,Bus,264.02,390,Vegan,637,9.87,44.99,6928.69
Workshop,Trade Show,39,17,Outdoor,Berlin,32,1.5,39,Car,427.47,59,Non-Vegetarian,17,11.22,39.09,6392.47
Lancement de Produit,Seminar,24,1529,Convention Center,Tokyo,14,1.02,24,Bicycle,93.08,306,Mixed,1529,15.78,44.13,4113.68
Corporate Training,Product Launch,43,1984,Outdoor,Berlin,39,0.34,43,Train,240.89,131,Mixed,1984,5.34,23.85,6565.73
Conference,Board Meeting,10,407,Coworking Space,Berlin,11,0.66,10,Bicycle,312.01,189,Vegetarian,407,6.55,15.33,690.56
Séminaire,Fundraiser,32,1570,Hotel,London,23,1.62,32,Car,383.92,45,Non-Vegetarian,1570,4.24,26.48,9780.64
Réunion du Conseil,Product Launch,3,1771,Hotel,Dubai,45,1.94,3,Plane,413.95,304,Vegetarian,1771,17.1,3.54,34288.93
Networking Event,Corporate Training,19,947,Convention Center,Tokyo,26,0.98,19,Walking,254.1,137,Non-Vegetarian,947,6.19,48.61,3666.16
Workshop,Team Building,43,1100,Convention Center,Berlin,31,0.76,43,Walking,379.18,217,Non-Vegetarian,1100,15.85,1.27,4390.78
Formation,Board Meeting,8,1978,Hotel,Sydney,34,1.03,8,Walking,321.33,201,Vegan,1978,9.5,24.75,2186.58
Atelier,Fundraiser,40,1278,Coworking Space,Paris,20,0.85,40,Train,110.89,250,Mixed,1278,14.69,49.43,4772.14
Fundraiser,Seminar,30,1759,Convention Center,Tokyo,38,0.17,30,Train,200.47,180,Vegetarian,1759,6.17,2.41,4195.94
Lancement de Produit,Trade Show,36,1950,Hotel,Paris,32,1.67,36,Walking,22.83,397,Vegetarian,1950,9.93,43.9,3994.58
Trade Show,Workshop,9,424,Hotel,London,40,1.08,9,Car,55.36,131,Mixed,424,3.55,26.86,2838.17
Networking,Corporate Training,2,1270,Convention Center,New York,34,0.65,2,Bus,388.35,471,Vegetarian,1270,16.98,7.53,12950.89
Atelier,Seminar,7,1432,Outdoor,Berlin,11,1.02,7,Bicycle,345.93,423,Vegetarian,1432,16.91,15.84,2252.77
Product Launch,Networking Event,29,1211,Office,Berlin,6,1.81,29,Bicycle,413.99,216,Vegetarian,1211,7.5,34.37,2057.71
Conference,Seminar,10,1759,Hotel,Paris,45,0.42,10,Plane,388.01,202,Vegan,1759,12.05,2.39,21476.89
Fundraiser,Conference,8,14,Office,Berlin,46,0.48,8,Bicycle,94.0,492,Mixed,14,10.55,27.08,198.58
Séminaire,Team Building,32,1370,Office,Berlin,10,0.48,32,Car,83.07,12,Vegetarian,1370,4.3,46.45,2442.64
Formation,Conference,37,1833,Hotel,Berlin,50,0.66,37,Bus,199.26,256,Vegetarian,1833,10.5,9.39,6460.41
Board Meeting,Corporate Training,39,706,Convention Center,Dubai,31,0.28,39,Bicycle,105.64,413,Vegetarian,706,5.58,6.55,1252.52
Board Meeting,Seminar,12,1279,Convention Center,Paris,8,1.21,12,Plane,297.02,207,Mixed,1279,12.73,48.27,18748.36
Team Building,Trade Show,14,706,Coworking Space,Tokyo,13,1.09,14,Bus,152.0,52,Non-Vegetarian,706,15.89,36.52,3149.25
Workshop,Team Building,29,1462,Hotel,Paris,27,0.6,29,Car,284.59,211,Mixed,1462,7.08,45.77,16605.78
Formation,Trade Show,15,244,Outdoor,Tokyo,49,1.6,15,Bus,248.94,39,Mixed,244,18.84,15.24,1848.68
Fundraiser,Team Building,35,286,Convention Center,New York,34,1.49,35,Plane,305.27,108,Vegan,286,6.5,45.35,9518.54
Lancement de Produit,Fundraiser,43,565,Outdoor,Tokyo,46,0.68,43,Walking,125.94,256,Non-Vegetarian,565,4.58,9.74,2678.66
Workshop,Conference,25,856,Hotel,Tokyo,10,0.6,25,Walking,231.54,109,Mixed,856,17.01,20.59,2290.2
Formation,Conference,23,436,Hotel,London,35,1.75,23,Car,23.95,487,Mixed,436,4.84,49.56,4352.54
Séminaire,Conference,23,1434,Convention Center,London,19,0.78,23,Plane,361.29,79,Non-Vegetarian,1434,5.09,5.8,12346.69
Networking Event,Seminar,11,1230,Office,Sydney,25,1.53,11,Train,273.94,348,Non-Vegetarian,1230,12.09,19.16,8391.12
Conférence,Networking Event,3,378,Convention Center,Dubai,18,1.19,3,Bicycle,89.44,422,Non-Vegetarian,378,12.54,8.99,1398.19
Séminaire,Corporate Training,9,1116,Office,Tokyo,46,1.35,9,Bus,338.71,385,Non-Vegetarian,1116,19.53,32.18,12113.07
Team Building,Workshop,44,1481,Hotel,New York,9,1.56,44,Walking,318.66,59,Vegetarian,1481,13.42,9.38,2575.98
Product Launch,Fundraiser,5,959,Office,New York,32,1.75,5,Plane,454.85,206,Non-Vegetarian,959,16.74,7.53,26969.82
Seminar,Corporate Training,36,1065,Hotel,New York,24,1.9,36,Bus,275.05,103,Mixed,1065,0.73,26.87,5238.31
Formation,Conference,11,1085,Outdoor,Tokyo,30,1.12,11,Plane,432.4,168,Vegan,1085,6.5,15.56,19474.72
Formation,Product Launch,45,675,Office,New York,24,0.97,45,Car,428.65,381,Mixed,675,17.52,8.77,36560.17
Networking,Fundraiser,26,131,Outdoor,London,37,1.11,26,Bus,265.17,162,Non-Vegetarian,131,5.75,29.13,3639.62
Réunion du Conseil,Conference,39,66,Coworking Space,Berlin,29,0.62,39,Plane,277.03,360,Non-Vegetarian,66,2.11,2.21,25522.95
Conference,Board Meeting,46,432,Outdoor,New York,24,1.54,46,Bus,339.83,251,Vegan,432,6.01,34.15,6480.24
Product Launch,Product Launch,44,1255,Hotel,Paris,19,1.51,44,Bicycle,34.49,338,Mixed,1255,2.08,14.3,3801.44
Événement de Bienfaisance,Team Building,21,1487,Office,Dubai,49,0.58,21,Walking,476.74,180,Non-Vegetarian,1487,19.86,8.78,5560.19
Networking,Board Meeting,15,294,Convention Center,Sydney,45,1.04,15,Bicycle,466.83,194,Non-Vegetarian,294,17.67,16.86,1449.06
Networking Event,Fundraiser,31,851,Hotel,London,40,1.06,31,Walking,396.86,378,Mixed,851,1.29,1.07,2789.42
Conférence,Seminar,1,1836,Convention Center,New York,41,0.59,1,Walking,361.29,146,Vegetarian,1836,19.26,4.9,2814.41
Lancement de Produit,Board Meeting,40,617,Hotel,Paris,22,1.31,40,Train,58.99,275,Mixed,617,9.94,35.81,2859.29
Atelier,Seminar,4,1263,Hotel,Berlin,35,0.33,4,Car,259.42,364,Vegetarian,1263,18.92,15.57,21816.64
Corporate Training,Workshop,30,289,Convention Center,Paris,22,1.4,30,Bus,333.94,362,Vegetarian,289,17.3,17.87,8219.02
Board Meeting,Workshop,46,1261,Hotel,Berlin,34,0.98,46,Bicycle,5.71,464,Vegan,1261,4.95,2.71,2042.68
Seminar,Workshop,43,192,Outdoor,New York,37,0.46,43,Plane,445.35,205,Mixed,192,12.77,20.46,23736.58
Lancement de Produit,Trade Show,15,1863,Convention Center,Berlin,32,1.91,15,Car,395.33,491,Mixed,1863,15.77,28.4,45966.72
Networking Event,Trade Show,37,1573,Outdoor,Sydney,41,1.12,37,Plane,428.05,162,Vegan,1573,18.61,24.49,19844.75
Workshop,Team Building,39,397,Convention Center,Sydney,31,1.26,39,Bicycle,31.28,327,Vegetarian,397,18.36,21.71,1437.31
Networking,Trade Show,8,35,Outdoor,Dubai,15,1.38,8,Walking,495.67,404,Vegan,35,11.83,10.64,162.74
Séminaire,Seminar,23,1933,Hotel,Dubai,33,1.59,23,Bus,69.14,494,Non-Vegetarian,1933,1.62,7.05,9435.55
Atelier,Seminar,26,1106,Convention Center,London,9,0.37,26,Car,294.45,270,Vegetarian,1106,16.29,14.62,18459.42
Événement de Bienfaisance,Networking Event,27,104,Convention Center,Sydney,47,1.95,27,Bicycle,243.94,374,Vegetarian,104,13.95,49.77,1520.71
Team Building,Product Launch,39,687,Convention Center,Dubai,37,0.4,39,Car,370.21,125,Mixed,687,11.1,10.36,11767.03
Séminaire,Corporate Training,39,1692,Hotel,New York,16,1.83,39,Car,175.79,397,Non-Vegetarian,1692,6.26,18.06,21197.21
Corporate Training,Team Building,14,627,Office,Sydney,17,0.3,14,Bicycle,15.36,308,Vegetarian,627,18.44,47.88,1108.84
Séminaire,Conference,40,1331,Office,London,42,1.34,40,Plane,213.64,462,Vegetarian,1331,8.33,16.43,27847.04
Networking,Seminar,38,293,Hotel,New York,40,1.98,38,Bus,4.84,17,Non-Vegetarian,293,15.6,34.25,2634.94
Conference,Fundraiser,45,1588,Coworking Space,Dubai,24,0.76,45,Bus,208.88,10,Mixed,1588,2.38,45.39,4601.27
Fundraiser,Board Meeting,44,1398,Coworking Space,Paris,31,1.78,44,Car,86.75,477,Vegetarian,1398,17.26,15.85,12066.93
Networking Event,Seminar,44,785,Coworking Space,London,11,1.84,44,Train,301.62,449,Vegetarian,785,18.38,23.36,7123.36
Workshop,Corporate Training,9,392,Convention Center,Dubai,11,0.93,9,Train,308.57,292,Mixed,392,11.1,6.32,4664.97
Networking Event,Workshop,1,1290,Coworking Space,New York,25,1.82,1,Train,282.79,89,Vegetarian,1290,5.45,46.41,3068.2
Formation,Networking Event,45,1027,Hotel,Tokyo,25,1.49,45,Plane,128.17,367,Vegan,1027,15.29,13.04,13681.38
Product Launch,Trade Show,25,1788,Convention Center,Berlin,43,1.67,25,Car,202.28,174,Non-Vegetarian,1788,13.73,36.6,14647.6
Team Building,Fundraiser,18,1985,Convention Center,Sydney,41,0.62,18,Train,60.16,83,Non-Vegetarian,1985,10.11,25.04,7446.31
Team Building,Board Meeting,16,498,Office,Berlin,41,1.44,16,Bicycle,272.71,455,Vegetarian,498,8.63,21.22,1279.02
Product Launch,Seminar,30,707,Convention Center,Berlin,25,0.81,30,Bus,259.16,31,Mixed,707,7.16,35.88,2639.37
Conférence,Networking Event,5,531,Coworking Space,Paris,31,1.82,5,Plane,193.68,428,Mixed,531,7.93,12.18,22232.53
Atelier,Board Meeting,25,1608,Office,Paris,10,0.56,25,Car,451.75,231,Mixed,1608,11.22,43.0,26112.83
Atelier,Networking Event,35,350,Convention Center,Paris,30,1.3,35,Bicycle,295.01,397,Vegetarian,350,13.84,44.2,1323.58
Trade Show,Networking Event,31,1686,Convention Center,Tokyo,47,1.42,31,Bus,442.32,387,Mixed,1686,19.91,30.72,15621.4
Événement de Bienfaisance,Networking Event,13,421,Hotel,Paris,29,0.84,13,Car,420.52,123,Vegetarian,421,14.92,35.76,11753.23
Conference,Networking Event,27,1178,Coworking Space,Sydney,23,1.83,27,Plane,463.61,281,Vegetarian,1178,1.6,49.75,35006.52
Atelier,Conference,24,1757,Coworking Space,London,16,1.91,24,Plane,232.81,421,Vegetarian,1757,15.66,42.59,27621.97
Seminar,Conference,22,133,Hotel,New York,17,0.12,22,Bus,4.78,380,Mixed,133,3.03,2.91,475.8
Corporate Training,Workshop,40,1003,Coworking Space,Paris,14,1.48,40,Bus,480.99,134,Mixed,1003,19.92,27.32,6883.54
Réunion du Conseil,Product Launch,24,510,Outdoor,London,9,1.68,24,Car,78.42,448,Vegetarian,510,4.07,27.77,8387.87
Networking Event,Corporate Training,18,784,Convention Center,Sydney,13,1.36,18,Plane,225.84,285,Mixed,784,9.23,26.42,18281.52
Réunion du Conseil,Seminar,5,1858,Outdoor,Dubai,45,1.37,5,Bus,282.42,394,Non-Vegetarian,1858,12.86,15.57,13390.39
Conference,Trade Show,48,868,Coworking Space,Dubai,5,1.51,48,Bicycle,282.88,90,Non-Vegetarian,868,15.5,32.63,3315.46
Team Building,Product Launch,7,896,Convention Center,London,17,1.88,7,Car,165.65,28,Mixed,896,8.32,47.35,3437.22
Réunion du Conseil,Product Launch,18,137,Coworking Space,Berlin,17,1.17,18,Train,128.41,121,Mixed,137,5.92,10.78,1176.41
Corporate Training,Product Launch,18,1101,Outdoor,Paris,9,0.29,18,Train,273.54,471,Mixed,1101,13.83,49.29,8055.72
Conference,Networking Event,17,1502,Hotel,New York,16,0.65,17,Walking,275.16,144,Vegan,1502,6.96,45.59,1695.5
Networking,Fundraiser,20,1783,Outdoor,Dubai,46,0.54,20,Walking,475.29,101,Non-Vegetarian,1783,2.27,40.44,6574.32
Atelier,Board Meeting,31,1993,Hotel,Dubai,40,1.11,31,Train,257.5,184,Non-Vegetarian,1993,14.4,2.33,9592.36
Événement de Bienfaisance,Seminar,18,940,Outdoor,Paris,11,0.43,18,Plane,5.9,221,Mixed,940,6.2,37.57,2806.09
Formation,Seminar,30,1976,Outdoor,Berlin,13,1.2,30,Bicycle,122.73,302,Mixed,1976,8.76,18.07,5227.66
Seminar,Networking Event,45,769,Outdoor,Berlin,6,0.62,45,Plane,307.82,296,Vegan,769,6.55,35.69,23715.86
Networking Event,Team Building,32,269,Coworking Space,Tokyo,11,1.03,32,Car,116.73,152,Non-Vegetarian,269,17.16,48.24,4979.6
Product Launch,Workshop,39,1070,Hotel,New York,28,0.78,39,Car,251.5,255,Vegan,1070,16.53,17.19,15031.14
Workshop,Product Launch,27,883,Convention Center,New York,36,0.51,27,Bicycle,352.95,119,Mixed,883,9.86,49.15,2573.38
Networking Event,Conference,9,1738,Office,Berlin,6,0.25,9,Plane,355.8,393,Vegan,1738,2.31,44.69,36796.1
Lancement de Produit,Board Meeting,25,1206,Hotel,London,35,1.96,25,Walking,223.13,360,Non-Vegetarian,1206,11.98,14.41,5131.28
Product Launch,Workshop,38,1662,Coworking Space,Berlin,44,1.94,38,Train,295.77,216,Vegan,1662,12.0,39.73,5942.75
Événement de Bienfaisance,Networking Event,10,1264,Office,London,33,1.86,10,Train,322.84,382,Vegetarian,1264,11.35,32.5,7223.6
Conference,Trade Show,4,275,Hotel,New York,41,1.62,4,Bus,229.76,165,Vegan,275,3.43,4.95,2699.22
Board Meeting,Seminar,1,1133,Coworking Space,Dubai,38,1.49,1,Car,56.23,232,Vegan,1133,7.09,21.31,3957.64
Réunion du Conseil,Team Building,41,1670,Outdoor,London,32,1.63,41,Train,32.8,433,Non-Vegetarian,1670,14.4,2.39,7515.96
Networking Event,Product Launch,8,1225,Hotel,Sydney,29,0.42,8,Car,365.17,282,Non-Vegetarian,1225,6.3,16.53,26007.25
Conference,Workshop,40,845,Outdoor,Sydney,16,0.67,40,Plane,110.77,366,Vegan,845,3.08,10.42,11221.85
Product Launch,Networking Event,17,246,Coworking Space,Paris,8,1.32,17,Plane,9.03,106,Non-Vegetarian,246,9.08,20.8,1249.82
Lancement de Produit,Trade Show,18,1096,Convention Center,Dubai,33,0.27,18,Bicycle,249.42,78,Vegan,1096,5.96,29.38,1246.87
Séminaire,Conference,9,975,Outdoor,Tokyo,50,1.2,9,Car,80.01,143,Non-Vegetarian,975,12.74,7.36,6125.4
Atelier,Seminar,21,1214,Hotel,Dubai,6,0.11,21,Car,471.98,273,Vegetarian,1214,18.13,46.8,29016.4
Atelier,Team Building,12,1759,Outdoor,Tokyo,34,0.65,12,Walking,128.19,44,Vegan,1759,12.72,16.73,1950.5
Atelier,Seminar,15,222,Outdoor,London,44,1.67,15,Plane,498.44,37,Vegan,222,12.97,3.25,5416.11
Networking Event,Conference,34,1142,Office,Sydney,8,1.37,34,Bus,8.41,171,Vegan,1142,11.46,18.6,1474.73
Networking,Board Meeting,30,871,Hotel,Berlin,49,0.99,30,Bicycle,363.37,466,Vegan,871,0.83,41.76,1683.83
Conference,Fundraiser,2,925,Outdoor,London,15,0.56,2,Plane,237.62,107,Mixed,925,9.02,5.56,8706.4
Team Building,Workshop,35,1926,Convention Center,Sydney,37,1.47,35,Car,325.22,491,Non-Vegetarian,1926,2.05,41.17,41312.7
Networking Event,Team Building,1,166,Hotel,Berlin,41,1.18,1,Plane,381.81,196,Vegan,166,12.83,8.2,18940.94
Corporate Training,Team Building,43,213,Outdoor,Tokyo,14,0.43,43,Plane,72.97,106,Vegan,213,18.06,1.76,2315.77
Workshop,Corporate Training,45,740,Outdoor,Paris,17,0.69,45,Walking,63.7,230,Non-Vegetarian,740,16.93,12.64,2913.07
Product Launch,Workshop,3,677,Coworking Space,Sydney,17,0.65,3,Plane,224.49,73,Vegan,677,8.43,18.41,4844.2
Networking Event,Conference,26,1050,Office,London,34,0.8,26,Walking,487.37,178,Non-Vegetarian,1050,11.61,14.19,4080.2
Networking Event,Corporate Training,3,756,Office,Paris,32,1.05,3,Bus,150.74,148,Non-Vegetarian,756,2.51,32.91,4105.81
Événement de Bienfaisance,Conference,18,643,Hotel,New York,40,0.7,18,Bicycle,468.47,129,Vegan,643,11.89,8.58,935.94
Trade Show,Networking Event,35,1866,Convention Center,Tokyo,40,1.49,35,Bicycle,458.32,158,Mixed,1866,11.37,40.29,5811.32
Product Launch,Board Meeting,8,1697,Outdoor,London,50,0.65,8,Train,10.9,445,Mixed,1697,6.85,26.42,4633.06
Product Launch,Board Meeting,41,1056,Outdoor,Paris,37,0.46,41,Car,187.15,439,Non-Vegetarian,1056,12.6,22.34,21368.15
Conférence,Workshop,23,301,Outdoor,Dubai,24,1.68,23,Bus,268.34,426,Non-Vegetarian,301,18.0,42.02,8495.99
Formation,Workshop,38,156,Coworking Space,Berlin,29,0.11,38,Bus,344.48,245,Non-Vegetarian,156,16.91,21.63,5747.55
Networking Event,Conference,10,1300,Office,Tokyo,23,1.28,10,Car,464.33,483,Vegetarian,1300,1.98,8.08,49214.31
Fundraiser,Product Launch,41,926,Office,Sydney,45,0.47,41,Car,47.8,17,Vegetarian,926,3.67,31.21,2062.98
Team Building,Product Launch,32,789,Office,New York,44,1.53,32,Bus,377.73,19,Vegan,789,17.2,19.25,2369.63
Lancement de Produit,Conference,37,542,Outdoor,Tokyo,20,0.65,37,Train,136.96,137,Vegetarian,542,12.54,28.93,1886.98
Formation,Product Launch,20,1752,Convention Center,Tokyo,49,0.93,20,Car,1.7,155,Mixed,1752,18.39,20.76,4969.34
Networking Event,Trade Show,43,1068,Coworking Space,Dubai,15,1.36,43,Bicycle,115.63,472,Vegetarian,1068,18.5,14.38,2106.36
Fundraiser,Board Meeting,38,1853,Outdoor,Tokyo,30,0.48,38,Plane,356.83,431,Vegetarian,1853,4.99,6.98,41525.47
Networking Event,Corporate Training,21,1003,Outdoor,Dubai,28,0.93,21,Bus,98.03,312,Vegetarian,1003,4.35,34.56,3690.86
Networking Event,Workshop,7,1339,Convention Center,Dubai,46,0.69,7,Bicycle,299.37,164,Vegetarian,1339,5.84,48.88,2229.03
Atelier,Seminar,45,1908,Convention Center,Tokyo,38,0.46,45,Train,407.77,30,Vegan,1908,16.86,6.8,2837.94
Séminaire,Fundraiser,37,1240,Hotel,Dubai,12,1.43,37,Bus,381.37,287,Non-Vegetarian,1240,4.93,43.29,11321.09
Seminar,Workshop,40,579,Outdoor,Paris,11,0.22,40,Bicycle,288.11,249,Vegetarian,579,5.39,29.76,987.2
Team Building,Workshop,34,1579,Convention Center,New York,34,1.09,34,Bus,473.98,156,Vegan,1579,6.51,44.57,6747.63
Networking,Trade Show,12,783,Outdoor,Tokyo,9,1.32,12,Bicycle,481.2,249,Vegetarian,783,1.23,20.47,1289.18
Fundraiser,Seminar,12,53,Outdoor,Tokyo,38,1.74,12,Train,464.45,346,Vegetarian,53,18.96,8.23,6958.59
Lancement de Produit,Seminar,36,1824,Coworking Space,Berlin,22,1.51,36,Train,304.1,216,Vegan,1824,7.72,49.47,5163.76
Conference,Fundraiser,6,666,Hotel,Sydney,36,1.62,6,Bicycle,89.2,259,Mixed,666,7.29,28.8,1912.14
Conférence,Fundraiser,15,1707,Office,Sydney,35,1.82,15,Train,467.26,46,Vegetarian,1707,18.99,48.39,4032.77
Trade Show,Conference,47,167,Coworking Space,London,7,0.4,47,Bicycle,40.36,247,Mixed,167,3.55,1.51,493.42
Team Building,Workshop,42,1688,Convention Center,Paris,27,1.93,42,Bus,240.07,291,Vegetarian,1688,7.6,45.61,7924.35
Board Meeting,Corporate Training,40,385,Coworking Space,London,6,0.35,40,Bus,115.45,452,Mixed,385,7.43,18.14,4186.64
Trade Show,Workshop,12,98,Hotel,Dubai,21,0.89,12,Train,194.16,121,Mixed,98,16.14,16.05,1361.25
Lancement de Produit,Workshop,4,1695,Coworking Space,Tokyo,47,1.73,4,Walking,475.19,449,Vegan,1695,14.94,47.36,1982.22
Trade Show,Workshop,15,877,Convention Center,Tokyo,35,0.9,15,Walking,259.14,391,Vegan,877,4.66,1.0,1124.57
Board Meeting,Product Launch,38,900,Convention Center,Dubai,26,1.95,38,Train,185.94,108,Non-Vegetarian,900,0.85,24.33,4966.92
Formation,Product Launch,36,1929,Hotel,London,24,0.42,36,Car,173.01,28,Vegetarian,1929,8.37,33.49,4175.96
Conference,Conference,33,380,Hotel,Sydney,23,1.0,33,Bus,19.1,311,Mixed,380,11.05,10.35,1728.71
Séminaire,Product Launch,8,1958,Convention Center,Tokyo,45,1.79,8,Walking,441.99,17,Vegetarian,1958,17.04,35.37,3364.02
Workshop,Product Launch,34,1857,Convention Center,Sydney,7,0.96,34,Walking,165.01,186,Mixed,1857,2.59,20.96,4803.84
Board Meeting,Corporate Training,44,948,Convention Center,London,18,0.62,44,Car,387.8,336,Vegan,948,13.2,26.04,28635.17
Networking,Corporate Training,1,536,Hotel,New York,42,1.84,1,Bus,97.18,385,Mixed,536,11.17,37.16,3720.16
Conférence,Trade Show,48,1749,Hotel,Paris,40,1.05,48,Bus,232.35,146,Vegetarian,1749,6.81,36.19,5752.89
Networking,Seminar,21,1305,Hotel,Sydney,27,1.94,21,Bus,401.74,368,Non-Vegetarian,1305,16.27,35.07,14090.59
Team Building,Conference,18,1915,Outdoor,Dubai,21,1.26,18,Walking,301.61,105,Mixed,1915,15.61,12.8,5082.46
Networking,Networking Event,11,987,Office,London,12,0.69,11,Walking,388.2,439,Non-Vegetarian,987,14.94,37.94,3605.8
Événement de Bienfaisance,Conference,9,803,Convention Center,Berlin,36,0.46,9,Plane,401.88,353,Non-Vegetarian,803,9.78,43.29,38457.07
Product Launch,Trade Show,20,485,Outdoor,Berlin,16,0.22,20,Walking,152.06,139,Vegan,485,19.16,28.74,616.0
Formation,Networking Event,14,173,Hotel,Sydney,26,0.5,14,Train,279.52,199,Vegan,173,14.88,39.34,2597.42
Corporate Training,Fundraiser,25,266,Convention Center,New York,25,1.22,25,Bus,495.0,234,Vegetarian,266,6.47,32.86,7808.71
Réunion du Conseil,Networking Event,23,388,Office,Dubai,49,0.55,23,Walking,355.51,435,Non-Vegetarian,388,16.09,30.1,1760.3
Atelier,Networking Event,5,156,Office,Sydney,25,1.6,5,Plane,30.48,21,Vegan,156,1.63,33.8,486.88
Événement de Bienfaisance,Networking Event,39,1969,Office,Paris,8,0.56,39,Car,112.0,169,Mixed,1969,14.17,14.64,9042.36
Seminar,Corporate Training,33,1675,Hotel,Dubai,38,1.52,33,Bus,267.84,345,Non-Vegetarian,1675,11.76,4.82,12392.99
Networking,Fundraiser,29,1789,Outdoor,London,32,1.67,29,Bus,105.64,60,Vegan,1789,14.06,30.15,3032.6
Atelier,Seminar,18,333,Outdoor,Paris,10,0.15,18,Train,95.29,418,Non-Vegetarian,333,17.32,23.02,2852.93
Trade Show,Workshop,15,354,Convention Center,Sydney,39,0.21,15,Car,151.79,395,Vegetarian,354,6.57,45.54,13287.63
Séminaire,Workshop,15,280,Convention Center,Sydney,6,0.95,15,Bicycle,116.84,135,Vegetarian,280,15.55,16.76,527.37
Réunion du Conseil,Conference,20,1356,Coworking Space,Paris,19,1.57,20,Plane,267.36,439,Vegetarian,1356,19.92,18.53,31751.96
Lancement de Produit,Fundraiser,30,1183,Convention Center,Paris,17,1.65,30,Train,39.8,338,Non-Vegetarian,1183,12.21,43.93,5211.63
Workshop,Networking Event,5,245,Office,Tokyo,47,1.48,5,Walking,402.59,104,Vegan,245,14.91,3.2,455.12
Événement de Bienfaisance,Product Launch,14,307,Coworking Space,Sydney,19,0.69,14,Plane,83.24,437,Vegetarian,307,1.42,8.09,9665.26
Formation,Trade Show,10,1284,Hotel,London,20,1.67,10,Train,141.67,218,Mixed,1284,12.07,38.35,4713.2
Événement de Bienfaisance,Product Launch,19,500,Outdoor,Tokyo,26,0.23,19,Bus,264.29,210,Vegan,500,11.46,35.5,3980.78
Conférence,Fundraiser,39,540,Outdoor,Tokyo,49,0.57,39,Bicycle,441.36,243,Vegan,540,17.28,43.28,1205.75
Seminar,Trade Show,41,42,Hotel,Berlin,19,0.7,41,Bus,340.36,184,Non-Vegetarian,42,8.42,30.83,4255.72
Product Launch,Product Launch,4,1036,Coworking Space,Berlin,6,0.77,4,Plane,198.74,293,Vegetarian,1036,2.83,45.5,16217.6
Networking,Product Launch,27,1558,Outdoor,Tokyo,45,1.82,27,Bus,400.16,183,Vegan,1558,4.0,7.08,7079.57
Lancement de Produit,Networking Event,30,110,Coworking Space,Paris,14,0.4,30,Plane,207.13,184,Mixed,110,19.85,40.14,10006.96
Team Building,Corporate Training,20,1011,Convention Center,Paris,43,1.39,20,Car,61.56,340,Vegan,1011,15.8,37.82,6111.32
Séminaire,Product Launch,17,1603,Convention Center,Tokyo,16,0.22,17,Train,230.0,209,Vegan,1603,5.71,18.82,3604.78
Événement de Bienfaisance,Trade Show,9,13,Outdoor,Sydney,37,1.36,9,Walking,29.26,15,Non-Vegetarian,13,7.43,43.46,373.72
Workshop,Product Launch,22,1530,Convention Center,Sydney,25,0.17,22,Bicycle,84.86,434,Vegan,1530,17.85,40.22,1692.89
Fundraiser,Seminar,23,1859,Outdoor,Dubai,27,0.87,23,Bicycle,171.41,181,Vegan,1859,18.09,47.49,2260.3
Atelier,Workshop,9,1544,Convention Center,New York,19,1.42,9,Plane,93.58,320,Non-Vegetarian,1544,17.95,1.13,13049.97
Trade Show,Board Meeting,30,327,Convention Center,Dubai,42,1.48,30,Walking,300.29,185,Non-Vegetarian,327,12.43,27.08,2155.92
Conférence,Trade Show,25,1423,Convention Center,Sydney,6,0.25,25,Train,46.78,378,Non-Vegetarian,1423,2.56,38.46,5788.6
Product Launch,Product Launch,44,265,Outdoor,Paris,15,0.11,44,Bus,94.28,481,Mixed,265,1.69,19.23,3461.56
Lancement de Produit,Trade Show,8,201,Office,London,41,1.64,8,Bicycle,342.77,240,Non-Vegetarian,201,13.43,47.64,1094.6
Team Building,Team Building,16,18,Convention Center,Sydney,40,0.26,16,Car,350.72,340,Mixed,18,10.51,21.42,25233.47
Séminaire,Product Launch,1,462,Office,New York,49,0.73,1,Bus,180.37,60,Mixed,462,17.33,40.75,1938.38
Trade Show,Trade Show,15,1255,Hotel,Paris,13,1.92,15,Train,29.41,62,Vegan,1255,5.52,35.37,1596.92
Trade Show,Workshop,47,1586,Hotel,Dubai,32,1.33,47,Walking,354.63,177,Mixed,1586,17.23,47.49,5094.6
Seminar,Product Launch,30,1993,Coworking Space,London,20,0.89,30,Bus,194.67,381,Vegan,1993,11.69,17.68,6768.9
Team Building,Networking Event,22,804,Coworking Space,Sydney,17,1.0,22,Car,32.54,442,Vegetarian,804,17.83,24.96,4498.94
Réunion du Conseil,Seminar,46,1575,Outdoor,Paris,6,0.36,46,Walking,388.06,122,Mixed,1575,3.58,12.35,4019.04
Networking,Conference,28,20,Hotel,Paris,24,0.2,28,Bicycle,202.54,151,Vegetarian,20,14.28,42.51,210.78
Product Launch,Seminar,46,390,Office,Dubai,47,1.48,46,Train,172.44,236,Non-Vegetarian,390,11.04,16.29,4647.37
Atelier,Fundraiser,30,1565,Outdoor,New York,6,1.57,30,Bus,96.0,480,Vegan,1565,16.72,19.52,4543.58
Team Building,Seminar,12,384,Office,Dubai,10,0.94,12,Car,138.12,321,Non-Vegetarian,384,16.49,24.9,10793.85
Séminaire,Trade Show,34,232,Convention Center,New York,5,0.4,34,Bicycle,344.18,250,Non-Vegetarian,232,17.69,33.57,948.52
Séminaire,Corporate Training,47,1482,Hotel,Dubai,46,1.6,47,Train,25.99,60,Vegetarian,1482,15.5,41.31,4128.6
Conférence,Networking Event,26,1719,Outdoor,Sydney,37,0.35,26,Plane,71.44,447,Mixed,1719,13.86,39.1,12555.19
Team Building,Product Launch,44,803,Outdoor,Dubai,39,0.96,44,Walking,442.54,390,Non-Vegetarian,803,5.55,26.08,3697.44
Événement de Bienfaisance,Seminar,9,1058,Convention Center,Tokyo,33,1.82,9,Car,132.8,222,Non-Vegetarian,1058,4.19,19.41,10211.61
Corporate Training,Seminar,27,1811,Coworking Space,Paris,14,0.4,27,Bicycle,454.13,113,Vegan,1811,6.47,48.7,1996.94
Product Launch,Conference,13,790,Outdoor,Paris,44,0.36,13,Walking,24.48,291,Non-Vegetarian,790,16.1,15.16,2930.48
Conférence,Seminar,8,1269,Outdoor,London,34,1.86,8,Bus,223.63,61,Mixed,1269,3.35,1.6,4253.85
Product Launch,Product Launch,40,946,Convention Center,London,47,1.18,40,Train,357.93,354,Mixed,946,7.02,47.65,8651.83
Corporate Training,Team Building,7,1390,Hotel,Berlin,5,0.79,7,Walking,252.06,91,Vegetarian,1390,18.29,25.94,2187.28
Networking Event,Trade Show,22,816,Outdoor,New York,38,1.24,22,Car,146.24,275,Non-Vegetarian,816,11.15,38.23,11918.44
Atelier,Board Meeting,34,1403,Outdoor,Berlin,46,0.91,34,Plane,424.38,266,Vegan,1403,7.54,18.96,30388.89
Atelier,Corporate Training,9,193,Outdoor,Tokyo,26,0.7,9,Bicycle,442.8,499,Mixed,193,17.41,19.28,637.78
Networking Event,Seminar,13,246,Hotel,Sydney,49,0.89,13,Bus,460.09,113,Mixed,246,4.0,35.12,4096.12
Networking,Workshop,3,1374,Office,London,28,1.35,3,Bus,18.22,67,Vegetarian,1374,2.15,43.58,2282.4
Conference,Conference,14,1022,Office,Dubai,18,0.73,14,Train,423.34,137,Vegetarian,1022,8.39,45.61,4052.88
Réunion du Conseil,Trade Show,14,926,Outdoor,Berlin,29,1.38,14,Train,230.55,487,Vegan,926,13.9,24.81,5774.67
Fundraiser,Seminar,16,626,Convention Center,Tokyo,35,1.8,16,Plane,431.46,301,Mixed,626,14.62,33.95,34633.5
Formation,Conference,6,1658,Convention Center,Sydney,50,1.64,6,Bicycle,97.22,255,Non-Vegetarian,1658,10.85,11.63,6093.96
Conference,Workshop,29,659,Convention Center,New York,48,1.69,29,Plane,21.03,117,Vegan,659,18.38,45.78,2578.69
Team Building,Team Building,32,1271,Convention Center,London,31,0.95,32,Bus,134.26,192,Vegetarian,1271,10.79,49.63,4045.22
Réunion du Conseil,Board Meeting,13,623,Office,Paris,45,0.18,13,Bicycle,414.8,221,Vegetarian,623,4.7,25.47,1047.49
Networking Event,Networking Event,2,1248,Coworking Space,Sydney,5,1.5,2,Bus,263.65,16,Vegan,1248,9.78,30.38,1588.92
Atelier,Conference,3,1983,Outdoor,London,37,1.34,3,Walking,115.57,137,Vegan,1983,13.13,31.68,2146.99
Atelier,Corporate Training,20,970,Coworking Space,Dubai,22,0.71,20,Walking,214.76,173,Vegan,970,19.03,14.88,1194.02
Réunion du Conseil,Workshop,5,841,Outdoor,Sydney,50,1.89,5,Car,165.89,408,Vegan,841,9.04,22.81,15354.41
Conférence,Fundraiser,47,1521,Convention Center,Paris,37,0.88,47,Walking,193.68,195,Non-Vegetarian,1521,6.64,47.9,6197.74
Board Meeting,Product Launch,10,248,Hotel,Paris,28,0.75,10,Walking,280.33,489,Vegetarian,248,8.97,41.43,577.8
Workshop,Networking Event,2,1379,Coworking Space,New York,38,0.33,2,Car,479.9,448,Non-Vegetarian,1379,13.68,16.6,50048.59
Événement de Bienfaisance,Workshop,12,630,Hotel,Dubai,31,0.52,12,Bicycle,200.29,314,Mixed,630,3.36,17.98,1714.4
Séminaire,Networking Event,33,985,Coworking Space,Tokyo,9,1.59,33,Walking,130.0,358,Mixed,985,17.5,25.45,2784.51
Réunion du Conseil,Networking Event,34,1070,Outdoor,New York,46,0.56,34,Walking,282.55,478,Vegetarian,1070,17.76,28.41,2135.26
Networking,Trade Show,33,348,Hotel,Tokyo,38,0.11,33,Train,390.18,296,Vegan,348,2.55,13.72,5069.24
Conference,Trade Show,40,814,Convention Center,London,32,1.86,40,Bus,444.12,49,Non-Vegetarian,814,13.64,13.38,5399.15
Lancement de Produit,Fundraiser,43,1659,Convention Center,London,12,1.21,43,Car,488.64,463,Vegan,1659,17.08,15.22,49546.25
Conférence,Product Launch,24,1377,Convention Center,New York,19,0.32,24,Plane,391.15,429,Mixed,1377,1.82,24.56,45519.06
Formation,Corporate Training,1,1366,Office,Dubai,49,1.61,1,Bus,69.18,201,Vegetarian,1366,2.23,42.3,3011.82
Team Building,Product Launch,21,546,Office,New York,35,1.28,21,Car,176.03,464,Non-Vegetarian,546,16.2,28.62,19623.4
Conference,Product Launch,27,1187,Office,Sydney,29,1.03,27,Bus,157.26,64,Non-Vegetarian,1187,7.33,23.3,5222.88
Fundraiser,Workshop,20,916,Outdoor,Tokyo,20,1.44,20,Bus,86.83,238,Vegetarian,916,8.77,41.2,3001.87
Réunion du Conseil,Board Meeting,22,463,Convention Center,London,38,0.87,22,Car,460.79,188,Non-Vegetarian,463,18.02,48.43,20309.05
Corporate Training,Conference,47,1122,Convention Center,Paris,45,0.98,47,Bicycle,128.1,95,Non-Vegetarian,1122,12.01,26.48,5040.33
Formation,Corporate Training,8,1175,Office,Dubai,18,0.12,8,Plane,247.76,326,Vegetarian,1175,14.71,33.1,22059.2
Lancement de Produit,Team Building,6,873,Outdoor,Berlin,46,1.0,6,Plane,267.49,471,Vegan,873,18.18,8.6,32561.51
Conférence,Product Launch,37,1564,Coworking Space,Tokyo,22,1.16,37,Bus,384.32,39,Vegetarian,1564,9.17,34.32,3804.41
Trade Show,Trade Show,10,965,Convention Center,Paris,14,1.16,10,Car,212.33,421,Mixed,965,2.1,30.46,21330.92
Team Building,Trade Show,31,506,Office,London,24,0.82,31,Car,109.21,419,Vegetarian,506,19.43,38.56,10789.41
Séminaire,Team Building,47,1952,Office,Dubai,18,0.32,47,Bicycle,379.4,437,Non-Vegetarian,1952,8.49,48.89,7082.12
Seminar,Conference,40,723,Outdoor,Sydney,44,0.74,40,Bicycle,204.31,146,Non-Vegetarian,723,17.66,37.1,3291.22
Product Launch,Networking Event,43,1964,Convention Center,Tokyo,8,0.41,43,Walking,412.45,139,Non-Vegetarian,1964,19.24,17.58,7018.16
Board Meeting,Trade Show,47,643,Office,New York,45,1.4,47,Train,322.63,63,Mixed,643,12.41,46.22,4018.29
Réunion du Conseil,Seminar,17,1615,Coworking Space,Sydney,49,0.85,17,Plane,388.71,29,Non-Vegetarian,1615,1.76,31.06,8890.31
Workshop,Trade Show,39,1468,Coworking Space,Berlin,14,1.26,39,Walking,177.26,363,Vegan,1468,15.24,22.2,1886.86
Fundraiser,Board Meeting,48,651,Hotel,Paris,7,0.18,48,Car,109.99,74,Mixed,651,4.93,27.75,3432.34
Conference,Board Meeting,27,1582,Coworking Space,Paris,10,1.88,27,Car,306.2,18,Non-Vegetarian,1582,17.11,6.13,6994.72
Networking Event,Conference,32,487,Hotel,New York,7,1.09,32,Train,186.97,458,Vegetarian,487,9.5,26.45,4349.77
Seminar,Workshop,30,1758,Hotel,Paris,44,1.93,30,Car,422.66,25,Vegetarian,1758,15.43,40.84,6242.31
Événement de Bienfaisance,Corporate Training,23,1379,Outdoor,Tokyo,31,0.35,23,Bicycle,440.47,320,Vegetarian,1379,5.05,6.57,2216.51
Conférence,Conference,32,1886,Office,Dubai,17,1.02,32,Bus,103.08,210,Non-Vegetarian,1886,1.63,24.65,8229.81
Formation,Seminar,43,1534,Office,Berlin,26,0.33,43,Plane,257.77,43,Non-Vegetarian,1534,7.61,37.16,8414.04
Workshop,Corporate Training,21,1411,Coworking Space,New York,20,1.99,21,Car,154.99,260,Non-Vegetarian,1411,14.8,33.83,13916.11
Product Launch,Trade Show,12,261,Outdoor,London,35,0.38,12,Bicycle,254.23,115,Vegan,261,16.29,17.78,408.94
Seminar,Seminar,43,631,Coworking Space,Sydney,34,1.39,43,Train,211.38,394,Non-Vegetarian,631,9.01,12.15,6598.26
Corporate Training,Fundraiser,14,784,Convention Center,Paris,26,1.94,14,Bus,273.92,228,Vegetarian,784,15.85,39.58,5387.17
Board Meeting,Conference,47,590,Convention Center,Sydney,49,0.3,47,Plane,328.12,347,Vegetarian,590,12.12,1.98,29723.06
Séminaire,Product Launch,13,1323,Outdoor,Paris,28,1.53,13,Walking,272.52,221,Non-Vegetarian,1323,18.82,27.92,5002.44
Workshop,Board Meeting,41,1638,Office,London,27,0.8,41,Bus,35.78,87,Vegetarian,1638,11.75,38.01,3186.09
Atelier,Product Launch,8,1144,Office,New York,24,1.43,8,Car,253.57,222,Non-Vegetarian,1144,15.41,32.36,16058.25
Board Meeting,Trade Show,37,787,Office,New York,33,0.12,37,Train,227.7,271,Mixed,787,14.42,38.59,4615.05
Lancement de Produit,Product Launch,24,1487,Hotel,New York,31,0.75,24,Walking,99.8,12,Mixed,1487,3.82,42.15,4088.44
Atelier,Corporate Training,39,1952,Coworking Space,London,38,0.78,39,Car,217.38,229,Vegetarian,1952,17.81,21.39,14038.18
Workshop,Seminar,21,1404,Convention Center,Berlin,22,0.15,21,Bus,107.59,438,Vegetarian,1404,6.0,7.38,4994.88
Atelier,Corporate Training,46,747,Office,Dubai,22,1.12,46,Bus,98.18,270,Vegan,747,10.22,29.73,2984.14
Trade Show,Seminar,28,1931,Hotel,Berlin,43,1.36,28,Train,39.0,354,Vegan,1931,18.54,42.78,3424.6
Événement de Bienfaisance,Board Meeting,7,796,Office,Paris,12,0.58,7,Walking,110.07,259,Vegan,796,7.29,26.22,887.38
Formation,Board Meeting,29,1573,Hotel,London,31,1.39,29,Bus,397.04,204,Non-Vegetarian,1573,19.16,35.84,11100.07
Team Building,Conference,23,652,Office,Sydney,30,0.34,23,Bus,363.36,206,Vegan,652,6.02,27.26,5326.99
Trade Show,Trade Show,31,1511,Hotel,Berlin,17,0.51,31,Train,348.58,167,Vegan,1511,17.58,46.52,4102.1
Board Meeting,Team Building,18,1718,Office,Dubai,12,0.75,18,Bus,323.9,145,Vegan,1718,19.3,13.68,4682.89
Corporate Training,Trade Show,42,1663,Outdoor,Dubai,26,0.84,42,Bus,178.23,192,Vegetarian,1663,7.95,3.07,5028.39
Conference,Conference,13,1843,Hotel,New York,39,0.48,13,Car,16.06,215,Mixed,1843,7.47,38.02,5545.27
Product Launch,Conference,44,620,Convention Center,Paris,37,0.59,44,Walking,56.32,160,Mixed,620,6.08,47.33,2137.08
Corporate Training,Board Meeting,39,1177,Convention Center,Berlin,41,1.7,39,Plane,356.84,115,Non-Vegetarian,1177,9.92,42.59,15842.82
Événement de Bienfaisance,Board Meeting,1,231,Convention Center,Berlin,39,1.22,1,Walking,115.79,243,Mixed,231,17.69,13.6,663.87
Atelier,Corporate Training,20,349,Outdoor,Paris,45,0.92,20,Walking,139.55,136,Mixed,349,11.46,10.0,1329.42
Corporate Training,Board Meeting,32,1349,Convention Center,New York,21,0.71,32,Car,460.36,16,Non-Vegetarian,1349,18.84,44.35,6633.25
Réunion du Conseil,Seminar,17,534,Coworking Space,Paris,15,0.67,17,Bicycle,356.93,269,Vegan,534,14.26,38.29,724.52
Formation,Team Building,38,482,Coworking Space,Berlin,40,2.0,38,Bicycle,488.81,387,Vegetarian,482,14.76,44.37,2361.26
Trade Show,Trade Show,40,1342,Office,Dubai,8,0.35,40,Bus,490.52,77,Mixed,1342,9.22,22.47,5740.58
Product Launch,Board Meeting,40,116,Hotel,Berlin,12,1.62,40,Plane,422.37,77,Non-Vegetarian,116,9.68,5.07,8954.92
Networking,Product Launch,31,849,Outdoor,Sydney,49,0.49,31,Plane,471.13,21,Mixed,849,11.39,42.34,5075.55
Seminar,Conference,15,1967,Office,London,37,1.85,15,Bicycle,461.84,461,Vegetarian,1967,1.35,19.62,3505.82
Conference,Trade Show,42,1166,Coworking Space,New York,8,1.35,42,Walking,455.88,231,Vegetarian,1166,10.99,21.18,2040.14
Board Meeting,Networking Event,22,518,Hotel,Sydney,49,0.25,22,Bus,242.27,269,Vegetarian,518,12.76,45.54,4938.59
Conférence,Seminar,27,782,Office,New York,22,1.52,27,Car,7.74,48,Non-Vegetarian,782,10.93,8.86,3306.04
Formation,Team Building,18,1961,Convention Center,Berlin,18,0.89,18,Bus,291.21,95,Non-Vegetarian,1961,6.03,36.15,8751.94
Événement de Bienfaisance,Product Launch,14,1782,Office,Dubai,24,0.15,14,Plane,478.62,368,Vegetarian,1782,10.03,11.84,46774.98
Formation,Workshop,31,1891,Hotel,London,44,1.12,31,Car,391.79,339,Vegetarian,1891,15.69,42.89,31609.03
Atelier,Team Building,40,958,Office,London,49,1.26,40,Walking,475.29,321,Non-Vegetarian,958,14.63,42.42,4701.9
Fundraiser,Team Building,27,845,Hotel,Paris,33,1.19,27,Car,140.25,86,Non-Vegetarian,845,11.25,36.87,6116.8
Conference,Trade Show,15,1575,Office,Tokyo,13,1.6,15,Car,190.56,450,Vegetarian,1575,15.64,22.9,20603.5
Conference,Product Launch,39,1803,Hotel,Tokyo,22,1.58,39,Walking,62.14,63,Mixed,1803,5.41,1.39,5198.92
Team Building,Board Meeting,2,993,Convention Center,Dubai,35,1.31,2,Car,282.98,490,Non-Vegetarian,993,12.92,45.53,32756.89
Workshop,Workshop,13,497,Convention Center,Paris,48,0.21,13,Bus,200.44,129,Mixed,497,19.86,26.58,2952.31
Trade Show,Fundraiser,36,1936,Hotel,Sydney,39,1.11,36,Bus,464.5,176,Vegan,1936,18.73,22.76,7703.32
Workshop,Board Meeting,3,1441,Outdoor,Tokyo,44,1.55,3,Car,120.89,238,Mixed,1441,7.4,15.68,9793.04
Networking,Trade Show,44,1966,Hotel,Paris,18,0.85,44,Plane,66.65,396,Non-Vegetarian,1966,6.77,44.86,13919.21
Board Meeting,Seminar,44,660,Convention Center,Tokyo,22,0.61,44,Bicycle,462.35,232,Non-Vegetarian,660,14.41,32.97,2700.0
Fundraiser,Fundraiser,25,44,Coworking Space,Paris,6,1.93,25,Walking,431.38,199,Vegan,44,16.55,46.09,314.03
Trade Show,Seminar,21,300,Outdoor,Paris,23,0.91,21,Car,296.3,251,Vegan,300,17.84,21.65,16216.72
Workshop,Board Meeting,47,1617,Outdoor,London,14,0.7,47,Walking,243.02,197,Vegan,1617,7.65,8.55,1879.7
Corporate Training,Seminar,6,926,Office,Dubai,47,0.26,6,Bicycle,145.24,319,Mixed,926,1.18,17.03,2388.08
Team Building,Board Meeting,27,1806,Coworking Space,Dubai,14,1.29,27,Plane,404.51,76,Mixed,1806,5.59,20.82,12497.32
Réunion du Conseil,Corporate Training,14,1507,Hotel,Paris,18,1.23,14,Plane,155.32,438,Non-Vegetarian,1507,9.18,46.87,22549.12
Product Launch,Fundraiser,26,137,Hotel,Sydney,31,1.63,26,Plane,418.66,173,Vegetarian,137,0.76,31.9,19034.76
Conference,Fundraiser,40,1129,Office,Dubai,6,1.46,40,Walking,262.12,112,Vegan,1129,3.54,12.49,1336.26
Atelier,Conference,9,1580,Coworking Space,New York,34,1.48,9,Walking,152.52,115,Non-Vegetarian,1580,6.82,37.49,5845.06
Séminaire,Corporate Training,26,1198,Convention Center,New York,5,0.84,26,Train,79.3,122,Vegetarian,1198,6.83,21.19,2294.62
Seminar,Board Meeting,2,1805,Office,Dubai,35,0.3,2,Car,133.99,150,Mixed,1805,4.52,31.96,8816.65
Conference,Networking Event,33,454,Outdoor,New York,47,0.63,33,Bicycle,229.45,193,Non-Vegetarian,454,6.36,19.96,2130.2
Événement de Bienfaisance,Trade Show,5,324,Coworking Space,London,50,1.29,5,Bus,255.66,292,Mixed,324,2.23,38.27,5531.41
Board Meeting,Workshop,2,2000,Coworking Space,Sydney,50,1.98,2,Plane,372.83,429,Vegan,2000,7.87,38.11,42176.98
Board Meeting,Product Launch,19,351,Hotel,London,23,1.97,19,Bicycle,148.29,463,Vegan,351,4.73,49.33,889.57
Workshop,Board Meeting,27,692,Office,Dubai,23,0.31,27,Bicycle,35.79,260,Vegan,692,8.82,46.95,899.79
Événement de Bienfaisance,Board Meeting,42,91,Hotel,Berlin,23,0.53,42,Car,17.3,28,Non-Vegetarian,91,6.15,4.89,698.29
Networking Event,Team Building,37,1608,Office,Berlin,43,0.96,37,Plane,341.75,493,Non-Vegetarian,1608,13.62,25.1,48589.81
Événement de Bienfaisance,Seminar,30,895,Outdoor,Sydney,13,0.26,30,Car,220.72,53,Vegetarian,895,1.34,23.36,3899.21
Lancement de Produit,Trade Show,45,739,Outdoor,London,9,1.87,45,Walking,398.06,219,Mixed,739,9.48,12.99,2271.12
Séminaire,Corporate Training,7,332,Office,Paris,48,1.84,7,Bus,326.1,440,Vegetarian,332,10.8,43.17,9524.1
Board Meeting,Conference,30,1929,Hotel,Paris,19,0.96,30,Walking,120.97,86,Non-Vegetarian,1929,9.96,45.16,7135.34
Trade Show,Product Launch,12,1759,Office,Dubai,9,0.74,12,Plane,171.51,324,Mixed,1759,1.12,21.89,18375.79
Team Building,Seminar,21,1692,Convention Center,Paris,27,0.48,21,Bus,459.16,467,Mixed,1692,0.81,37.36,17308.08
Séminaire,Seminar,18,332,Coworking Space,New York,5,0.6,18,Bus,254.55,459,Non-Vegetarian,332,16.48,44.58,8321.43
Fundraiser,Trade Show,9,959,Coworking Space,Berlin,19,0.15,9,Bicycle,318.23,264,Vegan,959,7.76,24.86,1037.07
Lancement de Produit,Product Launch,13,996,Hotel,New York,20,1.23,13,Bicycle,14.75,384,Vegan,996,16.01,1.47,1190.86
Corporate Training,Team Building,46,418,Coworking Space,London,15,1.74,46,Train,43.41,423,Vegan,418,12.2,15.82,1808.84
Corporate Training,Conference,35,916,Coworking Space,Sydney,46,0.82,35,Bicycle,354.87,99,Non-Vegetarian,916,16.0,46.88,3991.86
Conférence,Seminar,18,552,Convention Center,London,21,1.91,18,Bus,1.61,351,Vegan,552,14.97,24.14,1025.12
Séminaire,Corporate Training,26,791,Hotel,London,30,0.52,26,Plane,166.27,55,Vegetarian,791,3.38,30.16,3742.59
Product Launch,Corporate Training,15,739,Hotel,Tokyo,35,1.37,15,Bus,47.4,423,Vegan,739,6.5,49.58,2413.8
Fundraiser,Product Launch,10,204,Convention Center,Tokyo,30,0.47,10,Bus,447.73,282,Mixed,204,17.8,6.33,8204.35
Product Launch,Seminar,21,1091,Coworking Space,Paris,22,0.32,21,Bus,340.89,247,Vegetarian,1091,16.69,12.03,6819.85
Workshop,Seminar,43,1321,Hotel,New York,20,0.17,43,Walking,470.28,387,Vegan,1321,5.62,19.15,1443.64
Team Building,Seminar,27,1437,Office,New York,37,1.59,27,Plane,378.57,463,Vegetarian,1437,15.0,13.61,46826.4
Conference,Workshop,38,726,Coworking Space,London,14,1.7,38,Train,436.85,238,Vegetarian,726,8.53,48.39,5813.85
Conference,Seminar,17,1242,Outdoor,Paris,32,1.29,17,Bus,32.14,298,Non-Vegetarian,1242,12.47,29.24,5355.96
Seminar,Trade Show,32,1323,Hotel,New York,18,0.29,32,Car,365.39,203,Non-Vegetarian,1323,14.45,33.07,20385.64
Conference,Team Building,25,1157,Outdoor,Berlin,48,0.84,25,Train,219.82,467,Non-Vegetarian,1157,17.1,20.89,8735.72
Team Building,Conference,7,319,Coworking Space,Berlin,9,1.61,7,Train,192.69,171,Mixed,319,18.16,34.69,2271.91
Product Launch,Board Meeting,21,348,Hotel,Berlin,46,0.33,21,Car,205.22,114,Vegetarian,348,2.82,21.48,5642.96
Team Building,Workshop,42,1448,Outdoor,Sydney,18,1.35,42,Bus,312.56,415,Non-Vegetarian,1448,19.12,38.36,13476.0
Formation,Networking Event,47,1580,Hotel,Tokyo,32,1.01,47,Car,255.5,122,Vegan,1580,17.69,21.34,8963.49
Atelier,Networking Event,8,904,Coworking Space,Sydney,50,1.15,8,Car,261.83,479,Mixed,904,2.31,30.55,28893.2
Atelier,Team Building,7,1163,Office,Sydney,10,1.06,7,Bus,136.08,436,Non-Vegetarian,1163,5.97,48.39,7776.17
Networking,Corporate Training,21,1621,Convention Center,New York,10,0.56,21,Car,155.03,96,Vegetarian,1621,18.83,17.27,5687.9
Product Launch,Conference,15,437,Hotel,Berlin,8,1.19,15,Walking,154.79,50,Non-Vegetarian,437,4.28,18.63,1646.72
Product Launch,Corporate Training,31,1203,Office,Paris,6,1.61,31,Walking,486.41,494,Mixed,1203,6.86,10.71,3192.37
Séminaire,Conference,10,1715,Convention Center,London,28,0.86,10,Bicycle,399.31,424,Non-Vegetarian,1715,19.54,24.08,6210.14
Lancement de Produit,Workshop,21,1724,Coworking Space,Sydney,26,0.37,21,Walking,129.88,255,Vegan,1724,8.45,39.09,1920.09
Workshop,Seminar,17,904,Convention Center,London,27,0.69,17,Bus,447.9,330,Non-Vegetarian,904,5.12,18.12,12237.25
Networking,Trade Show,31,1422,Hotel,London,33,1.12,31,Train,448.23,436,Non-Vegetarian,1422,5.43,7.4,13392.67
Réunion du Conseil,Workshop,29,1049,Convention Center,London,28,0.59,29,Bus,233.66,344,Vegan,1049,11.41,18.11,6170.32
Séminaire,Workshop,29,1100,Convention Center,London,12,0.14,29,Train,114.37,34,Vegan,1100,14.92,11.1,1331.94
Workshop,Board Meeting,25,122,Coworking Space,Dubai,25,0.72,25,Bus,434.51,369,Non-Vegetarian,122,17.52,3.6,10314.29
Trade Show,Trade Show,26,483,Hotel,Dubai,11,0.36,26,Walking,18.17,156,Vegan,483,13.12,25.2,611.12
Conference,Team Building,30,728,Coworking Space,Dubai,5,0.74,30,Walking,65.97,118,Non-Vegetarian,728,1.16,37.76,2681.34
Product Launch,Conference,33,601,Office,Berlin,31,0.99,33,Bus,346.55,163,Non-Vegetarian,601,2.67,13.28,6031.04
Réunion du Conseil,Networking Event,17,1019,Convention Center,London,45,0.37,17,Bicycle,6.32,194,Vegetarian,1019,9.05,30.93,1749.99
Seminar,Product Launch,35,1573,Hotel,New York,23,0.7,35,Plane,237.4,465,Non-Vegetarian,1573,10.85,44.36,33495.42
Trade Show,Conference,46,1466,Outdoor,Dubai,47,0.26,46,Plane,159.91,167,Mixed,1466,11.39,38.02,10721.12
Réunion du Conseil,Conference,24,860,Coworking Space,New York,46,1.77,24,Bus,339.7,150,Non-Vegetarian,860,8.97,5.52,7073.32
Événement de Bienfaisance,Product Launch,37,752,Office,Dubai,6,0.43,37,Car,263.52,138,Mixed,752,1.77,16.32,9600.72
Networking Event,Trade Show,8,1940,Outdoor,Tokyo,5,1.12,8,Bicycle,116.16,145,Non-Vegetarian,1940,18.76,35.33,6920.58
Team Building,Workshop,14,1146,Hotel,Dubai,29,1.31,14,Bicycle,369.06,485,Mixed,1146,7.37,19.33,3184.33
Événement de Bienfaisance,Team Building,8,647,Hotel,Tokyo,27,1.26,8,Train,468.14,349,Non-Vegetarian,647,4.09,12.15,8968.29
Fundraiser,Corporate Training,34,317,Outdoor,Berlin,50,1.45,34,Car,160.64,475,Non-Vegetarian,317,13.67,18.93,18431.04
Networking,Conference,8,1867,Office,New York,27,1.75,8,Walking,318.73,121,Vegan,1867,1.95,40.06,2140.02
Atelier,Team Building,11,158,Office,Sydney,14,1.08,11,Plane,448.53,49,Vegetarian,158,10.07,25.72,5886.23
Networking,Team Building,48,219,Office,New York,37,1.38,48,Bus,493.63,138,Vegetarian,219,7.35,38.92,5733.74
Événement de Bienfaisance,Team Building,8,1341,Outdoor,Sydney,11,1.72,8,Bicycle,264.94,327,Vegan,1341,8.44,29.53,1492.62
Réunion du Conseil,Networking Event,3,231,Hotel,Dubai,36,1.86,3,Plane,164.0,82,Mixed,231,3.55,26.01,4099.06
Conference,Conference,6,331,Hotel,Tokyo,10,0.36,6,Walking,278.29,496,Vegan,331,10.77,48.57,460.48
Corporate Training,Conference,13,1257,Office,New York,21,1.16,13,Train,139.27,227,Mixed,1257,18.32,17.78,4637.61
Atelier,Corporate Training,10,756,Outdoor,Dubai,17,1.86,10,Plane,215.35,489,Non-Vegetarian,756,12.54,31.74,29219.2
Trade Show,Fundraiser,2,53,Hotel,London,20,1.29,2,Bus,410.67,334,Vegetarian,53,7.53,1.55,8353.29
Product Launch,Networking Event,39,163,Office,Tokyo,44,0.76,39,Bus,378.91,463,Non-Vegetarian,163,12.32,42.79,11858.92
Réunion du Conseil,Seminar,8,1360,Convention Center,New York,6,1.57,8,Car,48.37,336,Vegan,1360,13.64,48.06,4934.07
Corporate Training,Networking Event,16,1890,Hotel,Sydney,18,1.65,16,Plane,430.31,62,Vegetarian,1890,3.63,27.81,9805.28
Seminar,Product Launch,34,298,Coworking Space,Dubai,47,0.76,34,Plane,276.88,308,Vegan,298,1.31,15.95,22259.52
Réunion du Conseil,Trade Show,8,807,Office,Berlin,8,1.87,8,Car,101.71,38,Vegetarian,807,4.6,26.08,2143.35
Fundraiser,Fundraiser,44,1054,Outdoor,Sydney,24,0.44,44,Bus,430.58,264,Vegetarian,1054,17.24,32.56,8733.31
Atelier,Networking Event,30,1858,Office,Sydney,22,1.47,30,Train,39.99,349,Vegan,1858,7.96,11.13,2939.54
Product Launch,Corporate Training,30,213,Hotel,Paris,13,0.59,30,Plane,216.5,427,Vegetarian,213,19.88,4.9,23595.49
Trade Show,Conference,17,906,Outdoor,New York,27,1.83,17,Plane,113.13,260,Mixed,906,9.26,27.84,10112.64
Conference,Trade Show,46,1084,Outdoor,Dubai,40,0.5,46,Walking,172.84,265,Mixed,1084,8.68,40.22,3267.8
Formation,Product Launch,6,1538,Convention Center,London,45,1.63,6,Bus,198.02,20,Mixed,1538,13.35,45.82,4421.01
Événement de Bienfaisance,Board Meeting,26,397,Hotel,London,28,0.45,26,Car,66.71,480,Non-Vegetarian,397,9.94,31.02,8359.59
Networking Event,Board Meeting,29,1258,Coworking Space,New York,6,0.81,29,Train,285.62,422,Vegan,1258,19.12,30.29,6248.56
Fundraiser,Team Building,24,1426,Outdoor,Berlin,29,0.42,24,Bus,329.97,466,Vegan,1426,16.67,27.36,10886.18
Networking Event,Seminar,25,801,Office,New York,46,1.87,25,Bicycle,373.34,91,Non-Vegetarian,801,4.96,38.0,3964.67
Lancement de Produit,Board Meeting,37,94,Outdoor,Berlin,17,1.74,37,Bicycle,138.84,233,Vegetarian,94,7.91,26.99,758.03
Corporate Training,Workshop,43,771,Outdoor,Paris,33,0.25,43,Bus,54.67,356,Vegan,771,13.32,13.2,2169.17
Réunion du Conseil,Board Meeting,13,362,Convention Center,Paris,30,1.73,13,Plane,155.71,203,Vegan,362,4.85,9.38,8630.09
Networking,Team Building,17,1435,Convention Center,Paris,49,1.68,17,Bus,419.11,358,Mixed,1435,1.18,33.75,13359.56
Atelier,Conference,43,1641,Hotel,Sydney,25,1.69,43,Bicycle,16.41,191,Non-Vegetarian,1641,7.12,10.68,6687.48
Networking Event,Seminar,25,1581,Coworking Space,Berlin,47,0.29,25,Bus,139.15,314,Vegetarian,1581,9.08,28.94,5239.5
Réunion du Conseil,Networking Event,7,204,Hotel,Dubai,16,1.44,7,Plane,23.55,326,Mixed,204,12.92,39.46,2614.73
Lancement de Produit,Fundraiser,32,1459,Hotel,New York,19,1.77,32,Train,365.46,153,Non-Vegetarian,1459,10.27,44.59,7990.92
Formation,Conference,37,1317,Outdoor,Berlin,12,0.52,37,Car,334.47,416,Vegan,1317,17.0,41.38,30768.5
Networking Event,Board Meeting,15,200,Hotel,Dubai,16,1.92,15,Car,278.18,13,Vegan,200,1.11,18.37,1228.79
Séminaire,Fundraiser,18,698,Convention Center,Dubai,44,1.14,18,Plane,11.79,440,Vegetarian,698,17.85,5.53,2842.1
Réunion du Conseil,Conference,14,1983,Convention Center,Sydney,27,0.87,14,Train,374.27,20,Mixed,1983,13.88,42.34,5533.79
Séminaire,Trade Show,37,1285,Convention Center,New York,45,0.88,37,Train,201.9,110,Non-Vegetarian,1285,6.85,6.58,6145.32
Atelier,Seminar,12,1393,Outdoor,Berlin,27,0.84,12,Plane,89.95,19,Vegan,1393,19.05,2.47,1999.38
Workshop,Corporate Training,14,1507,Convention Center,London,37,0.69,14,Car,83.0,69,Non-Vegetarian,1507,7.7,35.68,6742.64
Board Meeting,Fundraiser,24,1926,Outdoor,Paris,25,0.47,24,Train,161.57,101,Non-Vegetarian,1926,2.25,46.19,7631.62
Product Launch,Board Meeting,21,98,Outdoor,Sydney,28,0.5,21,Plane,107.18,263,Vegetarian,98,1.32,25.49,7394.7
Événement de Bienfaisance,Trade Show,37,302,Hotel,Berlin,17,0.24,37,Bicycle,308.69,373,Mixed,302,12.37,5.03,865.28
Événement de Bienfaisance,Board Meeting,24,218,Office,Dubai,22,1.89,24,Walking,365.62,487,Mixed,218,10.1,23.52,1111.2
Conference,Product Launch,27,1004,Outdoor,Berlin,5,0.95,27,Plane,264.69,342,Vegan,1004,15.39,13.06,23756.02
Réunion du Conseil,Fundraiser,8,977,Convention Center,Paris,23,0.45,8,Walking,159.0,171,Mixed,977,18.79,47.96,2617.4
Product Launch,Product Launch,13,1436,Hotel,London,13,1.73,13,Train,319.39,41,Mixed,1436,12.25,37.57,4359.62
Conférence,Conference,26,237,Hotel,New York,6,0.49,26,Train,220.92,96,Vegan,237,5.5,49.43,1233.41
Corporate Training,Workshop,44,770,Office,Dubai,39,0.91,44,Bus,352.63,263,Vegan,770,15.6,44.52,7235.52
Workshop,Networking Event,46,620,Office,Berlin,5,0.15,46,Bus,427.73,191,Vegetarian,620,16.35,49.12,5979.98
Seminar,Conference,23,1349,Outdoor,Berlin,15,0.26,23,Train,156.53,442,Non-Vegetarian,1349,14.74,14.35,7591.98
Lancement de Produit,Seminar,6,1081,Outdoor,Dubai,25,0.27,6,Bus,398.51,488,Mixed,1081,13.25,21.92,14461.46
Conference,Seminar,29,1969,Hotel,Dubai,15,1.68,29,Train,56.41,406,Vegetarian,1969,7.87,10.22,4271.18
Trade Show,Workshop,4,86,Office,Berlin,15,0.96,4,Car,221.11,394,Non-Vegetarian,86,18.11,42.28,18745.22
Product Launch,Team Building,35,1708,Coworking Space,Tokyo,34,1.09,35,Bus,409.37,278,Non-Vegetarian,1708,18.67,1.97,13496.12
Networking Event,Workshop,48,1797,Coworking Space,Paris,30,0.39,48,Walking,263.9,213,Non-Vegetarian,1797,16.5,20.24,6643.78
Product Launch,Trade Show,6,1733,Office,Sydney,13,2.0,6,Bicycle,354.45,241,Mixed,1733,1.73,14.03,4442.02
Workshop,Networking Event,7,1402,Hotel,Tokyo,18,0.65,7,Bus,251.37,474,Vegetarian,1402,16.88,35.95,9398.57
Networking,Workshop,41,732,Outdoor,New York,7,0.91,41,Walking,141.19,188,Mixed,732,17.51,35.49,2066.59
Team Building,Seminar,44,249,Convention Center,New York,8,0.97,44,Car,257.77,340,Vegan,249,12.34,12.37,18873.92
Workshop,Product Launch,3,1881,Office,New York,34,1.99,3,Bus,97.41,456,Non-Vegetarian,1881,5.77,1.28,9364.23
Seminar,Board Meeting,27,1955,Office,New York,30,1.09,27,Train,342.08,387,Vegan,1955,8.36,24.98,7758.53
Conférence,Conference,21,1204,Convention Center,New York,5,0.4,21,Bus,58.82,181,Vegetarian,1204,19.31,24.77,2553.95
Board Meeting,Trade Show,9,619,Outdoor,Paris,37,1.32,9,Train,210.52,435,Mixed,619,14.98,36.56,5533.41
Formation,Conference,44,1667,Office,Tokyo,43,1.09,44,Car,484.83,401,Mixed,1667,11.98,41.02,46132.17
Lancement de Produit,Corporate Training,17,1740,Outdoor,Sydney,5,0.87,17,Plane,18.07,164,Vegetarian,1740,2.63,6.3,3405.71
Atelier,Networking Event,28,1847,Convention Center,Tokyo,15,0.75,28,Bicycle,463.18,254,Non-Vegetarian,1847,2.33,31.32,6689.3
Formation,Trade Show,28,1149,Hotel,Paris,30,1.43,28,Car,404.14,437,Vegetarian,1149,7.6,47.16,39521.55
Seminar,Team Building,44,1913,Convention Center,Paris,19,0.74,44,Plane,347.14,324,Vegetarian,1913,14.72,29.58,31385.76
Workshop,Fundraiser,35,794,Coworking Space,Sydney,36,1.64,35,Walking,373.15,298,Vegetarian,794,6.44,21.66,2280.4
Corporate Training,Fundraiser,8,1372,Convention Center,New York,16,1.73,8,Car,469.12,187,Non-Vegetarian,1372,1.37,27.01,23391.82
Fundraiser,Networking Event,27,221,Coworking Space,Sydney,43,0.12,27,Walking,291.22,151,Vegan,221,17.7,3.22,332.5
Séminaire,Networking Event,30,461,Hotel,New York,8,1.36,30,Bus,36.03,406,Vegan,461,9.69,28.21,1577.69
Board Meeting,Networking Event,34,223,Coworking Space,Tokyo,12,0.69,34,Walking,151.43,404,Vegetarian,223,15.65,7.88,522.32
Product Launch,Board Meeting,35,1120,Office,Tokyo,6,1.08,35,Train,283.07,133,Vegetarian,1120,8.84,47.6,3412.21
Événement de Bienfaisance,Seminar,47,1219,Convention Center,Berlin,9,0.59,47,Plane,470.3,276,Mixed,1219,11.34,26.47,35698.61
Fundraiser,Trade Show,17,900,Coworking Space,New York,14,0.17,17,Bicycle,376.58,66,Non-Vegetarian,900,14.42,18.88,3236.83
Corporate Training,Corporate Training,28,1058,Outdoor,New York,5,0.87,28,Bicycle,497.97,313,Mixed,1058,13.98,4.82,2743.5
Formation,Board Meeting,12,1631,Outdoor,Tokyo,42,1.31,12,Bus,158.16,388,Vegan,1631,11.53,23.34,5712.82
Lancement de Produit,Team Building,25,53,Coworking Space,New York,49,1.52,25,Train,207.79,374,Non-Vegetarian,53,14.55,38.08,4330.3
Board Meeting,Product Launch,21,31,Hotel,Berlin,24,0.84,21,Car,157.28,132,Mixed,31,12.83,13.3,4701.24
Product Launch,Conference,16,1845,Hotel,Paris,30,1.32,16,Bicycle,134.35,292,Mixed,1845,3.42,17.9,4971.94
Workshop,Product Launch,15,738,Hotel,Paris,11,0.59,15,Bus,489.09,404,Non-Vegetarian,738,5.55,46.27,14590.86
Fundraiser,Corporate Training,48,1398,Hotel,Tokyo,26,1.98,48,Bicycle,274.38,217,Vegetarian,1398,5.81,30.39,3404.92
Seminar,Team Building,35,490,Outdoor,Sydney,46,1.43,35,Walking,369.3,341,Vegetarian,490,15.07,24.21,1964.71
Réunion du Conseil,Conference,22,1993,Office,London,38,0.23,22,Car,423.39,468,Vegetarian,1993,14.99,33.08,44792.55
Board Meeting,Team Building,7,863,Outdoor,Sydney,50,0.88,7,Walking,428.01,120,Vegetarian,863,10.91,29.83,1529.98
Conference,Corporate Training,41,1632,Convention Center,New York,37,1.85,41,Train,289.42,404,Vegan,1632,6.14,14.52,7753.57
Formation,Conference,38,621,Hotel,Berlin,50,1.46,38,Car,134.52,135,Vegetarian,621,4.61,19.45,6180.26
Événement de Bienfaisance,Conference,27,86,Convention Center,Paris,8,0.67,27,Bus,330.55,260,Vegetarian,86,10.33,34.88,5448.36
Réunion du Conseil,Workshop,6,411,Coworking Space,Sydney,38,1.93,6,Walking,258.19,150,Vegetarian,411,18.1,5.23,883.18
Board Meeting,Fundraiser,45,304,Hotel,Berlin,32,0.46,45,Bus,267.69,378,Vegetarian,304,7.01,31.1,6934.63
Atelier,Corporate Training,8,50,Hotel,Tokyo,48,0.71,8,Bicycle,56.88,283,Non-Vegetarian,50,15.05,42.08,425.58
Board Meeting,Workshop,27,1322,Hotel,Paris,11,1.91,27,Car,243.42,410,Non-Vegetarian,1322,1.48,29.0,25930.06
Conférence,Workshop,11,1301,Outdoor,Dubai,48,0.69,11,Plane,80.09,371,Vegetarian,1301,13.89,26.86,9643.51
Réunion du Conseil,Seminar,13,300,Office,Tokyo,23,1.5,13,Train,411.54,395,Vegan,300,4.85,22.25,7080.78
Conference,Fundraiser,12,1484,Convention Center,Berlin,10,1.85,12,Train,305.46,231,Vegetarian,1484,9.2,16.73,5211.31
Séminaire,Seminar,33,1844,Hotel,New York,37,1.54,33,Bus,241.59,20,Mixed,1844,4.12,4.24,5856.8
Événement de Bienfaisance,Conference,42,1894,Convention Center,Sydney,34,0.1,42,Bicycle,448.87,258,Mixed,1894,9.65,40.57,4906.84
Networking Event,Fundraiser,16,1723,Hotel,Tokyo,25,1.11,16,Train,343.21,108,Non-Vegetarian,1723,19.57,41.61,7857.53
Product Launch,Product Launch,24,1340,Hotel,Paris,49,0.37,24,Bus,453.46,66,Non-Vegetarian,1340,18.88,47.01,6835.04
Board Meeting,Fundraiser,36,1589,Convention Center,London,18,1.83,36,Plane,452.54,27,Mixed,1589,15.45,6.64,7664.25
Formation,Fundraiser,44,1341,Coworking Space,Sydney,38,1.92,44,Car,450.4,406,Vegetarian,1341,1.93,12.13,42045.84
Team Building,Corporate Training,37,1375,Coworking Space,Paris,36,0.92,37,Train,424.39,336,Mixed,1375,3.51,4.07,9769.18
Product Launch,Seminar,45,872,Hotel,New York,34,0.36,45,Train,101.1,106,Vegetarian,872,15.07,28.89,2099.98
Workshop,Networking Event,38,413,Hotel,New York,29,0.48,38,Plane,470.68,94,Vegetarian,413,16.73,24.79,12028.0
Lancement de Produit,Networking Event,27,1286,Coworking Space,Berlin,18,0.26,27,Plane,31.68,226,Mixed,1286,1.18,38.06,5146.58
Workshop,Board Meeting,32,358,Outdoor,Paris,31,0.33,32,Car,362.42,401,Non-Vegetarian,358,11.56,24.55,32008.29
Atelier,Networking Event,19,1144,Coworking Space,Berlin,28,1.36,19,Car,43.71,292,Mixed,1144,11.0,12.27,5948.6
Conférence,Product Launch,13,929,Outdoor,Paris,14,0.66,13,Plane,376.03,100,Mixed,929,5.37,22.25,11838.55
Corporate Training,Fundraiser,36,1215,Outdoor,Berlin,45,1.83,36,Bus,226.32,37,Mixed,1215,8.59,8.7,5056.81
Séminaire,Workshop,33,125,Convention Center,New York,38,1.03,33,Bus,323.22,107,Non-Vegetarian,125,13.5,15.92,3217.22
Networking Event,Fundraiser,43,24,Convention Center,Sydney,32,1.81,43,Plane,306.25,254,Mixed,24,13.1,13.85,20806.06
Product Launch,Board Meeting,45,1264,Convention Center,New York,41,0.61,45,Bus,447.72,128,Vegan,1264,10.62,49.99,5386.43
Board Meeting,Fundraiser,21,884,Convention Center,Sydney,15,0.84,21,Bus,65.6,447,Vegetarian,884,12.37,6.74,3255.91
Conférence,Networking Event,12,1867,Coworking Space,Tokyo,5,0.77,12,Car,40.58,211,Mixed,1867,6.46,7.46,6516.54
Atelier,Board Meeting,24,1802,Outdoor,New York,7,1.67,24,Bus,52.58,218,Non-Vegetarian,1802,8.15,5.01,7161.35
Networking,Corporate Training,9,302,Coworking Space,New York,19,1.63,9,Plane,186.49,101,Non-Vegetarian,302,3.38,27.17,5966.34
Networking Event,Fundraiser,36,134,Outdoor,Sydney,23,1.11,36,Train,216.48,27,Non-Vegetarian,134,17.29,13.7,1224.32
Trade Show,Fundraiser,5,1916,Outdoor,Dubai,29,1.41,5,Bus,96.38,216,Vegetarian,1916,11.42,16.09,4280.33
Séminaire,Workshop,48,1851,Coworking Space,Berlin,40,1.44,48,Car,223.07,121,Mixed,1851,3.05,27.63,11739.47
Conférence,Fundraiser,17,1152,Outdoor,Dubai,25,1.76,17,Plane,263.62,298,Non-Vegetarian,1152,0.79,13.99,24075.25
Networking Event,Trade Show,8,840,Coworking Space,London,33,0.47,8,Car,395.27,328,Vegetarian,840,13.35,31.94,28638.82
Fundraiser,Seminar,27,476,Hotel,Paris,16,1.55,27,Car,60.3,194,Mixed,476,5.49,27.85,4048.1
Seminar,Networking Event,11,91,Coworking Space,Dubai,36,0.81,11,Bicycle,424.38,14,Non-Vegetarian,91,12.67,42.92,590.06
Board Meeting,Seminar,7,1891,Outdoor,Dubai,9,1.98,7,Plane,25.32,453,Mixed,1891,13.55,29.71,7743.88
Lancement de Produit,Board Meeting,6,1242,Hotel,New York,45,0.87,6,Bicycle,353.06,371,Vegan,1242,10.03,45.21,1469.93
Séminaire,Board Meeting,23,538,Outdoor,London,27,1.52,23,Bus,353.03,467,Mixed,538,2.29,10.99,11735.42
Workshop,Board Meeting,20,1952,Hotel,Tokyo,39,1.85,20,Car,276.11,134,Non-Vegetarian,1952,13.33,22.35,15394.6
Seminar,Board Meeting,48,559,Hotel,London,48,1.65,48,Car,284.83,250,Vegan,559,17.67,35.99,17520.69
Réunion du Conseil,Board Meeting,28,659,Office,Tokyo,38,0.76,28,Walking,77.25,111,Vegan,659,16.79,23.91,1144.72
Conference,Fundraiser,23,1672,Office,Paris,6,0.91,23,Car,414.33,252,Non-Vegetarian,1672,12.42,22.58,27911.13
Formation,Seminar,3,1270,Hotel,Dubai,48,1.72,3,Bicycle,483.5,457,Non-Vegetarian,1270,10.85,19.48,4629.5
Seminar,Board Meeting,37,1436,Outdoor,Sydney,9,0.55,37,Walking,350.43,452,Vegan,1436,18.24,43.36,1650.78
Networking Event,Workshop,15,1376,Convention Center,Tokyo,15,1.07,15,Walking,52.81,14,Non-Vegetarian,1376,9.74,28.01,5011.88
Networking,Networking Event,43,1471,Convention Center,New York,14,1.58,43,Plane,483.37,453,Vegetarian,1471,5.93,17.26,57470.11
Corporate Training,Product Launch,14,1813,Hotel,Tokyo,39,1.34,14,Car,176.06,446,Vegetarian,1813,8.88,26.21,19645.28
Conference,Networking Event,16,1679,Outdoor,Paris,30,1.87,16,Walking,270.99,400,Vegan,1679,19.46,18.73,2204.18
Team Building,Corporate Training,6,595,Outdoor,Dubai,27,1.2,6,Plane,362.59,376,Non-Vegetarian,595,1.05,36.01,36337.28
Team Building,Board Meeting,11,1085,Hotel,Paris,41,0.57,11,Bicycle,374.97,11,Vegetarian,1085,11.4,9.03,1796.89
Lancement de Produit,Corporate Training,43,15,Office,New York,17,0.44,43,Bicycle,419.27,453,Vegan,15,2.73,11.56,204.4
Corporate Training,Seminar,28,1141,Coworking Space,Berlin,14,1.04,28,Car,431.72,351,Vegan,1141,7.51,27.18,33236.3
Networking,Board Meeting,32,1645,Outdoor,Tokyo,5,1.65,32,Bicycle,470.71,172,Mixed,1645,8.59,16.95,4295.58
Networking Event,Trade Show,38,1317,Outdoor,Dubai,11,0.58,38,Plane,325.74,172,Mixed,1317,12.42,27.51,17500.4
Atelier,Board Meeting,38,1993,Coworking Space,Paris,26,1.57,38,Bus,372.71,122,Vegan,1993,11.3,40.89,5601.2
Formation,Corporate Training,33,536,Coworking Space,London,41,0.19,33,Plane,421.44,411,Vegetarian,536,19.08,2.28,44278.22
Conference,Conference,20,1942,Coworking Space,Tokyo,45,1.01,20,Walking,163.25,480,Vegetarian,1942,0.87,14.32,3397.88
Événement de Bienfaisance,Conference,11,734,Office,Tokyo,16,1.29,11,Car,126.73,237,Non-Vegetarian,734,15.63,24.39,9069.91
Conférence,Corporate Training,29,542,Outdoor,Sydney,11,1.99,29,Plane,178.53,447,Vegetarian,542,19.0,1.22,21121.57
Événement de Bienfaisance,Fundraiser,3,1639,Convention Center,Paris,50,0.85,3,Walking,374.36,114,Mixed,1639,8.32,31.07,4240.03
Product Launch,Trade Show,10,694,Hotel,Paris,25,1.83,10,Bus,243.7,215,Vegetarian,694,18.5,19.63,4489.74
Atelier,Product Launch,47,429,Coworking Space,London,30,1.84,47,Bicycle,207.28,131,Mixed,429,5.38,33.2,2446.86
Team Building,Workshop,48,1434,Office,London,7,1.38,48,Walking,90.07,498,Vegetarian,1434,1.5,22.51,2430.86
Conference,Trade Show,39,97,Coworking Space,Tokyo,45,1.28,39,Bicycle,207.36,298,Non-Vegetarian,97,4.25,18.74,1508.68
Product Launch,Team Building,35,861,Office,Dubai,33,0.9,35,Bus,324.22,158,Mixed,861,11.58,32.28,5833.58
Corporate Training,Board Meeting,6,848,Convention Center,London,21,1.32,6,Bicycle,176.15,358,Mixed,848,5.68,15.29,2245.1
Lancement de Produit,Workshop,29,648,Coworking Space,Berlin,36,0.45,29,Walking,72.29,80,Non-Vegetarian,648,17.12,27.08,2591.3
Atelier,Product Launch,36,471,Coworking Space,Dubai,22,0.5,36,Train,194.75,468,Vegetarian,471,19.56,19.65,4628.64
Conference,Team Building,5,892,Hotel,Dubai,11,0.6,5,Train,149.76,98,Non-Vegetarian,892,10.72,4.12,3755.24
Conférence,Team Building,3,1811,Office,Paris,33,1.72,3,Plane,318.67,287,Vegetarian,1811,4.67,39.62,25754.79
Networking Event,Team Building,23,721,Outdoor,Tokyo,39,1.04,23,Car,476.23,420,Non-Vegetarian,721,2.11,39.55,45076.75
Seminar,Networking Event,37,1421,Coworking Space,Paris,35,1.74,37,Walking,225.6,275,Mixed,1421,10.21,5.89,4711.35
Networking,Board Meeting,32,390,Outdoor,Tokyo,30,1.56,32,Bus,129.08,149,Mixed,390,4.87,11.5,2910.52
Networking Event,Conference,12,844,Outdoor,Berlin,27,0.64,12,Car,237.65,206,Non-Vegetarian,844,6.79,31.66,13415.32
Product Launch,Board Meeting,2,1627,Office,London,13,1.94,2,Walking,497.32,428,Non-Vegetarian,1627,12.51,47.62,5839.98
Atelier,Seminar,43,724,Office,New York,10,0.22,43,Train,394.54,108,Non-Vegetarian,724,5.94,28.27,4354.13
Trade Show,Workshop,25,1555,Hotel,Sydney,34,1.18,25,Walking,434.16,340,Vegetarian,1555,19.21,46.08,2964.58
Atelier,Team Building,11,1435,Office,London,6,0.1,11,Car,145.52,50,Vegetarian,1435,12.71,10.03,3729.24
Corporate Training,Board Meeting,28,1462,Convention Center,London,12,0.61,28,Walking,174.0,44,Mixed,1462,15.08,42.91,3873.46
Corporate Training,Product Launch,22,1113,Outdoor,Paris,28,0.5,22,Car,247.93,364,Mixed,1113,13.86,21.8,21959.59
Team Building,Corporate Training,17,1204,Hotel,Berlin,15,1.19,17,Car,44.15,245,Non-Vegetarian,1204,14.93,40.46,6748.02
Atelier,Trade Show,11,651,Convention Center,Berlin,39,0.5,11,Train,127.93,42,Mixed,651,16.69,10.62,2004.29
Seminar,Seminar,14,994,Coworking Space,London,50,1.24,14,Car,111.83,422,Vegetarian,994,15.18,25.47,11916.67
Seminar,Team Building,45,508,Coworking Space,Paris,10,0.66,45,Bus,206.39,198,Non-Vegetarian,508,8.05,10.96,4416.43
Conference,Team Building,31,1102,Convention Center,Dubai,27,1.0,31,Bus,89.11,223,Vegetarian,1102,16.75,37.27,3371.83
Conférence,Workshop,47,1760,Hotel,New York,20,1.99,47,Plane,11.83,402,Vegan,1760,15.2,11.91,3938.43
Networking Event,Board Meeting,47,388,Hotel,Paris,11,0.39,47,Train,371.57,401,Non-Vegetarian,388,2.62,31.33,7486.7
Board Meeting,Networking Event,8,1758,Hotel,Sydney,18,0.54,8,Bus,65.66,441,Vegetarian,1758,15.48,7.0,4458.2
Conférence,Product Launch,39,811,Convention Center,Berlin,48,0.67,39,Walking,492.33,378,Vegan,811,8.65,46.16,1547.74
Conférence,Workshop,13,88,Hotel,New York,15,0.46,13,Bus,275.89,214,Vegetarian,88,7.48,11.97,3758.18
Conférence,Networking Event,11,1311,Coworking Space,Paris,18,1.28,11,Bicycle,454.47,64,Mixed,1311,1.85,14.67,3437.26
Formation,Product Launch,9,1042,Hotel,Tokyo,9,0.6,9,Walking,442.32,347,Vegan,1042,9.67,24.87,1135.38
Conférence,Conference,40,150,Convention Center,Paris,40,1.37,40,Plane,294.69,172,Vegan,150,17.21,29.09,14010.27
Networking Event,Product Launch,16,641,Hotel,Tokyo,14,1.92,16,Car,470.84,475,Non-Vegetarian,641,6.68,19.06,49476.31
Conference,Corporate Training,29,1836,Hotel,Berlin,22,1.86,29,Walking,487.17,65,Vegan,1836,14.74,9.93,2478.68
Networking,Corporate Training,21,659,Coworking Space,London,27,1.51,21,Walking,480.55,44,Vegetarian,659,10.6,22.0,1481.79
Workshop,Team Building,41,843,Coworking Space,New York,36,1.74,41,Plane,197.65,266,Vegan,843,4.84,27.94,15336.41
Conference,Trade Show,23,1251,Coworking Space,Paris,36,0.31,23,Train,71.64,188,Vegan,1251,3.99,34.91,1995.87
Atelier,Seminar,15,1026,Convention Center,London,37,1.46,15,Plane,443.05,456,Vegetarian,1026,7.73,37.67,52542.65
Fundraiser,Networking Event,7,1424,Outdoor,Dubai,15,0.86,7,Bus,361.04,67,Mixed,1424,8.09,5.71,5084.13
Conférence,Conference,47,561,Hotel,Dubai,7,1.24,47,Plane,63.47,42,Mixed,561,8.56,29.81,2349.65
Corporate Training,Product Launch,14,866,Coworking Space,Berlin,9,0.78,14,Train,390.35,61,Non-Vegetarian,866,1.19,9.0,4052.97
Networking,Board Meeting,30,500,Hotel,Berlin,32,1.47,30,Train,424.43,146,Vegetarian,500,3.51,25.84,3992.97
Trade Show,Board Meeting,25,922,Coworking Space,Sydney,28,1.54,25,Car,182.46,407,Mixed,922,13.14,39.9,18544.94
Réunion du Conseil,Conference,20,1970,Coworking Space,Dubai,33,1.79,20,Train,232.79,479,Vegan,1970,10.68,34.97,7112.26
Événement de Bienfaisance,Board Meeting,18,1601,Convention Center,Tokyo,47,0.76,18,Walking,458.12,168,Non-Vegetarian,1601,12.78,6.13,5962.8
Networking,Conference,29,1210,Coworking Space,Berlin,20,0.49,29,Train,72.45,281,Mixed,1210,6.9,11.94,4019.12
Networking,Corporate Training,9,104,Hotel,Paris,28,0.23,9,Train,243.27,224,Non-Vegetarian,104,17.12,27.02,2660.96
Conférence,Corporate Training,32,859,Office,Dubai,15,0.64,32,Plane,294.09,380,Mixed,859,7.86,48.5,30352.37
Board Meeting,Networking Event,24,858,Coworking Space,Dubai,35,1.51,24,Car,286.32,396,Vegan,858,14.03,41.33,25413.29
Formation,Workshop,20,38,Office,New York,21,1.95,20,Walking,445.98,364,Vegetarian,38,1.08,18.07,504.8
Séminaire,Conference,13,13,Outdoor,Tokyo,22,0.28,13,Plane,105.47,500,Non-Vegetarian,13,4.24,24.69,13327.15
Corporate Training,Workshop,43,1191,Hotel,Dubai,39,0.39,43,Bus,328.75,96,Non-Vegetarian,1191,0.72,23.81,6438.18
Événement de Bienfaisance,Conference,17,1178,Hotel,London,25,1.0,17,Car,296.63,292,Non-Vegetarian,1178,14.92,46.74,22648.17
Séminaire,Seminar,43,719,Hotel,Sydney,20,1.22,43,Bicycle,277.95,136,Vegetarian,719,18.8,9.27,1659.24
Networking,Board Meeting,26,1261,Outdoor,Berlin,24,0.96,26,Bicycle,427.86,426,Mixed,1261,12.93,26.65,3531.18
Fundraiser,Trade Show,28,1858,Coworking Space,Dubai,26,0.58,28,Train,334.54,475,Non-Vegetarian,1858,11.83,5.7,13105.44
Board Meeting,Networking Event,27,1784,Outdoor,Sydney,39,1.64,27,Bicycle,125.71,477,Mixed,1784,19.1,21.76,5405.18
Team Building,Workshop,41,198,Outdoor,New York,20,0.94,41,Car,375.18,315,Vegan,198,14.85,16.97,25465.2
Seminar,Board Meeting,23,830,Office,Dubai,13,1.88,23,Walking,474.11,470,Non-Vegetarian,830,15.56,8.0,3233.18
Événement de Bienfaisance,Corporate Training,43,1364,Hotel,Dubai,5,1.72,43,Bicycle,440.06,499,Vegan,1364,1.77,1.79,1556.02
Séminaire,Fundraiser,22,152,Coworking Space,New York,38,1.7,22,Walking,370.73,225,Vegan,152,9.08,14.08,908.92
Conférence,Conference,32,1286,Hotel,London,13,1.55,32,Bicycle,276.09,223,Vegetarian,1286,17.83,43.89,2374.84
Lancement de Produit,Team Building,20,687,Hotel,Paris,41,1.24,20,Car,59.91,216,Mixed,687,17.23,19.49,5016.86
Corporate Training,Workshop,44,915,Hotel,Dubai,40,0.44,44,Bus,19.5,109,Vegan,915,3.02,27.77,1491.31
Fundraiser,Board Meeting,42,1375,Coworking Space,New York,46,0.3,42,Train,495.98,302,Mixed,1375,11.78,9.54,9761.38
Corporate Training,Team Building,20,587,Coworking Space,Tokyo,50,0.81,20,Walking,191.33,340,Vegetarian,587,3.61,19.98,1332.68
Networking Event,Conference,43,354,Coworking Space,Berlin,16,1.08,43,Car,411.66,161,Non-Vegetarian,354,9.35,27.7,15602.84
Team Building,Trade Show,13,1793,Office,London,35,0.21,13,Bicycle,483.45,260,Mixed,1793,1.2,48.43,4629.53
Networking,Trade Show,21,636,Outdoor,Tokyo,43,1.87,21,Bus,291.68,280,Mixed,636,5.21,13.46,7371.87
Team Building,Workshop,30,1266,Office,New York,38,1.58,30,Bus,12.75,35,Vegetarian,1266,18.96,23.53,2911.36
Workshop,Board Meeting,47,532,Hotel,Tokyo,50,1.63,47,Walking,8.95,164,Non-Vegetarian,532,9.91,34.1,3865.27
Formation,Trade Show,42,1508,Coworking Space,New York,25,1.18,42,Car,335.82,97,Vegan,1508,19.26,45.02,9096.71
Team Building,Conference,21,630,Coworking Space,Berlin,15,0.36,21,Bus,158.0,448,Vegetarian,630,14.87,20.1,5318.68
Événement de Bienfaisance,Team Building,41,706,Outdoor,New York,9,0.27,41,Bicycle,450.86,111,Non-Vegetarian,706,19.58,13.42,2586.82
Board Meeting,Conference,8,853,Office,London,15,0.51,8,Walking,110.15,382,Non-Vegetarian,853,8.63,41.89,3117.14
Networking Event,Seminar,41,918,Office,Paris,11,0.42,41,Plane,109.37,165,Mixed,918,10.47,32.08,6986.32
Conférence,Networking Event,48,299,Office,New York,42,1.26,48,Car,48.28,253,Vegan,299,1.54,4.6,4146.48
Conférence,Product Launch,34,158,Outdoor,Dubai,19,1.64,34,Bicycle,493.35,137,Mixed,158,13.62,33.22,1018.4
Événement de Bienfaisance,Workshop,24,1480,Office,New York,25,1.29,24,Plane,168.91,352,Non-Vegetarian,1480,11.42,34.03,20521.98
Product Launch,Trade Show,35,972,Convention Center,Paris,17,0.32,35,Train,265.37,368,Mixed,972,0.51,6.36,6445.19
Networking Event,Conference,39,702,Office,New York,39,0.34,39,Walking,55.76,322,Vegetarian,702,16.13,19.16,1382.15
Networking,Fundraiser,43,1012,Hotel,Sydney,45,0.97,43,Plane,243.59,383,Non-Vegetarian,1012,12.55,44.0,27917.32
Séminaire,Seminar,45,914,Hotel,Paris,10,0.43,45,Bus,61.32,87,Mixed,914,8.6,9.16,2737.36
Séminaire,Trade Show,8,1416,Outdoor,New York,29,1.22,8,Car,157.22,222,Vegetarian,1416,10.94,47.77,9712.54
Board Meeting,Conference,46,1100,Hotel,Tokyo,40,1.76,46,Plane,233.65,463,Vegetarian,1100,5.97,3.97,30334.07
Seminar,Board Meeting,4,903,Convention Center,Berlin,44,0.34,4,Bicycle,100.79,387,Mixed,903,2.23,19.84,2331.56
Workshop,Seminar,3,1226,Coworking Space,Berlin,43,1.27,3,Car,110.72,319,Vegan,1226,7.2,44.69,8828.83
Workshop,Corporate Training,40,72,Office,Sydney,34,1.27,40,Walking,196.64,395,Vegetarian,72,0.82,11.94,997.12
Product Launch,Product Launch,28,268,Convention Center,Sydney,22,1.59,28,Bus,450.18,196,Vegan,268,17.92,34.18,6156.04
Networking Event,Trade Show,36,1028,Coworking Space,Dubai,40,0.99,36,Plane,100.38,464,Mixed,1028,19.69,49.38,15065.02
Atelier,Trade Show,10,943,Office,Tokyo,27,1.19,10,Bus,435.44,414,Non-Vegetarian,943,19.71,3.77,14324.44
Lancement de Produit,Conference,24,1801,Convention Center,Tokyo,43,0.96,24,Car,176.69,397,Non-Vegetarian,1801,9.61,26.17,21601.07
Événement de Bienfaisance,Board Meeting,37,350,Coworking Space,Sydney,26,1.32,37,Bus,399.26,392,Non-Vegetarian,350,14.35,25.73,11330.68
Conference,Conference,42,1232,Outdoor,Tokyo,22,1.31,42,Train,114.87,293,Mixed,1232,19.44,39.33,5149.04
Lancement de Produit,Workshop,16,612,Office,Dubai,43,1.03,16,Bicycle,451.42,389,Non-Vegetarian,612,0.87,14.39,2526.84
Fundraiser,Corporate Training,12,1518,Office,Tokyo,19,1.93,12,Walking,260.48,487,Mixed,1518,8.1,41.14,4113.5
Conférence,Networking Event,24,626,Coworking Space,Dubai,20,0.43,24,Car,307.99,447,Non-Vegetarian,626,14.06,38.93,31311.2
Workshop,Trade Show,39,1012,Office,Dubai,36,1.72,39,Train,207.9,283,Vegetarian,1012,5.72,27.11,5144.53
Conference,Corporate Training,26,1882,Coworking Space,London,8,1.46,26,Train,405.51,178,Vegan,1882,6.61,47.11,5028.51
Trade Show,Trade Show,19,940,Hotel,New York,44,1.19,19,Bus,491.23,497,Vegetarian,940,11.22,28.96,16636.26
Trade Show,Trade Show,28,1871,Hotel,New York,23,1.65,28,Walking,91.5,255,Vegetarian,1871,15.21,15.0,3398.22
Réunion du Conseil,Seminar,30,282,Hotel,Tokyo,33,1.9,30,Bus,198.95,259,Vegetarian,282,11.75,35.21,4549.1
Trade Show,Fundraiser,33,1010,Convention Center,London,14,0.42,33,Train,371.13,470,Non-Vegetarian,1010,3.81,39.54,10695.96
Atelier,Corporate Training,30,344,Hotel,New York,20,1.93,30,Train,278.33,445,Non-Vegetarian,344,14.68,16.6,6799.83
Conference,Team Building,45,297,Outdoor,New York,32,0.52,45,Plane,349.39,307,Mixed,297,17.66,14.43,27996.76
Team Building,Conference,2,38,Office,Paris,24,1.7,2,Bicycle,377.5,455,Vegetarian,38,15.49,47.47,223.72
Lancement de Produit,Trade Show,41,170,Office,New York,20,0.49,41,Bicycle,260.25,120,Mixed,170,17.71,47.2,755.72
Trade Show,Seminar,34,486,Hotel,Berlin,50,1.64,34,Bicycle,308.43,142,Non-Vegetarian,486,9.55,30.85,3175.8
Corporate Training,Networking Event,39,1204,Hotel,Dubai,31,0.72,39,Walking,294.61,14,Vegetarian,1204,8.06,35.8,2328.96
Trade Show,Networking Event,48,33,Outdoor,Sydney,44,0.43,48,Bicycle,173.54,489,Non-Vegetarian,33,7.13,9.45,602.74
Conference,Trade Show,17,892,Convention Center,Tokyo,33,1.48,17,Walking,25.17,343,Vegetarian,892,2.72,8.08,1774.74
Trade Show,Networking Event,3,194,Convention Center,Tokyo,12,0.94,3,Bus,238.75,371,Non-Vegetarian,194,16.02,10.36,6063.26
Team Building,Seminar,16,1816,Hotel,Tokyo,24,1.53,16,Bus,24.25,374,Vegetarian,1816,6.71,22.56,3620.47
Lancement de Produit,Networking Event,34,1000,Hotel,Sydney,23,1.94,34,Plane,123.91,197,Mixed,1000,1.39,42.85,9449.59
Workshop,Conference,18,516,Outdoor,Tokyo,48,1.69,18,Bus,182.68,453,Vegetarian,516,9.97,18.59,6526.44
Networking,Fundraiser,11,1748,Convention Center,Sydney,48,1.33,11,Plane,324.99,231,Vegan,1748,0.93,46.79,20962.73
Réunion du Conseil,Seminar,34,1247,Hotel,New York,28,1.47,34,Bicycle,372.19,216,Vegan,1247,19.24,18.36,2021.92
Team Building,Trade Show,15,763,Coworking Space,Dubai,44,1.62,15,Bus,389.15,297,Vegetarian,763,8.46,45.37,8721.41
Board Meeting,Corporate Training,6,1168,Outdoor,Tokyo,35,0.68,6,Bicycle,121.99,375,Vegan,1168,10.57,6.53,1273.6
Seminar,Corporate Training,14,1929,Outdoor,Tokyo,42,0.27,14,Walking,25.23,195,Non-Vegetarian,1929,8.23,47.57,6942.48
Team Building,Trade Show,29,1022,Outdoor,London,25,0.55,29,Train,491.69,313,Vegetarian,1022,11.08,45.41,8001.31
Lancement de Produit,Corporate Training,2,626,Convention Center,Sydney,35,1.11,2,Plane,81.95,100,Vegetarian,626,13.34,23.72,3100.72
Réunion du Conseil,Seminar,2,1783,Convention Center,New York,26,0.97,2,Train,360.94,487,Mixed,1783,2.38,27.87,11574.33
Fundraiser,Board Meeting,12,1233,Outdoor,Dubai,9,1.31,12,Walking,39.37,78,Mixed,1233,6.79,27.33,3221.48
Formation,Trade Show,28,1723,Coworking Space,London,23,1.29,28,Train,139.2,59,Vegetarian,1723,5.95,29.29,3398.87
Lancement de Produit,Workshop,31,1378,Hotel,Tokyo,32,0.54,31,Train,141.66,127,Vegetarian,1378,0.97,25.64,3107.69
Conférence,Team Building,11,1611,Convention Center,Berlin,6,0.58,11,Walking,357.2,264,Mixed,1611,6.82,2.81,4065.9
Conference,Product Launch,27,978,Outdoor,Dubai,25,1.9,27,Plane,254.11,264,Vegetarian,978,12.71,11.01,18926.95
Conférence,Team Building,47,999,Outdoor,London,19,0.4,47,Train,440.47,178,Mixed,999,11.59,27.87,5891.17
Séminaire,Corporate Training,7,1029,Outdoor,New York,34,1.37,7,Walking,90.35,25,Vegetarian,1029,9.83,8.32,1742.83
Networking,Team Building,28,1112,Coworking Space,Sydney,41,0.68,28,Train,281.33,497,Non-Vegetarian,1112,11.25,8.7,9915.06
Trade Show,Board Meeting,6,886,Coworking Space,Sydney,37,1.72,6,Bus,481.65,475,Vegetarian,886,12.08,2.12,15275.34
Conference,Corporate Training,48,1969,Convention Center,New York,41,1.45,48,Bicycle,257.95,295,Mixed,1969,8.71,47.91,6462.54
Formation,Trade Show,10,48,Office,Berlin,6,1.14,10,Train,104.6,281,Vegan,48,12.36,41.63,1365.88
Corporate Training,Corporate Training,25,1273,Office,Paris,12,0.94,25,Plane,415.73,175,Vegetarian,1273,11.59,28.36,20318.59
Lancement de Produit,Corporate Training,29,738,Office,New York,39,0.69,29,Car,215.86,69,Mixed,738,10.34,1.43,5386.55
Séminaire,Seminar,2,1084,Convention Center,Paris,15,0.6,2,Walking,290.29,493,Non-Vegetarian,1084,17.74,25.28,3889.04
Conference,Workshop,12,648,Coworking Space,Paris,49,0.86,12,Car,24.34,56,Mixed,648,9.8,49.46,2277.6
Formation,Corporate Training,17,1020,Hotel,Tokyo,24,0.29,17,Bus,350.14,310,Non-Vegetarian,1020,5.07,10.01,10171.92
Trade Show,Networking Event,41,1222,Office,Paris,8,1.92,41,Bus,169.57,272,Vegan,1222,5.18,22.24,4359.1
Trade Show,Trade Show,35,805,Outdoor,Paris,40,0.55,35,Bus,154.13,156,Vegetarian,805,14.95,28.49,3122.04
Atelier,Trade Show,25,732,Coworking Space,Paris,17,1.65,25,Bus,418.64,379,Mixed,732,10.95,29.93,11782.26
Conference,Board Meeting,37,1654,Convention Center,Sydney,20,1.19,37,Train,498.01,130,Non-Vegetarian,1654,2.08,17.79,8858.69
Board Meeting,Trade Show,25,1436,Outdoor,London,23,0.22,25,Plane,466.46,70,Non-Vegetarian,1436,18.38,45.78,13380.62
Trade Show,Board Meeting,27,1483,Convention Center,Paris,7,0.84,27,Train,54.09,73,Vegetarian,1483,10.57,28.13,2539.22
Lancement de Produit,Product Launch,36,881,Office,London,33,1.87,36,Walking,232.38,328,Non-Vegetarian,881,0.57,48.61,4292.64
Conference,Corporate Training,8,220,Outdoor,Paris,36,0.23,8,Train,105.71,482,Vegan,220,9.21,10.54,2330.71
Réunion du Conseil,Workshop,45,469,Office,London,25,0.49,45,Car,414.87,331,Vegetarian,469,8.4,37.49,29908.52
Lancement de Produit,Product Launch,16,1482,Hotel,Dubai,37,1.3,16,Walking,150.67,44,Vegetarian,1482,13.99,13.45,2662.68
Team Building,Board Meeting,19,1289,Hotel,Berlin,23,0.85,19,Walking,43.7,392,Mixed,1289,2.11,38.73,3489.9
Réunion du Conseil,Corporate Training,28,1659,Hotel,Berlin,7,1.09,28,Walking,371.27,427,Vegan,1659,2.96,30.78,1833.3
Lancement de Produit,Board Meeting,6,1432,Convention Center,Dubai,18,1.0,6,Bus,406.37,73,Non-Vegetarian,1432,8.31,10.07,6882.66
Formation,Corporate Training,8,1884,Outdoor,Tokyo,41,0.37,8,Car,224.48,145,Non-Vegetarian,1884,16.1,47.85,13618.0
Formation,Corporate Training,34,362,Hotel,Dubai,13,0.69,34,Bicycle,202.61,50,Vegetarian,362,18.02,44.97,821.47
Formation,Product Launch,26,456,Outdoor,London,34,1.17,26,Train,269.08,69,Non-Vegetarian,456,1.95,41.0,2941.7
Conférence,Product Launch,33,484,Office,New York,5,0.73,33,Plane,407.47,337,Vegetarian,484,0.93,25.1,35167.63
Formation,Product Launch,39,476,Convention Center,Sydney,44,0.55,39,Walking,288.2,462,Vegan,476,8.3,30.35,1025.2
Événement de Bienfaisance,Workshop,24,1536,Coworking Space,London,18,1.21,24,Car,492.2,97,Mixed,1536,11.34,45.08,14240.31
Événement de Bienfaisance,Networking Event,12,937,Coworking Space,New York,31,1.08,12,Bicycle,38.24,29,Vegetarian,937,18.17,15.82,1674.36
Seminar,Product Launch,17,580,Coworking Space,London,22,0.26,17,Walking,13.19,198,Mixed,580,6.06,34.26,1579.26
Product Launch,Workshop,45,1712,Outdoor,London,44,0.21,45,Walking,247.08,334,Vegan,1712,14.65,42.29,2033.78
Atelier,Fundraiser,46,1999,Coworking Space,Sydney,11,1.77,46,Car,88.69,395,Vegan,1999,19.51,48.08,9938.83
Lancement de Produit,Board Meeting,8,1063,Coworking Space,Tokyo,37,0.52,8,Plane,201.26,74,Vegan,1063,16.79,3.17,4903.19
Product Launch,Conference,36,501,Hotel,Dubai,30,1.75,36,Bicycle,68.55,344,Vegan,501,14.41,23.37,1521.56
Lancement de Produit,Team Building,21,1236,Coworking Space,Berlin,15,0.14,21,Bicycle,94.56,401,Non-Vegetarian,1236,7.86,20.48,4404.73
Networking Event,Team Building,6,911,Convention Center,Berlin,43,0.85,6,Bicycle,249.57,481,Vegan,911,4.92,25.46,1081.41
Seminar,Workshop,15,1631,Coworking Space,Sydney,13,0.31,15,Train,429.13,126,Mixed,1631,7.11,12.06,6308.88
Fundraiser,Seminar,30,1357,Office,Berlin,50,0.72,30,Plane,455.69,160,Vegetarian,1357,10.2,12.59,20848.68
Networking Event,Product Launch,30,884,Coworking Space,Berlin,39,0.45,30,Walking,134.72,432,Non-Vegetarian,884,7.17,18.32,3408.23
Fundraiser,Board Meeting,43,1309,Outdoor,London,8,1.81,43,Car,196.96,149,Vegan,1309,7.53,36.99,7872.24
Networking,Workshop,42,1526,Hotel,Paris,31,1.45,42,Train,379.78,110,Vegan,1526,11.17,25.08,4213.48
Product Launch,Conference,31,509,Coworking Space,Sydney,16,1.5,31,Car,289.36,296,Vegan,509,10.69,26.76,18942.52
Corporate Training,Corporate Training,9,1338,Office,Dubai,37,0.61,9,Bus,435.5,177,Vegan,1338,19.06,40.9,6184.49
Séminaire,Conference,46,481,Outdoor,Tokyo,18,1.17,46,Bicycle,119.42,460,Vegan,481,11.1,26.85,1041.28
Séminaire,Networking Event,40,960,Convention Center,Paris,40,0.81,40,Plane,420.77,328,Vegetarian,960,18.69,22.64,36673.8
Networking,Fundraiser,45,1185,Hotel,Sydney,25,1.26,45,Plane,409.36,465,Non-Vegetarian,1185,18.48,4.01,52489.33
Product Launch,Fundraiser,17,312,Hotel,Berlin,48,0.26,17,Bicycle,105.47,294,Non-Vegetarian,312,8.26,30.83,1276.26
Corporate Training,Trade Show,12,1932,Outdoor,Tokyo,19,1.53,12,Bicycle,172.57,132,Non-Vegetarian,1932,0.78,48.44,7034.86
Conference,Networking Event,46,340,Outdoor,Tokyo,26,0.96,46,Car,163.96,411,Mixed,340,12.59,34.14,15668.93
Fundraiser,Corporate Training,7,386,Coworking Space,New York,12,0.85,7,Bus,119.03,232,Non-Vegetarian,386,9.9,40.17,3143.74
Conférence,Board Meeting,41,284,Coworking Space,Paris,38,1.59,41,Bus,277.99,284,Vegetarian,284,18.51,8.53,6455.64
Conference,Fundraiser,27,769,Outdoor,Paris,43,1.67,27,Bicycle,252.53,45,Non-Vegetarian,769,14.2,30.2,3749.74
Lancement de Produit,Product Launch,19,673,Outdoor,Paris,23,0.44,19,Train,368.1,226,Vegetarian,673,17.0,14.09,4495.44
Product Launch,Conference,16,622,Office,Tokyo,19,1.56,16,Plane,44.6,57,Mixed,622,11.57,37.96,2526.73
Fundraiser,Trade Show,12,752,Hotel,Dubai,24,1.76,12,Bus,154.21,51,Vegetarian,752,2.46,49.0,1956.24
Fundraiser,Corporate Training,19,734,Convention Center,London,14,1.56,19,Bus,277.98,165,Non-Vegetarian,734,6.57,47.24,5636.1
Réunion du Conseil,Board Meeting,42,1003,Hotel,New York,14,1.85,42,Bicycle,486.9,252,Vegan,1003,13.62,31.15,1636.44
Seminar,Networking Event,44,1565,Hotel,Berlin,33,0.76,44,Walking,142.66,280,Mixed,1565,5.45,35.81,4546.78
Networking Event,Conference,26,302,Convention Center,Dubai,48,1.02,26,Plane,114.78,410,Vegan,302,10.63,16.37,12757.43
Networking Event,Team Building,20,992,Office,Paris,18,0.76,20,Plane,193.89,251,Mixed,992,4.87,1.56,14796.26
Corporate Training,Product Launch,1,1300,Coworking Space,New York,20,1.86,1,Train,237.63,256,Non-Vegetarian,1300,16.12,18.8,7071.77
Séminaire,Conference,36,1328,Convention Center,Sydney,49,0.49,36,Plane,203.75,492,Non-Vegetarian,1328,9.24,11.53,30182.97
Product Launch,Trade Show,26,22,Convention Center,London,9,0.97,26,Car,487.76,230,Vegan,22,1.2,20.37,23737.44
Workshop,Conference,34,1688,Office,London,38,0.6,34,Walking,50.83,242,Mixed,1688,7.97,19.83,4663.2
Networking,Networking Event,43,279,Outdoor,Sydney,21,1.07,43,Plane,267.02,389,Non-Vegetarian,279,0.63,36.19,27500.94
Trade Show,Seminar,6,1811,Convention Center,Berlin,37,1.78,6,Bicycle,191.62,13,Mixed,1811,16.81,27.3,4813.3
Réunion du Conseil,Conference,43,118,Coworking Space,New York,33,0.73,43,Walking,159.69,89,Mixed,118,14.22,44.1,929.57
Réunion du Conseil,Seminar,47,1341,Outdoor,Dubai,42,1.04,47,Bicycle,294.66,128,Mixed,1341,2.12,39.8,4462.82
Product Launch,Workshop,5,1587,Office,Paris,28,1.18,5,Bus,247.06,54,Mixed,1587,7.98,28.73,4923.99
Seminar,Seminar,10,1978,Office,New York,13,1.28,10,Bus,376.17,222,Mixed,1978,1.95,37.08,10116.84
Networking Event,Workshop,45,1235,Office,Dubai,13,1.45,45,Car,185.46,80,Non-Vegetarian,1235,14.77,26.79,7945.47
Trade Show,Fundraiser,4,1155,Outdoor,Berlin,14,1.51,4,Plane,257.79,238,Mixed,1155,4.94,21.58,18321.33
Seminar,Workshop,27,1488,Convention Center,Tokyo,18,1.59,27,Train,219.8,185,Non-Vegetarian,1488,2.39,3.92,7233.51
Réunion du Conseil,Networking Event,36,554,Coworking Space,Paris,28,1.77,36,Bicycle,489.86,375,Non-Vegetarian,554,11.63,44.85,2944.04
Seminar,Seminar,39,439,Hotel,London,40,0.42,39,Bus,120.84,318,Mixed,439,2.54,31.46,3798.73
Trade Show,Workshop,27,873,Coworking Space,Berlin,14,1.32,27,Train,419.9,22,Non-Vegetarian,873,12.84,5.82,3711.81
Networking,Conference,19,690,Office,Berlin,36,1.75,19,Bicycle,298.7,254,Vegan,690,3.69,16.69,1329.26
Lancement de Produit,Board Meeting,16,1552,Hotel,Paris,19,1.06,16,Car,393.26,320,Mixed,1552,9.32,42.84,30572.51
Team Building,Product Launch,39,315,Hotel,Paris,36,0.26,39,Train,256.83,497,Vegetarian,315,2.13,49.37,5863.8
Workshop,Seminar,14,1089,Coworking Space,New York,31,0.9,14,Car,481.53,12,Non-Vegetarian,1089,4.2,11.0,5250.66
Fundraiser,Product Launch,42,1838,Outdoor,Tokyo,15,0.52,42,Car,394.44,394,Vegetarian,1838,8.43,37.36,35648.35
Corporate Training,Workshop,44,1264,Office,New York,39,0.6,44,Train,158.97,72,Vegan,1264,4.1,16.06,2276.95
Séminaire,Fundraiser,34,342,Convention Center,Dubai,11,1.84,34,Walking,54.34,394,Vegan,342,9.45,28.47,761.92
Workshop,Seminar,25,588,Outdoor,Paris,18,1.58,25,Train,237.6,114,Mixed,588,12.58,17.19,2968.5
Corporate Training,Seminar,23,675,Coworking Space,Sydney,47,0.6,23,Car,386.81,370,Vegetarian,675,10.41,14.12,31441.0
Séminaire,Board Meeting,31,341,Coworking Space,Sydney,20,0.21,31,Train,138.88,464,Mixed,341,5.75,3.33,3513.37
Conférence,Team Building,34,1030,Office,Berlin,42,0.66,34,Train,127.85,303,Mixed,1030,8.21,49.06,4710.32
Team Building,Networking Event,45,569,Convention Center,Tokyo,48,1.41,45,Walking,380.2,275,Mixed,569,4.22,45.12,3043.98
Conférence,Product Launch,44,1135,Coworking Space,New York,8,1.31,44,Train,145.19,316,Non-Vegetarian,1135,13.17,15.08,6094.76
Conference,Conference,25,665,Convention Center,Paris,40,0.72,25,Plane,473.05,193,Non-Vegetarian,665,8.62,26.19,25581.78
Seminar,Seminar,15,1773,Convention Center,New York,30,1.45,15,Walking,84.18,354,Non-Vegetarian,1773,15.18,41.21,6644.53
Fundraiser,Product Launch,47,1185,Office,Paris,47,0.44,47,Bicycle,216.44,343,Vegan,1185,19.51,33.26,1776.52
Team Building,Corporate Training,12,596,Office,London,50,0.73,12,Plane,19.49,295,Mixed,596,1.15,44.16,3237.01
Atelier,Networking Event,3,1808,Outdoor,Paris,17,0.37,3,Bus,370.47,25,Mixed,1808,14.55,26.14,5166.52
Networking,Trade Show,43,1322,Hotel,Dubai,45,1.38,43,Walking,384.84,63,Mixed,1322,13.97,30.56,4729.21
Réunion du Conseil,Team Building,2,775,Hotel,Sydney,24,1.46,2,Car,191.69,255,Non-Vegetarian,775,8.42,24.73,13078.84
Board Meeting,Trade Show,43,17,Hotel,Paris,40,0.3,43,Walking,355.09,114,Vegetarian,17,10.36,11.83,327.88
Corporate Training,Seminar,33,407,Outdoor,London,13,1.38,33,Train,256.43,13,Vegetarian,407,8.4,29.88,1116.41
Team Building,Product Launch,13,1796,Convention Center,Berlin,29,0.85,13,Plane,374.12,189,Vegan,1796,3.46,43.26,19726.83
Atelier,Trade Show,4,1340,Coworking Space,Paris,25,0.51,4,Bicycle,376.32,136,Vegan,1340,16.51,20.83,1440.18
Fundraiser,Product Launch,6,1199,Outdoor,Paris,15,0.44,6,Plane,299.79,192,Vegan,1199,17.72,17.27,15678.7
Réunion du Conseil,Seminar,20,27,Office,Sydney,10,1.1,20,Walking,383.34,486,Non-Vegetarian,27,2.18,39.21,287.28
Formation,Corporate Training,42,397,Convention Center,Sydney,9,1.77,42,Walking,143.22,146,Non-Vegetarian,397,3.37,9.85,1750.47
Réunion du Conseil,Networking Event,1,296,Hotel,Tokyo,46,1.72,1,Train,51.72,453,Vegetarian,296,19.77,24.52,1509.31
Événement de Bienfaisance,Networking Event,32,1990,Hotel,Berlin,19,1.52,32,Train,324.94,402,Vegetarian,1990,0.96,26.73,8727.5
Workshop,Board Meeting,5,548,Convention Center,Tokyo,42,0.19,5,Train,325.05,427,Vegetarian,548,10.26,37.36,6489.04
Workshop,Corporate Training,39,239,Coworking Space,Paris,34,0.51,39,Walking,275.36,442,Mixed,239,11.49,22.14,1002.89
Atelier,Board Meeting,10,790,Outdoor,Tokyo,18,0.73,10,Bus,49.02,32,Vegan,790,19.0,28.37,1044.56
Formation,Workshop,14,194,Office,Sydney,37,0.41,14,Plane,142.21,235,Vegan,194,6.55,1.99,8672.11
Lancement de Produit,Trade Show,16,1478,Office,Paris,12,0.11,16,Car,334.34,377,Vegetarian,1478,8.77,1.1,28717.0
Networking Event,Board Meeting,13,989,Office,London,13,1.05,13,Bicycle,210.53,186,Mixed,989,5.7,31.72,2636.07
Lancement de Produit,Seminar,20,2000,Convention Center,Paris,8,1.85,20,Walking,261.46,119,Non-Vegetarian,2000,13.25,45.79,7266.08
Lancement de Produit,Conference,46,1832,Office,New York,44,1.27,46,Train,181.26,497,Vegan,1832,8.07,22.6,6782.03
Product Launch,Board Meeting,7,91,Convention Center,Dubai,9,1.5,7,Bus,248.87,234,Mixed,91,19.02,25.15,3857.22
Conference,Team Building,1,1689,Coworking Space,Paris,14,1.79,1,Walking,216.91,394,Vegetarian,1689,2.71,21.08,2593.61
Événement de Bienfaisance,Networking Event,40,288,Coworking Space,Sydney,44,1.17,40,Bicycle,243.92,426,Vegetarian,288,9.91,43.25,1567.92
Workshop,Trade Show,13,1761,Office,Berlin,40,1.28,13,Bus,272.49,418,Mixed,1761,16.2,27.52,11656.79
Networking Event,Trade Show,13,408,Coworking Space,Sydney,50,0.87,13,Plane,391.82,254,Vegan,408,15.88,27.75,25658.58
Board Meeting,Team Building,25,575,Coworking Space,Paris,49,0.7,25,Bicycle,254.55,18,Mixed,575,13.61,20.59,1934.65
Board Meeting,Seminar,13,238,Coworking Space,New York,28,0.99,13,Bus,209.42,263,Mixed,238,13.85,37.2,4181.93
Événement de Bienfaisance,Product Launch,5,1078,Hotel,Berlin,30,1.51,5,Plane,473.71,302,Mixed,1078,9.76,5.22,38603.31
Fundraiser,Team Building,21,1341,Coworking Space,Paris,42,0.5,21,Car,308.89,77,Mixed,1341,2.41,18.61,8609.79
Corporate Training,Trade Show,29,1331,Convention Center,Berlin,44,0.53,29,Bus,439.66,31,Non-Vegetarian,1331,6.35,31.55,5890.21
Seminar,Workshop,14,452,Coworking Space,London,9,0.48,14,Car,85.16,216,Mixed,452,2.88,9.25,5047.36
Conference,Team Building,34,1172,Convention Center,Dubai,31,1.65,34,Bicycle,400.43,69,Mixed,1172,0.67,32.52,3865.93
Formation,Fundraiser,19,353,Convention Center,Berlin,20,0.51,19,Train,77.92,28,Vegan,353,0.93,46.81,632.65
Workshop,Board Meeting,28,1810,Office,London,26,1.19,28,Plane,314.63,173,Vegan,1810,17.63,45.66,15977.49
Conférence,Product Launch,27,957,Hotel,Paris,39,1.72,27,Car,86.25,260,Non-Vegetarian,957,10.39,1.55,8988.21
Networking,Product Launch,20,359,Convention Center,Dubai,41,0.72,20,Bus,18.7,274,Vegan,359,19.98,45.1,1091.79
Formation,Team Building,36,1306,Hotel,London,31,1.56,36,Bus,111.73,130,Non-Vegetarian,1306,2.11,44.76,6406.71
Team Building,Corporate Training,33,1946,Convention Center,Berlin,30,0.13,33,Walking,264.38,209,Non-Vegetarian,1946,10.89,16.98,6931.09
Seminar,Networking Event,3,390,Outdoor,Dubai,28,1.57,3,Bus,22.8,386,Mixed,390,16.48,9.83,1621.61
Événement de Bienfaisance,Networking Event,48,271,Coworking Space,Sydney,50,0.32,48,Walking,364.47,455,Mixed,271,4.47,28.63,1127.7
Workshop,Trade Show,41,901,Office,New York,27,1.47,41,Car,362.85,95,Mixed,901,5.11,21.12,10357.46
Board Meeting,Workshop,38,447,Office,Sydney,36,0.92,38,Walking,183.22,412,Mixed,447,1.75,41.86,1834.0
Corporate Training,Corporate Training,27,628,Hotel,Tokyo,25,0.93,27,Bus,155.55,74,Non-Vegetarian,628,19.05,49.53,3339.68
Seminar,Workshop,8,1584,Office,Berlin,15,0.27,8,Walking,142.36,391,Mixed,1584,13.3,24.02,4050.84
Networking,Workshop,16,1268,Hotel,Paris,40,1.89,16,Car,354.02,226,Non-Vegetarian,1268,7.17,25.51,21909.95
Board Meeting,Corporate Training,37,1971,Outdoor,New York,18,0.23,37,Plane,128.13,44,Non-Vegetarian,1971,6.89,26.71,8451.72
Corporate Training,Networking Event,27,1334,Coworking Space,Sydney,27,0.63,27,Bus,173.68,201,Vegetarian,1334,11.22,41.76,4431.18
Séminaire,Trade Show,11,1000,Coworking Space,London,19,0.55,11,Car,401.41,119,Non-Vegetarian,1000,0.76,30.35,13650.93
Corporate Training,Conference,36,1033,Outdoor,New York,41,1.95,36,Bicycle,417.21,480,Vegetarian,1033,10.47,24.98,3059.5
Lancement de Produit,Networking Event,46,412,Office,London,11,0.88,46,Walking,377.9,133,Vegetarian,412,2.38,35.2,915.8
Conférence,Team Building,11,52,Convention Center,Sydney,44,0.57,11,Walking,175.81,429,Mixed,52,8.96,22.63,331.12
Product Launch,Team Building,29,1587,Hotel,Dubai,23,0.15,29,Bus,451.48,183,Vegetarian,1587,5.04,8.03,7413.92
Workshop,Product Launch,29,588,Convention Center,London,36,0.31,29,Train,169.36,236,Mixed,588,1.98,4.77,3244.08
Corporate Training,Board Meeting,38,728,Convention Center,Dubai,10,1.3,38,Train,261.0,370,Vegan,728,9.65,15.4,4887.9
Événement de Bienfaisance,Conference,38,876,Coworking Space,Berlin,8,1.1,38,Bus,129.97,430,Vegan,876,18.91,23.18,4480.61
Board Meeting,Board Meeting,26,386,Office,London,15,0.9,26,Walking,365.27,475,Mixed,386,0.79,35.03,1212.14
Trade Show,Product Launch,37,744,Coworking Space,Paris,17,0.23,37,Bus,308.76,182,Vegan,744,17.02,6.68,4235.39
Team Building,Fundraiser,10,1942,Convention Center,London,19,0.25,10,Bus,148.1,451,Non-Vegetarian,1942,3.1,40.64,10915.82
Réunion du Conseil,Corporate Training,26,1936,Office,Dubai,22,1.28,26,Plane,179.59,227,Vegan,1936,2.66,1.65,12502.43
Lancement de Produit,Conference,16,1487,Outdoor,London,38,1.73,16,Plane,248.8,85,Non-Vegetarian,1487,10.39,47.69,11133.58
Lancement de Produit,Product Launch,8,1055,Convention Center,New York,9,1.87,8,Plane,412.46,248,Vegetarian,1055,16.89,30.99,27318.1
Réunion du Conseil,Conference,23,1776,Outdoor,Sydney,7,1.43,23,Bicycle,65.5,190,Vegetarian,1776,16.25,24.2,2860.01
Réunion du Conseil,Product Launch,37,1907,Hotel,London,13,1.51,37,Bicycle,498.96,202,Vegan,1907,11.91,37.26,2368.49
Événement de Bienfaisance,Seminar,41,1539,Coworking Space,London,24,1.74,41,Train,6.4,131,Mixed,1539,4.8,23.55,4793.82
Séminaire,Fundraiser,48,1844,Convention Center,Sydney,19,1.93,48,Bicycle,296.44,357,Vegan,1844,2.29,30.07,2788.8
Networking,Workshop,47,1809,Hotel,Berlin,21,1.63,47,Bicycle,483.99,74,Vegan,1809,4.67,11.38,2645.5
Atelier,Seminar,30,879,Convention Center,Paris,42,0.82,30,Walking,93.7,32,Vegan,879,2.63,25.95,1452.76
Formation,Seminar,19,489,Hotel,Sydney,43,0.75,19,Bicycle,189.08,184,Mixed,489,15.19,11.07,1581.39
Conference,Networking Event,38,213,Outdoor,Dubai,16,1.28,38,Bicycle,40.06,149,Non-Vegetarian,213,15.61,20.57,1206.98
Formation,Board Meeting,24,1635,Convention Center,New York,37,1.94,24,Train,496.18,111,Vegan,1635,13.63,2.16,4730.98
Workshop,Board Meeting,39,1915,Office,Berlin,16,1.81,39,Train,441.65,216,Vegan,1915,0.62,32.45,6361.72
Lancement de Produit,Workshop,14,1684,Office,Berlin,24,0.95,14,Train,184.22,265,Non-Vegetarian,1684,11.26,6.1,8041.05
Lancement de Produit,Team Building,5,1653,Convention Center,London,33,1.22,5,Walking,114.31,361,Mixed,1653,12.28,12.92,4283.55
Corporate Training,Fundraiser,15,900,Coworking Space,Tokyo,22,1.15,15,Walking,461.76,21,Non-Vegetarian,900,9.18,47.91,3453.93
Board Meeting,Networking Event,16,1340,Hotel,Berlin,23,0.73,16,Walking,52.51,137,Vegan,1340,8.9,8.51,1509.14
Board Meeting,Trade Show,3,750,Office,Dubai,49,0.75,3,Bus,447.43,390,Vegetarian,750,14.67,9.72,11698.77
Conference,Corporate Training,28,1251,Coworking Space,London,35,0.36,28,Car,341.24,21,Non-Vegetarian,1251,18.99,39.34,6176.43
Séminaire,Fundraiser,16,1328,Outdoor,New York,29,1.0,16,Bus,213.76,433,Mixed,1328,7.94,27.41,9176.18
Trade Show,Corporate Training,28,1289,Office,New York,21,1.39,28,Car,369.9,488,Non-Vegetarian,1289,8.69,45.8,42936.49
Team Building,Board Meeting,42,535,Hotel,Berlin,43,1.42,42,Bicycle,352.67,372,Mixed,535,9.33,6.53,2651.48
Fundraiser,Seminar,24,686,Hotel,Berlin,28,1.93,24,Car,119.02,66,Vegetarian,686,16.82,45.5,3451.74
Séminaire,Corporate Training,40,1418,Office,Berlin,36,1.1,40,Bus,124.59,403,Non-Vegetarian,1418,3.39,31.77,8837.91
Team Building,Board Meeting,28,1224,Outdoor,Berlin,5,1.48,28,Car,262.6,459,Vegetarian,1224,5.07,25.43,27312.61
Networking,Team Building,2,1461,Convention Center,Berlin,19,0.91,2,Train,215.13,474,Vegan,1461,4.78,26.58,5619.87
Trade Show,Team Building,20,219,Coworking Space,Sydney,17,0.96,20,Bus,16.16,397,Mixed,219,17.47,36.42,1203.41
Lancement de Produit,Product Launch,7,1150,Hotel,Dubai,26,1.86,7,Bicycle,389.84,308,Vegan,1150,10.99,45.74,1432.72
Team Building,Board Meeting,22,1174,Office,New York,48,1.83,22,Bicycle,37.58,262,Vegetarian,1174,2.84,14.31,2761.54
Séminaire,Networking Event,26,1780,Outdoor,Berlin,10,1.36,26,Train,87.9,351,Mixed,1780,9.1,34.07,5947.26
Corporate Training,Workshop,25,1115,Coworking Space,Dubai,34,1.22,25,Train,37.74,377,Non-Vegetarian,1115,5.88,27.94,5057.76
Réunion du Conseil,Workshop,14,652,Hotel,London,5,1.83,14,Train,460.29,144,Vegetarian,652,3.64,37.67,3775.94
Product Launch,Product Launch,46,1740,Convention Center,Sydney,15,1.67,46,Plane,283.86,500,Mixed,1740,3.49,24.4,40464.43
Événement de Bienfaisance,Trade Show,20,1821,Outdoor,Sydney,28,1.99,20,Train,495.69,262,Vegan,1821,3.61,35.09,7650.43
Corporate Training,Seminar,3,1661,Hotel,Sydney,34,1.8,3,Bus,82.46,200,Vegetarian,1661,12.97,15.43,3629.62
Trade Show,Seminar,8,1964,Outdoor,New York,17,0.53,8,Train,494.81,116,Vegetarian,1964,4.96,5.66,5299.2
Team Building,Conference,38,1527,Outdoor,Sydney,8,1.62,38,Bus,480.53,161,Mixed,1527,7.14,6.3,8732.54
Product Launch,Networking Event,40,192,Outdoor,New York,6,0.9,40,Bicycle,401.02,172,Non-Vegetarian,192,19.11,10.0,838.22
Team Building,Fundraiser,14,403,Coworking Space,New York,5,1.23,14,Bus,356.85,155,Non-Vegetarian,403,1.21,9.41,4793.5
Networking Event,Corporate Training,47,336,Hotel,Dubai,31,1.46,47,Bicycle,231.84,140,Mixed,336,12.21,9.41,1946.85
Product Launch,Workshop,25,220,Office,Berlin,14,0.55,25,Plane,282.17,287,Vegan,220,17.5,1.89,20600.73
Trade Show,Team Building,44,1574,Office,Tokyo,35,0.93,44,Bicycle,78.52,366,Mixed,1574,14.71,1.43,4683.38
Corporate Training,Product Launch,44,1133,Office,Dubai,39,0.93,44,Car,239.98,494,Non-Vegetarian,1133,12.09,1.74,29686.63
Atelier,Product Launch,9,1205,Coworking Space,Dubai,20,1.73,9,Bicycle,123.84,79,Non-Vegetarian,1205,12.51,24.09,4446.4
Networking,Networking Event,11,1480,Hotel,New York,21,1.87,11,Train,7.27,428,Vegan,1480,2.41,40.07,1905.41
Seminar,Team Building,7,1631,Outdoor,New York,44,0.88,7,Plane,189.34,333,Mixed,1631,4.56,14.98,20014.66
Networking,Corporate Training,28,696,Hotel,Paris,39,0.41,28,Train,125.18,103,Mixed,696,16.07,48.8,2609.34
Networking,Workshop,39,492,Convention Center,Paris,30,1.24,39,Plane,405.92,378,Mixed,492,13.97,27.49,40397.76
Séminaire,Team Building,18,1413,Coworking Space,Sydney,22,1.22,18,Walking,448.63,361,Non-Vegetarian,1413,15.6,13.57,5245.4
Corporate Training,Corporate Training,3,1138,Office,Paris,25,0.21,3,Bicycle,414.14,369,Vegan,1138,17.11,16.86,1213.82
Lancement de Produit,Board Meeting,10,607,Office,New York,17,0.41,10,Bicycle,16.96,440,Mixed,607,1.51,7.4,1570.17
Formation,Workshop,42,1284,Convention Center,Tokyo,15,1.0,42,Train,400.2,233,Non-Vegetarian,1284,0.56,23.61,8587.2
Atelier,Workshop,19,496,Hotel,London,28,0.39,19,Plane,72.98,168,Mixed,496,16.42,34.5,4510.74
Trade Show,Team Building,23,1399,Hotel,New York,40,1.59,23,Bicycle,313.36,307,Vegan,1399,3.77,31.28,2200.5
Product Launch,Networking Event,3,79,Coworking Space,Tokyo,5,1.09,3,Bicycle,361.34,147,Mixed,79,12.39,48.88,328.22
Formation,Team Building,24,344,Office,Sydney,7,1.5,24,Bus,247.91,23,Vegetarian,344,5.39,5.51,1005.92
Seminar,Networking Event,33,1680,Office,London,39,0.19,33,Bicycle,4.67,155,Non-Vegetarian,1680,11.6,49.51,6124.49
Conférence,Workshop,3,637,Convention Center,London,16,0.58,3,Train,416.07,264,Vegan,637,17.51,17.43,5114.5
Workshop,Conference,42,1626,Coworking Space,Sydney,32,0.19,42,Car,52.89,60,Vegetarian,1626,11.93,30.77,3318.49
Networking Event,Board Meeting,36,350,Hotel,Dubai,31,0.67,36,Walking,471.49,326,Non-Vegetarian,350,11.51,47.06,1716.0
Lancement de Produit,Seminar,19,1967,Office,Paris,47,0.2,19,Plane,437.44,183,Vegetarian,1967,10.96,12.05,23098.7
Seminar,Corporate Training,43,1697,Office,Sydney,11,1.78,43,Walking,387.38,71,Vegetarian,1697,9.74,44.47,3074.89
Product Launch,Seminar,21,863,Coworking Space,Tokyo,18,0.41,21,Car,82.35,61,Mixed,863,19.09,19.11,3366.29
Corporate Training,Networking Event,41,1578,Coworking Space,London,23,1.0,41,Bicycle,488.09,318,Non-Vegetarian,1578,10.88,23.57,6063.4
Lancement de Produit,Team Building,9,435,Outdoor,Dubai,38,0.1,9,Plane,216.71,453,Non-Vegetarian,435,7.82,46.19,26190.03
Séminaire,Seminar,10,958,Outdoor,New York,10,1.49,10,Walking,148.95,455,Non-Vegetarian,958,13.85,8.46,3472.12
Workshop,Conference,23,93,Outdoor,New York,45,0.99,23,Bus,82.39,459,Mixed,93,8.99,42.98,3117.79
Networking,Trade Show,19,1187,Outdoor,Dubai,45,1.44,19,Train,337.53,408,Mixed,1187,12.49,41.22,9199.01
Réunion du Conseil,Workshop,15,1792,Convention Center,Paris,16,1.86,15,Train,334.66,74,Mixed,1792,2.9,43.28,5786.15
Fundraiser,Trade Show,48,864,Office,Berlin,38,0.12,48,Plane,96.17,64,Non-Vegetarian,864,10.29,29.66,4752.06
Atelier,Workshop,35,591,Hotel,Paris,17,0.53,35,Train,40.44,37,Non-Vegetarian,591,10.3,3.13,2312.89
Networking,Team Building,46,30,Convention Center,London,11,0.72,46,Bicycle,190.48,92,Vegan,30,19.66,44.69,340.86
Trade Show,Workshop,12,1669,Office,Dubai,14,1.31,12,Bicycle,349.63,190,Non-Vegetarian,1669,5.2,10.3,5982.54
Événement de Bienfaisance,Corporate Training,41,491,Office,Sydney,32,1.31,41,Bus,212.25,208,Mixed,491,4.36,10.89,4766.24
Conference,Team Building,46,892,Coworking Space,Tokyo,22,0.25,46,Walking,324.36,339,Vegetarian,892,10.65,10.4,1506.6
Team Building,Conference,11,1824,Office,New York,41,1.34,11,Bicycle,351.38,407,Non-Vegetarian,1824,9.33,17.65,6740.13
Atelier,Conference,42,1217,Office,Dubai,8,1.03,42,Bicycle,388.75,256,Non-Vegetarian,1217,8.08,49.34,4547.38
Product Launch,Networking Event,37,889,Outdoor,Dubai,10,1.48,37,Train,127.42,382,Non-Vegetarian,889,7.57,41.81,5431.04
Networking Event,Corporate Training,8,1601,Coworking Space,New York,30,0.65,8,Plane,277.82,205,Non-Vegetarian,1601,19.95,12.14,19983.96
Conference,Fundraiser,25,258,Convention Center,Tokyo,12,0.69,25,Car,59.22,493,Vegetarian,258,11.52,44.65,6733.89
Fundraiser,Corporate Training,17,673,Hotel,Dubai,21,0.11,17,Walking,157.1,489,Vegetarian,673,7.57,6.02,1056.32
Atelier,Fundraiser,21,1086,Outdoor,London,8,1.66,21,Train,393.57,81,Vegetarian,1086,2.62,30.31,3109.47
Fundraiser,Team Building,33,533,Hotel,Sydney,41,1.21,33,Walking,296.21,384,Mixed,533,9.47,44.01,2258.03
Lancement de Produit,Team Building,12,1403,Office,London,32,1.36,12,Bicycle,14.84,264,Non-Vegetarian,1403,2.08,48.38,5272.54
Seminar,Team Building,26,216,Convention Center,Tokyo,9,0.32,26,Walking,312.58,316,Vegan,216,6.26,41.16,348.28
Trade Show,Workshop,2,99,Hotel,Sydney,36,0.74,2,Bicycle,233.55,309,Vegan,99,16.32,20.41,199.1
Réunion du Conseil,Product Launch,47,1743,Convention Center,Tokyo,39,0.95,47,Train,449.15,422,Vegan,1743,5.38,30.11,10266.31
Formation,Trade Show,30,1242,Office,Berlin,36,1.23,30,Car,152.64,488,Non-Vegetarian,1242,6.08,40.26,20746.43
Corporate Training,Corporate Training,39,1724,Outdoor,Berlin,50,1.51,39,Car,44.92,302,Mixed,1724,10.39,40.5,8732.86
Trade Show,Seminar,4,1278,Convention Center,London,6,0.51,4,Bicycle,367.57,274,Vegan,1278,17.86,40.41,1400.66
Fundraiser,Conference,40,1959,Hotel,Dubai,10,1.22,40,Bicycle,203.2,167,Non-Vegetarian,1959,19.4,36.19,7211.68
Team Building,Product Launch,4,1837,Hotel,Tokyo,29,0.21,4,Bus,199.47,347,Vegetarian,1837,10.34,40.1,7021.53
Atelier,Product Launch,25,900,Outdoor,Paris,36,0.69,25,Bicycle,245.45,498,Vegetarian,900,3.59,13.13,1693.94
Événement de Bienfaisance,Seminar,1,568,Hotel,New York,16,0.24,1,Walking,191.83,358,Vegan,568,18.94,38.31,684.42
Board Meeting,Board Meeting,34,96,Coworking Space,Paris,24,0.69,34,Plane,223.68,439,Vegetarian,96,2.03,31.35,25041.16
Atelier,Conference,37,391,Coworking Space,Sydney,47,1.37,37,Walking,292.69,500,Vegan,391,13.91,44.43,1698.89
Atelier,Seminar,30,1759,Coworking Space,Sydney,7,1.49,30,Walking,259.26,497,Mixed,1759,10.43,47.75,4670.31
Conférence,Conference,28,1632,Coworking Space,New York,37,1.42,28,Bus,54.58,280,Non-Vegetarian,1632,9.61,4.7,7393.12
Networking Event,Product Launch,45,598,Office,Berlin,24,0.19,45,Bicycle,106.0,257,Non-Vegetarian,598,16.21,21.25,2270.52
Fundraiser,Team Building,30,860,Office,Paris,8,0.88,30,Bus,486.14,297,Vegan,860,5.83,43.3,9726.87
Événement de Bienfaisance,Seminar,29,198,Outdoor,Berlin,5,1.86,29,Train,59.56,410,Vegetarian,198,11.32,26.66,1484.59
Team Building,Corporate Training,4,603,Outdoor,New York,42,0.26,4,Car,250.05,238,Vegetarian,603,10.48,18.01,13480.82
Atelier,Seminar,36,1624,Outdoor,Sydney,31,0.9,36,Bicycle,376.05,326,Vegan,1624,11.24,16.49,2181.66
Seminar,Corporate Training,27,344,Convention Center,Tokyo,32,0.18,27,Car,74.97,206,Mixed,344,12.43,24.64,4255.1
Lancement de Produit,Corporate Training,16,1251,Outdoor,London,43,0.19,16,Plane,194.98,406,Mixed,1251,0.78,25.46,23035.81
Séminaire,Board Meeting,1,1668,Convention Center,New York,41,1.05,1,Train,210.19,195,Vegetarian,1668,13.68,47.68,4285.73
Conference,Team Building,41,1632,Office,Dubai,38,0.4,41,Bicycle,335.41,272,Vegetarian,1632,17.8,4.66,2804.52
Workshop,Seminar,47,1656,Hotel,London,29,0.83,47,Plane,338.53,27,Non-Vegetarian,1656,1.49,21.23,8692.16
Seminar,Trade Show,26,1049,Outdoor,Dubai,9,2.0,26,Plane,246.92,478,Vegetarian,1049,8.68,40.56,31412.92
Workshop,Board Meeting,16,544,Hotel,Dubai,26,1.78,16,Bus,218.17,271,Vegetarian,544,7.23,22.4,4792.94
Product Launch,Fundraiser,7,1972,Hotel,New York,16,1.66,7,Bus,475.54,366,Non-Vegetarian,1972,17.8,44.94,17563.3
Team Building,Fundraiser,14,1234,Outdoor,New York,19,1.21,14,Car,381.27,500,Mixed,1234,15.61,21.06,43352.62
Corporate Training,Board Meeting,1,738,Hotel,Berlin,49,0.64,1,Car,391.14,435,Vegan,738,16.47,34.97,36587.2
Board Meeting,Workshop,35,582,Outdoor,New York,43,1.4,35,Walking,472.44,69,Mixed,582,11.24,47.89,2626.76
Formation,Board Meeting,12,1643,Hotel,New York,7,1.11,12,Car,53.89,141,Vegetarian,1643,18.64,26.21,4196.5
Formation,Networking Event,16,772,Hotel,New York,11,1.49,16,Bicycle,85.07,441,Vegetarian,772,10.54,9.93,1330.06
Conference,Corporate Training,42,1180,Convention Center,Dubai,9,0.75,42,Bus,294.31,143,Non-Vegetarian,1180,19.26,21.84,6879.13
Fundraiser,Fundraiser,26,993,Outdoor,London,23,1.06,26,Train,463.47,157,Mixed,993,0.88,34.44,5780.67
Atelier,Board Meeting,47,859,Convention Center,Paris,35,0.85,47,Bus,356.91,182,Non-Vegetarian,859,10.21,20.25,7664.0
Événement de Bienfaisance,Conference,1,1972,Hotel,Paris,23,0.37,1,Plane,407.01,284,Non-Vegetarian,1972,16.67,40.72,35918.74
Lancement de Produit,Product Launch,8,682,Hotel,Tokyo,16,1.52,8,Walking,250.82,119,Vegan,682,10.49,6.47,813.2
Conférence,Team Building,24,1975,Hotel,Tokyo,7,0.6,24,Plane,384.65,31,Non-Vegetarian,1975,6.49,26.69,10010.3
Workshop,Seminar,26,1663,Hotel,Dubai,8,0.72,26,Bicycle,239.54,176,Vegetarian,1663,18.21,17.3,2640.4
Trade Show,Workshop,43,522,Convention Center,Dubai,5,0.53,43,Train,17.24,159,Non-Vegetarian,522,0.69,26.64,2048.28
Atelier,Product Launch,47,794,Office,Tokyo,17,0.46,47,Walking,370.1,53,Vegan,794,9.81,41.56,1080.51
Atelier,Workshop,1,345,Hotel,London,13,0.5,1,Car,299.43,38,Non-Vegetarian,345,5.15,46.6,3703.7
Team Building,Workshop,34,763,Office,Tokyo,13,1.75,34,Train,481.94,278,Vegan,763,15.38,1.88,6543.44
Formation,Workshop,9,1747,Outdoor,Dubai,49,1.29,9,Train,266.52,31,Non-Vegetarian,1747,17.04,26.45,6816.41
Trade Show,Product Launch,25,409,Outdoor,Berlin,42,0.91,25,Bicycle,439.58,286,Non-Vegetarian,409,2.27,43.95,2001.69
Product Launch,Board Meeting,31,1447,Office,Paris,13,1.52,31,Train,352.32,290,Mixed,1447,15.6,6.54,8054.97
Networking,Corporate Training,23,1735,Coworking Space,Sydney,39,0.44,23,Car,268.16,487,Vegan,1735,2.28,45.2,29452.02
Conférence,Trade Show,21,1426,Office,Tokyo,21,1.79,21,Walking,132.19,246,Vegan,1426,19.98,8.97,1878.6
Fundraiser,Corporate Training,40,800,Hotel,Paris,5,1.81,40,Plane,421.01,378,Non-Vegetarian,800,19.44,19.32,42843.96
Séminaire,Seminar,48,1453,Outdoor,Sydney,50,0.79,48,Walking,246.31,427,Non-Vegetarian,1453,4.83,33.28,6109.72
Conference,Team Building,18,1061,Outdoor,Sydney,39,0.14,18,Plane,2.81,233,Mixed,1061,9.38,31.43,2946.94
Corporate Training,Board Meeting,37,1081,Hotel,Tokyo,28,0.12,37,Walking,281.43,141,Mixed,1081,4.82,37.91,2850.12
Fundraiser,Workshop,37,1398,Convention Center,Tokyo,36,1.29,37,Bus,242.97,485,Vegan,1398,3.09,28.37,9390.49
Corporate Training,Corporate Training,4,62,Outdoor,Berlin,45,0.57,4,Plane,491.39,173,Vegetarian,62,4.12,1.26,21407.68
Networking,Corporate Training,45,1803,Coworking Space,Paris,7,1.61,45,Bus,58.56,14,Vegan,1803,17.15,41.93,2223.93
Board Meeting,Fundraiser,40,804,Office,Dubai,29,0.96,40,Car,233.12,202,Mixed,804,6.8,37.44,12544.23
Networking,Workshop,34,1068,Coworking Space,Tokyo,46,0.74,34,Walking,84.48,335,Mixed,1068,8.22,6.44,3278.0
Événement de Bienfaisance,Workshop,23,1090,Outdoor,Tokyo,47,1.84,23,Bicycle,346.52,322,Mixed,1090,6.22,26.87,3785.7
Formation,Product Launch,7,735,Office,Sydney,45,0.69,7,Car,414.68,450,Vegetarian,735,17.73,42.97,40519.83
Team Building,Workshop,16,1220,Convention Center,Dubai,6,0.37,16,Walking,330.52,406,Non-Vegetarian,1220,9.24,5.55,4317.34
Seminar,Seminar,48,1842,Office,New York,19,0.75,48,Walking,357.01,288,Mixed,1842,6.85,30.18,5021.06
Trade Show,Team Building,36,926,Convention Center,Tokyo,17,1.35,36,Bus,106.79,362,Vegan,926,7.23,32.4,3737.84
Lancement de Produit,Conference,39,1923,Coworking Space,Dubai,39,0.6,39,Bus,224.8,468,Mixed,1923,16.19,25.04,11658.64
Formation,Trade Show,16,1345,Convention Center,Dubai,41,0.75,16,Bicycle,177.72,97,Non-Vegetarian,1345,6.17,13.27,4992.38
Networking,Fundraiser,21,728,Convention Center,Paris,39,1.6,21,Train,141.78,269,Non-Vegetarian,728,4.73,1.65,4741.51
Événement de Bienfaisance,Team Building,38,492,Convention Center,Tokyo,42,1.63,38,Bus,437.62,13,Non-Vegetarian,492,7.36,29.22,3437.24
Networking Event,Team Building,12,1866,Coworking Space,Paris,39,1.0,12,Bus,40.36,338,Vegan,1866,7.7,34.05,3002.0
Seminar,Team Building,12,20,Hotel,Dubai,16,0.31,12,Bicycle,370.09,429,Vegan,20,12.51,45.04,164.86
Seminar,Team Building,47,1231,Office,Paris,7,1.64,47,Plane,350.42,16,Mixed,1231,7.83,17.13,4798.88
Atelier,Conference,18,1263,Outdoor,Sydney,32,1.38,18,Car,230.02,213,Mixed,1263,13.99,6.88,13885.47
Formation,Seminar,24,178,Outdoor,Paris,41,0.37,24,Bus,447.82,264,Non-Vegetarian,178,10.51,41.93,8003.39
Team Building,Corporate Training,12,191,Coworking Space,Paris,36,0.98,12,Plane,214.84,40,Vegan,191,17.27,17.16,2619.94
Networking Event,Seminar,19,228,Office,Paris,19,1.1,19,Train,256.19,487,Vegetarian,228,16.73,22.22,5609.03
Réunion du Conseil,Conference,34,127,Office,Sydney,39,1.33,34,Bus,81.32,55,Non-Vegetarian,127,7.89,28.63,1667.69
Corporate Training,Fundraiser,44,1105,Hotel,Paris,18,0.6,44,Walking,294.6,71,Vegetarian,1105,16.11,44.6,2016.52
Team Building,Board Meeting,44,1829,Office,Tokyo,32,1.99,44,Walking,95.86,120,Vegetarian,1829,18.65,8.1,4197.96
Seminar,Trade Show,36,1241,Coworking Space,Berlin,46,1.62,36,Car,412.96,61,Non-Vegetarian,1241,19.71,39.98,11094.26
Networking,Workshop,45,1429,Hotel,Paris,15,0.54,45,Bus,474.13,42,Mixed,1429,13.05,15.26,5006.18
Réunion du Conseil,Conference,38,1973,Office,New York,34,0.42,38,Car,233.31,75,Vegetarian,1973,10.31,2.14,6930.35
Team Building,Seminar,27,890,Outdoor,London,48,0.82,27,Bus,439.03,489,Non-Vegetarian,890,12.3,38.87,16629.84
Conference,Corporate Training,44,1751,Hotel,Tokyo,42,1.05,44,Plane,260.31,141,Vegetarian,1751,6.41,43.7,12872.85
Product Launch,Corporate Training,11,370,Coworking Space,Tokyo,16,0.38,11,Bicycle,485.82,117,Vegan,370,0.85,43.25,491.64
Seminar,Seminar,33,1825,Convention Center,Sydney,28,0.41,33,Car,290.33,74,Non-Vegetarian,1825,14.44,31.28,11180.09
Board Meeting,Workshop,5,664,Convention Center,London,38,0.66,5,Walking,284.72,47,Vegetarian,664,11.23,27.27,1135.7
Séminaire,Workshop,34,546,Convention Center,London,10,1.33,34,Bicycle,165.09,407,Vegetarian,546,5.41,36.7,1129.32
Lancement de Produit,Conference,24,625,Hotel,New York,35,1.53,24,Walking,135.95,79,Vegetarian,625,11.47,15.51,1634.06
Workshop,Product Launch,27,92,Office,Sydney,14,0.77,27,Car,165.14,176,Vegetarian,92,7.13,48.41,6498.18
Séminaire,Team Building,44,583,Hotel,London,47,1.62,44,Car,44.07,450,Vegan,583,5.43,47.12,6527.8
Trade Show,Trade Show,22,1033,Office,Tokyo,44,1.67,22,Car,301.86,27,Mixed,1033,17.98,33.59,5205.47
Conference,Corporate Training,19,1245,Convention Center,New York,30,1.57,19,Car,248.53,139,Mixed,1245,10.52,25.63,10886.84
Réunion du Conseil,Team Building,15,1468,Office,Dubai,38,1.29,15,Train,139.14,64,Mixed,1468,19.41,39.67,4512.01
Corporate Training,Team Building,31,1956,Convention Center,Berlin,42,1.5,31,Bus,141.1,461,Mixed,1956,14.63,25.36,9849.31
Formation,Product Launch,4,1209,Outdoor,Dubai,31,1.64,4,Bus,353.12,289,Mixed,1209,8.82,7.35,9279.62
Lancement de Produit,Conference,3,1336,Office,Berlin,16,1.55,3,Bicycle,373.94,80,Vegetarian,1336,17.89,16.27,2109.52
Atelier,Product Launch,16,632,Convention Center,Tokyo,22,0.76,16,Bicycle,400.13,237,Vegan,632,7.69,9.83,800.8
Networking Event,Trade Show,41,838,Office,New York,38,0.34,41,Plane,381.3,229,Vegan,838,5.07,25.78,22993.99
Board Meeting,Fundraiser,29,1957,Outdoor,Tokyo,45,0.81,29,Train,12.88,205,Non-Vegetarian,1957,13.97,25.71,7563.0
Workshop,Product Launch,45,725,Hotel,Paris,31,1.08,45,Bicycle,291.42,121,Non-Vegetarian,725,15.41,33.27,3388.16
Fundraiser,Networking Event,32,188,Coworking Space,Paris,50,1.35,32,Walking,490.63,14,Non-Vegetarian,188,16.78,48.24,1868.04
Workshop,Trade Show,1,1961,Coworking Space,Berlin,43,1.04,1,Train,271.94,324,Vegetarian,1961,8.02,28.64,6561.52
Formation,Seminar,34,1902,Outdoor,New York,40,1.97,34,Car,497.94,153,Mixed,1902,0.85,20.72,22136.55
Séminaire,Fundraiser,17,1446,Outdoor,Paris,38,1.67,17,Walking,486.14,308,Non-Vegetarian,1446,9.83,4.3,5628.67
Corporate Training,Trade Show,16,992,Office,London,50,1.33,16,Plane,111.38,36,Non-Vegetarian,992,9.12,43.05,5110.76
Corporate Training,Board Meeting,9,1921,Coworking Space,Berlin,28,1.72,9,Walking,138.26,331,Vegan,1921,18.99,25.78,2227.26
Événement de Bienfaisance,Product Launch,36,1198,Convention Center,Berlin,37,1.48,36,Walking,217.91,239,Mixed,1198,6.79,8.44,4011.14
Lancement de Produit,Product Launch,31,1520,Hotel,Paris,23,0.59,31,Bus,464.34,355,Vegan,1520,15.91,23.83,11700.26
Formation,Team Building,5,1098,Hotel,Sydney,31,1.1,5,Plane,163.0,249,Vegetarian,1098,12.25,32.62,11968.74
Board Meeting,Corporate Training,46,680,Hotel,Paris,45,0.99,46,Train,122.67,342,Mixed,680,17.55,14.23,4466.34
Workshop,Team Building,3,935,Hotel,Tokyo,18,0.77,3,Bus,179.02,451,Mixed,935,16.18,27.21,7289.35
Atelier,Networking Event,10,505,Office,London,42,0.76,10,Train,92.63,112,Vegetarian,505,6.04,40.95,1426.06
Réunion du Conseil,Trade Show,39,719,Coworking Space,Sydney,50,0.73,39,Walking,437.65,355,Mixed,719,4.14,13.48,2544.49
Lancement de Produit,Product Launch,36,525,Hotel,Berlin,10,0.53,36,Bus,48.91,179,Vegan,525,3.51,49.83,1252.37
Corporate Training,Fundraiser,45,1050,Coworking Space,Berlin,11,0.48,45,Bus,342.59,320,Non-Vegetarian,1050,12.85,21.37,10439.97
Product Launch,Conference,44,686,Office,New York,26,0.38,44,Bicycle,120.85,63,Vegan,686,18.64,19.93,980.5
Workshop,Product Launch,7,1511,Coworking Space,Paris,48,0.49,7,Bus,26.53,209,Non-Vegetarian,1511,6.54,19.13,5754.85
Seminar,Team Building,32,1615,Office,New York,34,1.47,32,Walking,247.0,488,Vegetarian,1615,9.42,14.31,3269.64
Seminar,Fundraiser,11,884,Office,New York,10,0.81,11,Walking,225.23,439,Mixed,884,9.43,33.91,2341.23
Product Launch,Trade Show,34,338,Office,Paris,7,0.81,34,Walking,183.87,37,Non-Vegetarian,338,14.52,47.12,1402.67
Fundraiser,Fundraiser,22,1638,Office,New York,14,0.43,22,Car,91.97,383,Non-Vegetarian,1638,9.03,46.45,13307.33
Workshop,Fundraiser,48,1260,Convention Center,Dubai,36,0.31,48,Car,306.45,479,Mixed,1260,18.23,32.08,34344.27
Formation,Conference,1,1594,Coworking Space,Sydney,13,1.44,1,Walking,437.48,394,Vegetarian,1594,14.49,19.06,2467.46
Workshop,Fundraiser,12,1660,Office,Tokyo,16,0.18,12,Train,230.43,353,Vegan,1660,3.31,4.29,4946.15
Networking,Fundraiser,34,446,Hotel,London,20,1.2,34,Plane,455.42,153,Vegetarian,446,7.16,36.5,18584.14
Product Launch,Corporate Training,25,176,Convention Center,Paris,43,1.77,25,Car,35.66,374,Non-Vegetarian,176,0.99,16.04,4402.17
Board Meeting,Trade Show,7,13,Office,London,32,0.43,7,Bicycle,6.74,346,Mixed,13,18.83,46.54,211.4
Seminar,Fundraiser,14,631,Hotel,Paris,48,1.01,14,Train,27.55,39,Mixed,631,2.55,40.21,2045.36
Atelier,Board Meeting,30,168,Outdoor,Paris,38,0.13,30,Walking,436.14,473,Vegetarian,168,15.55,2.1,361.4
Corporate Training,Product Launch,26,410,Convention Center,Sydney,11,2.0,26,Bicycle,358.98,328,Mixed,410,11.27,26.85,1387.24
Seminar,Fundraiser,45,1258,Convention Center,London,37,1.49,45,Car,465.95,390,Vegetarian,1258,17.58,3.32,41330.53
Networking Event,Corporate Training,30,973,Convention Center,London,30,1.88,30,Walking,413.88,452,Non-Vegetarian,973,12.03,26.32,4328.2
Board Meeting,Board Meeting,11,103,Office,Sydney,45,1.57,11,Bus,206.78,175,Vegetarian,103,4.71,21.26,2766.21
Réunion du Conseil,Product Launch,1,819,Convention Center,Berlin,28,1.69,1,Bus,453.9,460,Non-Vegetarian,819,8.51,23.14,15481.1
Conférence,Networking Event,7,1831,Coworking Space,Paris,45,1.37,7,Car,464.47,312,Non-Vegetarian,1831,5.39,46.54,37160.21
Team Building,Conference,33,592,Hotel,Dubai,46,0.5,33,Car,307.73,362,Non-Vegetarian,592,7.91,28.85,25918.65
Networking,Seminar,40,1319,Coworking Space,London,26,1.41,40,Plane,264.9,337,Mixed,1319,10.43,30.47,26430.32
Fundraiser,Networking Event,28,903,Convention Center,Paris,50,1.92,28,Walking,309.52,441,Vegan,903,17.77,46.49,2375.52
Événement de Bienfaisance,Seminar,40,790,Convention Center,London,27,0.27,40,Bus,488.84,16,Non-Vegetarian,790,14.38,44.91,3498.67
Lancement de Produit,Product Launch,9,1803,Hotel,Tokyo,42,1.58,9,Plane,90.73,462,Mixed,1803,6.84,4.66,15308.44
Conférence,Team Building,34,794,Convention Center,Berlin,20,0.49,34,Plane,78.61,294,Vegetarian,794,5.1,19.59,7184.82
Trade Show,Fundraiser,39,1846,Hotel,London,41,0.44,39,Walking,104.14,226,Vegetarian,1846,15.04,16.12,3183.1
Événement de Bienfaisance,Workshop,37,1030,Outdoor,Berlin,43,1.6,37,Bicycle,148.12,168,Vegan,1030,16.76,47.24,2430.8
Networking,Corporate Training,36,1475,Convention Center,New York,34,1.14,36,Train,97.74,464,Non-Vegetarian,1475,0.69,28.18,7731.97
Événement de Bienfaisance,Board Meeting,38,289,Office,New York,43,1.12,38,Train,216.6,315,Vegan,289,19.35,2.91,3977.72
Réunion du Conseil,Board Meeting,37,1217,Convention Center,London,40,1.88,37,Bus,65.89,327,Mixed,1217,1.69,19.13,5768.1
Networking Event,Conference,43,441,Hotel,Tokyo,37,1.7,43,Plane,189.89,27,Mixed,441,5.32,10.2,3767.65
Fundraiser,Networking Event,39,146,Hotel,Dubai,34,1.95,39,Train,233.77,378,Mixed,146,3.54,29.77,5259.07
Lancement de Produit,Fundraiser,10,969,Convention Center,Tokyo,30,0.48,10,Car,252.57,15,Vegetarian,969,11.11,11.49,2366.3
Conférence,Product Launch,20,411,Office,Sydney,6,1.92,20,Car,162.58,129,Mixed,411,12.55,49.95,5671.99
Réunion du Conseil,Seminar,23,1506,Hotel,Tokyo,37,1.42,23,Walking,147.97,104,Vegetarian,1506,6.22,2.19,2880.03
Team Building,Trade Show,24,1052,Convention Center,Tokyo,36,0.27,24,Bicycle,191.88,500,Mixed,1052,16.02,18.61,2815.9
Networking Event,Corporate Training,18,1695,Convention Center,Sydney,26,0.25,18,Plane,240.73,166,Non-Vegetarian,1695,9.76,25.98,16052.77
Fundraiser,Conference,20,1523,Convention Center,Dubai,21,1.95,20,Plane,244.25,238,Vegetarian,1523,12.21,3.42,17258.13
Conférence,Conference,39,811,Convention Center,New York,24,0.18,39,Bicycle,296.19,345,Vegetarian,811,19.7,33.52,1407.18
Corporate Training,Trade Show,30,1384,Hotel,Dubai,26,0.59,30,Plane,372.94,142,Vegetarian,1384,10.01,36.18,15637.85
Formation,Trade Show,2,898,Hotel,New York,46,1.2,2,Bus,319.25,14,Vegan,898,13.19,25.57,1298.89
Formation,Corporate Training,1,1916,Convention Center,New York,5,0.26,1,Plane,489.37,220,Vegan,1916,1.24,44.35,28923.18
Seminar,Trade Show,39,202,Outdoor,Paris,20,1.3,39,Plane,451.41,310,Vegetarian,202,1.64,7.44,35812.44
Séminaire,Fundraiser,24,1237,Coworking Space,Berlin,46,1.68,24,Train,206.12,105,Mixed,1237,15.42,3.51,4923.42
Conférence,Networking Event,10,1991,Hotel,Paris,26,1.82,10,Bus,207.19,21,Vegan,1991,6.34,8.49,2518.32
Réunion du Conseil,Conference,39,632,Outdoor,New York,5,0.17,39,Walking,89.41,366,Non-Vegetarian,632,6.15,10.01,2260.89
Conférence,Board Meeting,17,348,Office,Tokyo,32,0.34,17,Bus,441.52,333,Vegan,348,19.98,36.4,9374.81
Networking,Networking Event,16,135,Convention Center,Sydney,11,1.07,16,Walking,423.97,105,Vegan,135,19.93,33.48,335.98
Trade Show,Seminar,29,886,Outdoor,London,5,1.58,29,Walking,29.56,380,Mixed,886,9.64,15.47,2379.77
Formation,Workshop,48,1891,Office,Paris,14,1.91,48,Car,266.68,28,Vegan,1891,2.75,33.26,4172.86
Workshop,Product Launch,3,1960,Coworking Space,Paris,19,1.67,3,Train,44.12,419,Non-Vegetarian,1960,16.99,46.94,7774.91
Formation,Board Meeting,21,1966,Convention Center,Sydney,29,0.88,21,Train,301.24,490,Vegan,1966,5.71,41.63,8232.94
Conférence,Seminar,40,1215,Office,Tokyo,47,0.64,40,Bus,57.2,96,Non-Vegetarian,1215,10.92,7.73,5220.87
Réunion du Conseil,Conference,8,1461,Office,London,42,1.73,8,Walking,95.5,321,Mixed,1461,19.75,1.53,3985.7
Networking Event,Networking Event,45,1173,Outdoor,New York,45,1.22,45,Car,325.18,342,Mixed,1173,6.19,27.79,27590.14
Séminaire,Fundraiser,6,736,Convention Center,Paris,41,1.7,6,Walking,415.86,95,Non-Vegetarian,736,7.49,31.7,2863.48
Trade Show,Networking Event,19,1497,Outdoor,Tokyo,8,1.0,19,Train,211.97,147,Mixed,1497,15.83,43.5,5183.54
Séminaire,Product Launch,19,292,Office,London,10,1.8,19,Car,465.46,384,Mixed,292,12.64,17.64,38496.25
Team Building,Product Launch,35,691,Office,Berlin,47,1.35,35,Bicycle,179.04,132,Mixed,691,13.92,43.91,2953.53
Réunion du Conseil,Board Meeting,45,587,Office,Tokyo,23,1.73,45,Bicycle,196.05,400,Non-Vegetarian,587,14.05,46.77,3071.41
Fundraiser,Seminar,29,1164,Office,Tokyo,10,0.79,29,Car,134.28,269,Non-Vegetarian,1164,18.73,4.48,11820.45
Trade Show,Trade Show,41,1841,Coworking Space,Paris,49,1.19,41,Train,93.16,453,Vegan,1841,19.63,48.94,4861.55
Atelier,Trade Show,28,293,Convention Center,Sydney,6,1.07,28,Walking,219.9,346,Mixed,293,1.79,39.84,905.64
Workshop,Corporate Training,7,811,Hotel,London,47,0.92,7,Plane,469.59,112,Vegan,811,19.53,5.36,14160.64
Team Building,Conference,8,1462,Outdoor,New York,48,1.66,8,Plane,257.79,401,Mixed,1462,0.75,46.38,29911.43
Board Meeting,Team Building,4,246,Outdoor,New York,41,0.11,4,Bicycle,379.97,290,Mixed,246,5.39,33.3,701.4
Séminaire,Seminar,42,165,Office,Berlin,38,1.4,42,Plane,67.29,247,Mixed,165,12.95,14.51,5739.78
Atelier,Team Building,23,1604,Outdoor,Sydney,6,0.36,23,Plane,333.74,477,Non-Vegetarian,1604,13.5,36.64,45537.61
Réunion du Conseil,Trade Show,44,789,Convention Center,Tokyo,30,1.74,44,Plane,15.54,279,Mixed,789,13.53,1.86,4235.6
Board Meeting,Workshop,5,723,Office,Dubai,14,1.57,5,Plane,50.46,223,Non-Vegetarian,723,1.18,32.57,5466.09
Formation,Board Meeting,40,613,Coworking Space,London,13,0.36,40,Plane,183.93,277,Vegetarian,613,10.56,19.47,13810.31
Lancement de Produit,Seminar,47,1848,Convention Center,Berlin,21,1.63,47,Train,74.45,234,Non-Vegetarian,1848,18.83,3.28,8013.48
Team Building,Seminar,27,532,Hotel,Sydney,43,1.98,27,Plane,116.08,163,Vegetarian,532,17.21,21.07,6754.21
Board Meeting,Team Building,26,77,Convention Center,Paris,12,0.21,26,Car,463.82,324,Mixed,77,7.33,30.34,31858.91
Événement de Bienfaisance,Workshop,44,1401,Coworking Space,Tokyo,50,1.11,44,Car,215.55,318,Non-Vegetarian,1401,1.73,29.08,20580.55
Conférence,Product Launch,5,272,Convention Center,London,18,0.46,5,Bicycle,165.47,20,Vegan,272,19.46,1.78,335.18
Conference,Conference,48,1432,Coworking Space,Dubai,20,1.67,48,Train,390.01,481,Mixed,1432,17.19,8.69,11937.15
Formation,Workshop,21,568,Coworking Space,Paris,8,1.65,21,Bicycle,365.35,298,Mixed,568,10.03,26.46,1631.58
Conference,Seminar,34,1198,Convention Center,Tokyo,14,0.21,34,Train,185.57,267,Vegan,1198,10.03,23.64,3297.21
Product Launch,Corporate Training,13,103,Outdoor,Berlin,9,1.42,13,Car,219.17,432,Mixed,103,1.26,33.75,20293.69
Team Building,Team Building,5,625,Convention Center,Sydney,46,0.83,5,Bicycle,269.66,78,Mixed,625,11.11,5.5,1691.17
Séminaire,Workshop,10,558,Office,Tokyo,11,1.37,10,Car,183.48,291,Vegan,558,16.98,37.66,11955.09
Networking,Seminar,10,1999,Coworking Space,New York,28,0.99,10,Walking,256.58,419,Non-Vegetarian,1999,11.91,25.7,7210.32
Séminaire,Seminar,12,1978,Coworking Space,Berlin,49,1.46,12,Walking,467.55,440,Vegan,1978,17.67,3.97,2450.52
Networking Event,Team Building,45,1905,Convention Center,Dubai,39,1.8,45,Walking,127.68,174,Mixed,1905,16.27,17.2,6408.94
Workshop,Fundraiser,45,128,Coworking Space,Berlin,40,1.9,45,Train,223.75,238,Vegan,128,4.44,15.69,4008.36
Seminar,Team Building,11,1599,Convention Center,Sydney,28,1.12,11,Walking,108.99,260,Non-Vegetarian,1599,12.74,13.85,5822.16
Lancement de Produit,Conference,37,120,Coworking Space,New York,27,1.0,37,Bicycle,233.53,349,Mixed,120,18.75,15.22,867.44
Networking Event,Trade Show,15,151,Coworking Space,Tokyo,6,2.0,15,Bicycle,326.97,438,Mixed,151,3.42,14.37,503.08
Séminaire,Team Building,45,1459,Hotel,Sydney,41,1.32,45,Car,284.8,392,Mixed,1459,14.28,7.45,28353.4
Networking,Product Launch,14,1345,Convention Center,London,22,1.06,14,Plane,245.08,190,Mixed,1345,12.36,47.58,15286.92
Product Launch,Fundraiser,47,879,Office,Sydney,35,0.18,47,Walking,375.92,425,Vegetarian,879,7.96,42.22,1566.91
Networking Event,Board Meeting,7,1577,Hotel,Dubai,15,1.69,7,Bus,154.39,443,Mixed,1577,9.3,33.22,8219.95
Corporate Training,Corporate Training,35,1692,Coworking Space,New York,39,1.22,35,Bicycle,257.18,385,Vegetarian,1692,6.73,28.26,3440.63
Workshop,Board Meeting,38,1333,Office,Paris,22,1.15,38,Train,93.06,108,Vegan,1333,18.99,45.15,2344.0
Workshop,Product Launch,22,382,Convention Center,Paris,38,0.48,22,Plane,387.43,475,Mixed,382,15.76,18.39,47231.25
Corporate Training,Workshop,19,1708,Hotel,London,6,1.32,19,Walking,413.71,57,Vegetarian,1708,1.59,28.98,2698.38
Conference,Corporate Training,48,1019,Coworking Space,Sydney,26,1.6,48,Walking,88.52,422,Mixed,1019,11.96,49.75,3669.32
Événement de Bienfaisance,Trade Show,10,757,Outdoor,Berlin,36,1.57,10,Train,441.53,460,Vegetarian,757,1.64,3.0,9551.53
Conference,Board Meeting,26,1050,Office,London,20,1.72,26,Train,380.13,44,Vegan,1050,0.95,18.84,2205.81
Trade Show,Product Launch,42,1048,Convention Center,Tokyo,34,0.17,42,Bicycle,73.46,404,Mixed,1048,1.66,13.38,2771.46
Séminaire,Fundraiser,34,1128,Convention Center,New York,43,0.56,34,Car,472.48,305,Vegetarian,1128,15.55,28.36,32451.52
Board Meeting,Corporate Training,7,1394,Office,London,13,1.47,7,Train,54.11,102,Vegan,1394,1.61,18.08,1721.03
Séminaire,Networking Event,24,466,Hotel,Dubai,7,0.2,24,Bus,273.8,161,Vegan,466,11.74,49.58,3250.35
Formation,Networking Event,19,1408,Convention Center,Paris,26,0.35,19,Plane,21.74,403,Vegan,1408,18.42,30.41,3782.41
Événement de Bienfaisance,Networking Event,41,1283,Coworking Space,Paris,44,1.92,41,Train,452.41,177,Mixed,1283,10.14,26.88,8216.44
Conference,Fundraiser,19,1670,Coworking Space,Tokyo,37,0.1,19,Train,89.62,319,Vegan,1670,4.81,49.23,2956.78
Trade Show,Conference,26,1582,Outdoor,London,25,1.68,26,Bicycle,276.63,213,Mixed,1582,15.53,11.31,4554.68
Séminaire,Networking Event,43,1076,Office,Tokyo,43,0.85,43,Car,214.66,452,Mixed,1076,18.85,25.99,23941.03
Trade Show,Product Launch,21,658,Outdoor,New York,37,0.95,21,Car,170.99,477,Vegan,658,16.85,43.88,18276.6
Networking,Workshop,28,1606,Outdoor,Berlin,5,1.86,28,Train,218.62,289,Non-Vegetarian,1606,16.7,19.72,8351.29
Conference,Fundraiser,31,1101,Outdoor,Berlin,13,0.27,31,Train,496.77,46,Vegan,1101,14.13,43.57,2184.86
Workshop,Product Launch,31,419,Outdoor,Dubai,49,0.78,31,Bicycle,493.38,357,Mixed,419,13.04,18.75,1703.49
Trade Show,Board Meeting,23,1405,Coworking Space,Sydney,31,0.31,23,Walking,78.67,91,Mixed,1405,6.6,6.04,3648.3
Séminaire,Board Meeting,17,1643,Coworking Space,New York,6,1.78,17,Bus,53.53,479,Vegan,1643,12.33,47.64,3392.17
Seminar,Conference,31,1681,Office,New York,50,0.5,31,Bus,241.13,129,Vegan,1681,3.78,39.01,4020.43
Board Meeting,Fundraiser,17,1949,Coworking Space,Tokyo,30,0.97,17,Bicycle,39.45,392,Mixed,1949,2.87,28.81,5183.21
Atelier,Fundraiser,31,604,Convention Center,Sydney,41,1.23,31,Walking,251.18,280,Vegan,604,3.95,8.53,1410.62
Corporate Training,Team Building,36,764,Coworking Space,Sydney,27,1.83,36,Bicycle,17.73,57,Vegan,764,5.41,32.23,1728.66
Événement de Bienfaisance,Corporate Training,41,469,Convention Center,Paris,48,0.25,41,Plane,188.23,159,Mixed,469,1.63,26.32,8956.54
Lancement de Produit,Seminar,18,1057,Outdoor,Tokyo,38,1.81,18,Plane,119.08,408,Non-Vegetarian,1057,3.95,13.44,16499.46
Board Meeting,Networking Event,14,1822,Office,Tokyo,23,1.41,14,Plane,269.25,417,Vegetarian,1822,2.76,43.31,31121.46
Workshop,Conference,37,492,Coworking Space,Paris,15,1.98,37,Bus,273.7,489,Vegetarian,492,12.49,40.33,9423.45
Product Launch,Board Meeting,5,1579,Outdoor,London,17,0.93,5,Walking,34.3,141,Vegan,1579,12.44,35.02,1713.45
Lancement de Produit,Networking Event,15,932,Hotel,Tokyo,5,0.81,15,Car,198.55,329,Vegan,932,8.12,38.7,14773.83
Événement de Bienfaisance,Conference,10,1316,Coworking Space,Paris,16,1.81,10,Car,342.43,241,Vegan,1316,4.55,28.86,18858.0
Conference,Corporate Training,35,1206,Hotel,Paris,39,0.54,35,Train,372.31,85,Vegetarian,1206,9.31,29.84,3521.7
Conférence,Networking Event,42,1876,Hotel,Sydney,8,1.78,42,Bicycle,90.81,261,Non-Vegetarian,1876,15.97,29.41,6955.8
Corporate Training,Team Building,6,275,Outdoor,New York,20,0.98,6,Train,1.43,459,Mixed,275,4.35,13.02,807.29
Networking Event,Fundraiser,26,348,Hotel,Sydney,22,0.13,26,Bus,258.0,418,Non-Vegetarian,348,15.06,9.38,7774.7
Product Launch,Fundraiser,8,265,Hotel,Berlin,18,1.4,8,Plane,110.4,239,Mixed,265,1.04,20.38,7402.54
Trade Show,Fundraiser,17,875,Convention Center,Dubai,31,1.85,17,Bus,180.62,447,Non-Vegetarian,875,1.42,20.89,8438.82
Lancement de Produit,Seminar,38,423,Outdoor,Berlin,33,1.96,38,Train,281.36,232,Mixed,423,2.28,26.94,4955.88
Fundraiser,Board Meeting,23,880,Office,London,48,1.87,23,Bus,308.1,329,Non-Vegetarian,880,10.7,15.68,10246.89
Conference,Trade Show,34,90,Hotel,Berlin,18,0.64,34,Plane,459.24,28,Mixed,90,2.55,22.36,3685.34
Conférence,Product Launch,42,162,Convention Center,New York,46,1.52,42,Bus,262.24,182,Mixed,162,17.9,13.65,4800.08
Trade Show,Fundraiser,18,965,Hotel,Dubai,33,0.89,18,Car,11.36,366,Non-Vegetarian,965,4.14,26.62,4576.48
Seminar,Trade Show,3,644,Hotel,Sydney,14,1.01,3,Train,141.72,321,Vegetarian,644,10.0,8.56,2844.01
Fundraiser,Product Launch,28,805,Coworking Space,Berlin,8,0.49,28,Walking,289.18,212,Vegetarian,805,11.73,25.19,1336.22
Fundraiser,Product Launch,9,925,Office,Dubai,30,1.17,9,Bicycle,370.82,24,Vegan,925,6.3,17.56,1130.67
Networking Event,Workshop,5,786,Hotel,Sydney,21,1.11,5,Train,85.18,270,Mixed,786,3.19,49.29,3048.18
Trade Show,Corporate Training,31,1726,Convention Center,Berlin,49,1.33,31,Bus,54.84,208,Vegetarian,1726,4.86,3.26,4299.78
Événement de Bienfaisance,Trade Show,45,1228,Convention Center,New York,18,0.88,45,Plane,285.94,237,Mixed,1228,3.41,34.04,20443.25
Fundraiser,Trade Show,9,395,Outdoor,Tokyo,10,1.15,9,Bus,306.31,139,Vegan,395,11.09,31.08,3085.72
Networking,Corporate Training,12,1958,Hotel,Tokyo,19,1.11,12,Walking,285.49,316,Vegetarian,1958,19.25,44.58,3191.2
Séminaire,Corporate Training,39,1085,Convention Center,Sydney,18,0.87,39,Bus,83.43,445,Vegetarian,1085,15.89,33.53,4259.29
Fundraiser,Networking Event,21,213,Coworking Space,Tokyo,42,1.1,21,Train,224.21,66,Non-Vegetarian,213,17.28,48.39,1953.85
Séminaire,Seminar,44,1626,Hotel,Sydney,40,1.95,44,Plane,191.88,345,Vegetarian,1626,4.95,33.64,20781.83
Lancement de Produit,Corporate Training,2,1236,Coworking Space,Sydney,8,0.8,2,Bus,314.3,325,Vegan,1236,12.42,22.96,7442.01
Réunion du Conseil,Networking Event,45,1106,Outdoor,New York,41,0.16,45,Walking,74.69,399,Non-Vegetarian,1106,15.9,36.2,4122.8
Corporate Training,Workshop,3,283,Hotel,Dubai,38,0.67,3,Bus,88.27,129,Mixed,283,1.97,22.11,1477.06
Board Meeting,Team Building,18,1912,Outdoor,Berlin,34,1.5,18,Walking,68.22,366,Vegan,1912,12.06,14.41,2423.94
Conference,Product Launch,23,664,Coworking Space,Paris,20,1.25,23,Car,480.85,48,Mixed,664,17.62,38.91,6907.53
Fundraiser,Seminar,46,1147,Convention Center,Dubai,48,0.36,46,Car,366.35,84,Vegan,1147,6.59,49.28,8118.59
Trade Show,Corporate Training,13,845,Hotel,London,12,1.03,13,Plane,398.07,219,Vegetarian,845,6.66,44.45,23244.39
Board Meeting,Networking Event,26,413,Coworking Space,Berlin,16,1.86,26,Bus,446.33,436,Vegan,413,7.06,2.16,12494.31
Conference,Product Launch,21,92,Outdoor,Sydney,14,0.66,21,Train,484.82,70,Vegetarian,92,14.27,2.23,1625.52
Product Launch,Board Meeting,35,1091,Coworking Space,London,33,1.12,35,Bus,410.95,327,Vegetarian,1091,14.79,17.92,10411.56
Trade Show,Networking Event,32,431,Office,Paris,36,0.89,32,Train,91.93,374,Non-Vegetarian,431,5.98,42.69,3493.75
Networking Event,Team Building,3,413,Convention Center,New York,32,0.27,3,Car,395.83,164,Vegan,413,16.02,30.61,14151.61
Conference,Board Meeting,38,440,Office,Sydney,20,0.58,38,Train,242.53,130,Vegan,440,3.26,15.68,1959.44
Product Launch,Seminar,22,1115,Hotel,Dubai,33,1.67,22,Bus,462.34,252,Non-Vegetarian,1115,10.1,18.1,11555.69
Corporate Training,Board Meeting,7,776,Coworking Space,Sydney,40,1.34,7,Car,409.02,392,Mixed,776,5.27,13.28,35835.23
Atelier,Seminar,21,21,Coworking Space,London,49,1.16,21,Bicycle,411.42,207,Mixed,21,14.28,19.52,716.92
Networking,Seminar,24,1859,Hotel,Berlin,18,0.14,24,Bicycle,307.69,20,Non-Vegetarian,1859,14.28,11.0,6587.3
Formation,Board Meeting,33,1817,Convention Center,London,24,0.26,33,Bicycle,73.27,32,Non-Vegetarian,1817,19.72,19.78,6541.46
Atelier,Fundraiser,22,645,Hotel,Tokyo,20,1.85,22,Train,27.17,421,Vegetarian,645,8.34,49.14,1947.0
Corporate Training,Networking Event,45,1763,Hotel,Sydney,41,0.92,45,Bus,375.94,207,Vegan,1763,1.83,42.74,7370.01
Board Meeting,Trade Show,29,1855,Hotel,Paris,39,1.64,29,Plane,93.4,43,Mixed,1855,17.72,37.38,6679.17
Team Building,Seminar,41,1875,Office,Berlin,42,1.34,41,Bicycle,314.4,89,Non-Vegetarian,1875,13.55,34.86,7813.06
Événement de Bienfaisance,Board Meeting,14,1342,Coworking Space,Sydney,10,1.17,14,Train,185.06,399,Non-Vegetarian,1342,5.75,6.47,7756.9
Networking,Trade Show,8,598,Outdoor,Tokyo,49,1.72,8,Bicycle,379.97,374,Non-Vegetarian,598,7.49,27.57,2500.24
Trade Show,Product Launch,20,1085,Hotel,London,32,1.96,20,Car,272.03,284,Non-Vegetarian,1085,9.34,34.54,20736.33
Product Launch,Networking Event,38,171,Hotel,Dubai,18,0.64,38,Bus,499.66,28,Vegan,171,4.19,6.86,1251.41
Fundraiser,Board Meeting,46,1288,Coworking Space,London,8,1.24,46,Bus,250.44,317,Vegan,1288,13.38,12.55,6331.39
Fundraiser,Product Launch,29,1275,Hotel,Berlin,31,1.15,29,Walking,260.03,78,Vegetarian,1275,13.47,8.89,2474.14
Board Meeting,Conference,48,874,Outdoor,Tokyo,29,1.64,48,Bicycle,160.93,404,Non-Vegetarian,874,18.15,8.09,4252.92
Conférence,Team Building,3,554,Coworking Space,New York,15,1.45,3,Bus,380.94,325,Non-Vegetarian,554,11.43,17.52,9457.85
Networking,Fundraiser,45,1991,Outdoor,London,13,1.69,45,Car,454.21,170,Non-Vegetarian,1991,15.72,8.67,23726.9
Team Building,Trade Show,12,1507,Outdoor,London,16,0.8,12,Bicycle,99.72,288,Vegan,1507,14.93,43.07,1699.8
Trade Show,Workshop,18,600,Convention Center,London,16,1.08,18,Train,91.97,402,Mixed,600,0.67,23.66,3183.06
Corporate Training,Conference,16,274,Outdoor,Berlin,26,0.23,16,Car,108.83,356,Vegetarian,274,8.93,31.43,8675.69
Conférence,Board Meeting,45,947,Hotel,Sydney,18,0.67,45,Car,22.85,80,Vegetarian,947,18.93,14.14,2141.87
Team Building,Conference,44,1972,Coworking Space,London,15,1.34,44,Car,50.73,61,Vegetarian,1972,13.85,25.79,4129.33
Formation,Corporate Training,23,1629,Office,London,14,0.43,23,Car,139.14,496,Non-Vegetarian,1629,1.1,47.65,20361.05
Atelier,Workshop,34,474,Office,London,32,1.84,34,Walking,70.03,16,Non-Vegetarian,474,13.06,45.38,2776.84
Product Launch,Workshop,34,769,Coworking Space,London,45,1.25,34,Bus,58.09,447,Non-Vegetarian,769,9.23,38.21,5300.6
Lancement de Produit,Trade Show,32,190,Outdoor,Sydney,32,1.83,32,Walking,363.7,20,Vegetarian,190,5.35,15.42,1263.5
Événement de Bienfaisance,Product Launch,23,676,Coworking Space,Tokyo,33,1.45,23,Plane,403.92,455,Non-Vegetarian,676,14.91,19.82,48931.64
Workshop,Product Launch,18,884,Coworking Space,Tokyo,7,1.94,18,Train,53.52,409,Vegetarian,884,9.31,12.96,2368.35
Seminar,Product Launch,48,1913,Outdoor,London,34,0.19,48,Train,315.11,49,Vegan,1913,17.94,43.2,2807.94
Trade Show,Networking Event,42,711,Hotel,New York,50,1.75,42,Bus,110.87,353,Vegetarian,711,7.21,28.74,5324.13
Networking Event,Trade Show,10,974,Outdoor,Tokyo,49,1.53,10,Bicycle,462.2,218,Non-Vegetarian,974,1.24,33.04,3852.41
Board Meeting,Fundraiser,2,1906,Coworking Space,Dubai,12,2.0,2,Plane,92.55,348,Mixed,1906,14.26,5.77,12880.91
Formation,Conference,23,520,Office,Tokyo,5,1.54,23,Car,221.34,140,Mixed,520,6.96,1.94,7913.75
Conference,Seminar,29,1049,Hotel,Sydney,21,0.81,29,Train,439.67,252,Non-Vegetarian,1049,5.16,14.84,8390.02
Événement de Bienfaisance,Fundraiser,46,914,Coworking Space,New York,13,0.12,46,Plane,437.83,280,Non-Vegetarian,914,19.47,34.02,33989.96
Séminaire,Fundraiser,37,276,Coworking Space,Paris,39,1.53,37,Plane,275.26,31,Vegetarian,276,8.55,42.95,3754.16
Networking Event,Seminar,18,1112,Convention Center,Tokyo,44,1.23,18,Train,127.76,315,Vegetarian,1112,16.84,35.0,3868.54
Board Meeting,Networking Event,39,353,Office,Berlin,9,0.78,39,Plane,341.57,149,Non-Vegetarian,353,7.52,25.3,14161.51
Product Launch,Networking Event,29,1230,Hotel,Sydney,7,1.1,29,Car,234.3,335,Non-Vegetarian,1230,4.1,36.21,20980.28
Corporate Training,Corporate Training,39,1321,Office,Sydney,13,1.14,39,Train,337.24,308,Non-Vegetarian,1321,15.49,15.37,9129.01
Conférence,Team Building,19,982,Hotel,Sydney,9,1.61,19,Bicycle,388.13,206,Vegetarian,982,13.58,16.26,1670.34
Product Launch,Corporate Training,11,1078,Hotel,New York,32,0.86,11,Walking,245.07,274,Vegan,1078,5.25,9.25,1258.36
Trade Show,Corporate Training,32,1233,Convention Center,Sydney,38,0.79,32,Bicycle,213.21,459,Non-Vegetarian,1233,14.34,39.59,4903.68
Product Launch,Fundraiser,33,1786,Convention Center,New York,33,0.76,33,Bicycle,329.57,82,Vegan,1786,2.9,39.21,2284.04
Corporate Training,Team Building,41,271,Office,Berlin,45,1.47,41,Train,361.16,168,Vegetarian,271,0.55,1.25,4193.17
Séminaire,Fundraiser,43,1062,Coworking Space,London,8,1.36,43,Walking,345.27,87,Vegan,1062,9.34,33.29,1381.18
Networking Event,Trade Show,4,1432,Coworking Space,London,30,1.9,4,Bicycle,418.4,428,Vegetarian,1432,7.98,3.04,2284.04
Fundraiser,Conference,45,1918,Outdoor,Dubai,48,1.49,45,Train,423.95,451,Vegetarian,1918,6.62,35.79,12219.08
Product Launch,Conference,8,1514,Hotel,Tokyo,14,1.69,8,Bus,236.1,219,Mixed,1514,19.27,22.24,7065.01
Fundraiser,Team Building,17,1651,Coworking Space,London,46,0.18,17,Walking,6.26,431,Mixed,1651,3.6,11.13,4227.34
Board Meeting,Board Meeting,43,725,Coworking Space,Berlin,46,0.41,43,Walking,285.91,49,Vegetarian,725,13.59,9.88,1539.93
Trade Show,Trade Show,41,778,Hotel,Berlin,5,0.48,41,Walking,201.43,232,Non-Vegetarian,778,0.69,22.91,2819.4
Networking Event,Conference,10,1344,Office,London,46,1.8,10,Plane,464.92,329,Vegetarian,1344,7.47,17.89,40720.39
Product Launch,Board Meeting,31,548,Convention Center,New York,17,1.88,31,Bicycle,22.73,14,Vegan,548,11.11,44.37,1154.34
Workshop,Networking Event,18,1249,Outdoor,Dubai,29,0.15,18,Walking,356.44,94,Vegan,1249,2.33,26.25,1345.31
Conférence,Board Meeting,20,1724,Coworking Space,Paris,34,1.12,20,Car,135.39,419,Vegetarian,1724,9.08,33.95,14965.83
Réunion du Conseil,Trade Show,18,635,Coworking Space,Sydney,47,0.87,18,Train,416.96,316,Mixed,635,10.21,21.3,7288.9
Networking,Product Launch,29,1420,Outdoor,Berlin,49,1.54,29,Car,210.02,143,Mixed,1420,1.83,33.54,11021.81
Board Meeting,Workshop,2,745,Hotel,New York,5,0.34,2,Train,395.96,167,Vegan,745,6.9,17.69,3440.89
Conference,Team Building,41,1472,Hotel,London,8,0.32,41,Bicycle,379.79,73,Vegetarian,1472,8.95,23.42,2325.22
Workshop,Corporate Training,39,932,Coworking Space,Sydney,9,0.84,39,Bus,231.28,340,Vegan,932,8.69,14.76,5844.43
Team Building,Networking Event,36,355,Coworking Space,Tokyo,27,1.26,36,Walking,24.28,171,Vegetarian,355,12.67,25.99,1222.18
Séminaire,Product Launch,18,1801,Hotel,Sydney,48,1.98,18,Bicycle,107.82,165,Non-Vegetarian,1801,4.22,27.2,7221.7
Fundraiser,Trade Show,4,1074,Hotel,Sydney,25,1.38,4,Train,193.44,93,Vegan,1074,10.04,3.67,1890.02
Networking,Fundraiser,18,1272,Office,Berlin,5,1.82,18,Train,495.28,464,Mixed,1272,15.02,21.31,12526.96
Séminaire,Team Building,17,1318,Convention Center,Paris,34,0.9,17,Bicycle,304.32,455,Vegan,1318,2.58,8.45,1600.16
Team Building,Trade Show,19,573,Coworking Space,Paris,18,1.73,19,Walking,293.43,387,Vegetarian,573,16.77,49.71,1288.29
Seminar,Fundraiser,31,571,Office,New York,48,1.65,31,Train,422.93,244,Vegan,571,1.1,42.83,6014.26
Atelier,Product Launch,7,413,Office,New York,20,1.54,7,Walking,70.03,289,Vegan,413,12.32,7.43,560.3
Team Building,Fundraiser,38,1271,Coworking Space,New York,46,0.94,38,Walking,48.65,28,Vegetarian,1271,5.38,25.26,2789.34
Séminaire,Product Launch,15,890,Convention Center,Dubai,14,1.22,15,Plane,249.67,62,Vegetarian,890,7.83,6.17,5360.98
Team Building,Conference,2,1479,Outdoor,Sydney,35,0.44,2,Bicycle,187.03,207,Vegan,1479,10.24,39.28,1593.44
Lancement de Produit,Conference,10,729,Office,Dubai,20,1.6,10,Train,24.45,375,Vegan,729,15.27,27.15,1340.59
Seminar,Product Launch,14,1104,Outdoor,London,22,1.27,14,Bus,156.43,185,Non-Vegetarian,1104,7.24,25.02,5860.47
Atelier,Workshop,13,973,Outdoor,Berlin,49,0.48,13,Train,304.78,332,Vegan,973,1.65,5.87,5188.4
Networking,Trade Show,32,1947,Office,London,25,0.85,32,Plane,314.28,38,Vegan,1947,0.95,16.95,5308.46
Board Meeting,Seminar,33,1306,Outdoor,Dubai,44,0.41,33,Train,435.88,450,Mixed,1306,18.06,11.29,11467.2
Corporate Training,Team Building,5,1290,Outdoor,Paris,24,1.49,5,Train,469.19,156,Vegan,1290,11.13,15.58,4360.57
Lancement de Produit,Trade Show,21,1535,Office,Paris,46,1.05,21,Bus,467.62,345,Mixed,1535,5.15,17.01,14068.7
Seminar,Fundraiser,23,150,Convention Center,New York,40,1.24,23,Walking,166.39,23,Vegan,150,12.9,28.38,802.96
Workshop,Corporate Training,33,1916,Outdoor,London,45,0.41,33,Bicycle,396.74,411,Mixed,1916,10.5,2.59,5120.61
Networking,Trade Show,30,555,Convention Center,Sydney,39,1.12,30,Plane,225.72,61,Mixed,555,15.62,32.13,5580.43
Product Launch,Board Meeting,1,818,Hotel,Tokyo,43,1.66,1,Bicycle,459.18,14,Non-Vegetarian,818,15.13,22.83,2974.61
Conference,Board Meeting,47,638,Outdoor,Berlin,37,0.55,47,Bicycle,85.41,23,Vegetarian,638,16.42,21.67,1511.4
Fundraiser,Team Building,29,303,Outdoor,London,18,0.69,29,Car,338.04,291,Mixed,303,11.6,45.19,21708.79
Formation,Product Launch,31,891,Office,Paris,35,0.32,31,Train,279.99,237,Mixed,891,8.65,23.75,5120.21
Seminar,Fundraiser,35,879,Convention Center,Tokyo,31,1.65,35,Walking,37.26,54,Vegan,879,5.21,38.34,1861.22
Conférence,Board Meeting,27,900,Coworking Space,Tokyo,25,0.72,27,Car,125.46,479,Non-Vegetarian,900,5.42,43.28,16110.42
Conference,Fundraiser,40,529,Coworking Space,Paris,31,1.34,40,Plane,1.76,334,Vegetarian,529,14.75,10.25,1821.26
Corporate Training,Team Building,7,1099,Convention Center,London,19,0.2,7,Bus,414.15,325,Vegan,1099,11.43,45.74,9302.56
Conférence,Trade Show,35,504,Outdoor,Dubai,6,1.58,35,Train,118.28,321,Vegan,504,17.98,20.38,2265.34
Product Launch,Networking Event,12,313,Outdoor,New York,48,1.71,12,Walking,212.51,337,Vegan,313,17.16,31.43,902.66
Networking Event,Corporate Training,7,309,Office,Berlin,5,1.22,7,Bus,8.12,313,Mixed,309,5.03,18.43,993.26
Atelier,Seminar,25,1781,Coworking Space,Dubai,11,0.68,25,Bus,377.18,48,Non-Vegetarian,1781,16.66,26.74,7500.08
Atelier,Board Meeting,36,1700,Outdoor,Tokyo,48,1.65,36,Walking,10.11,437,Vegetarian,1700,7.44,2.28,3995.04
Workshop,Trade Show,7,1590,Convention Center,London,28,0.49,7,Train,265.76,244,Vegan,1590,1.32,18.75,4271.98
Product Launch,Seminar,41,1809,Convention Center,Berlin,30,1.47,41,Plane,107.21,107,Mixed,1809,6.32,4.04,8315.14
Board Meeting,Conference,30,1360,Office,Tokyo,40,1.3,30,Plane,427.67,31,Mixed,1360,3.51,7.13,7515.72
Conference,Product Launch,29,1915,Coworking Space,Berlin,35,1.24,29,Car,179.93,133,Non-Vegetarian,1915,17.87,25.84,12444.66
Formation,Workshop,33,1183,Office,Sydney,8,0.29,33,Plane,107.52,398,Vegetarian,1183,1.11,39.22,12591.68
Lancement de Produit,Trade Show,18,395,Hotel,Paris,28,0.98,18,Bicycle,445.61,375,Mixed,395,3.02,43.08,1326.66
Product Launch,Corporate Training,23,958,Hotel,Paris,50,1.03,23,Walking,434.39,388,Mixed,958,8.74,40.21,3085.15
Product Launch,Seminar,23,1763,Office,New York,5,1.34,23,Walking,305.83,42,Non-Vegetarian,1763,0.79,1.84,6252.81
Board Meeting,Corporate Training,15,396,Hotel,Berlin,34,1.12,15,Plane,481.37,293,Vegetarian,396,3.94,30.56,36208.95
Trade Show,Trade Show,42,764,Hotel,Berlin,24,0.83,42,Train,416.81,225,Vegetarian,764,11.57,26.8,5392.35
Réunion du Conseil,Team Building,9,1680,Office,New York,6,0.41,9,Bicycle,9.18,490,Vegetarian,1680,4.71,21.45,2583.39
Networking Event,Conference,13,856,Convention Center,Sydney,40,1.26,13,Train,139.27,453,Mixed,856,10.14,34.79,5081.03
Corporate Training,Trade Show,24,1367,Outdoor,Paris,46,0.78,24,Bicycle,499.94,181,Non-Vegetarian,1367,13.12,18.41,5278.12
Workshop,Trade Show,33,1071,Convention Center,Tokyo,18,1.44,33,Walking,424.61,362,Mixed,1071,8.16,33.73,3188.96
Team Building,Workshop,32,1127,Outdoor,London,19,0.36,32,Bicycle,331.4,356,Mixed,1127,16.35,48.78,3057.2
Networking,Networking Event,33,752,Coworking Space,Dubai,12,1.52,33,Bus,286.78,59,Mixed,752,16.11,2.01,3232.4
Trade Show,Board Meeting,48,1291,Hotel,Sydney,44,0.14,48,Car,152.76,148,Non-Vegetarian,1291,11.97,17.22,9472.5
Séminaire,Fundraiser,14,1639,Convention Center,Tokyo,20,0.8,14,Walking,163.3,193,Non-Vegetarian,1639,1.25,11.69,5874.38
Board Meeting,Corporate Training,48,1284,Hotel,London,45,1.25,48,Walking,478.41,65,Non-Vegetarian,1284,5.03,18.21,5890.48
Conference,Seminar,36,655,Outdoor,Paris,43,0.19,36,Train,262.16,285,Vegetarian,655,11.17,11.36,4163.24
Événement de Bienfaisance,Team Building,28,1995,Convention Center,Tokyo,10,1.14,28,Train,478.47,104,Vegan,1995,12.73,16.04,4202.58
Lancement de Produit,Conference,24,781,Hotel,Dubai,24,0.78,24,Train,47.21,420,Mixed,781,7.04,39.74,3063.83
Networking,Workshop,15,532,Coworking Space,Sydney,21,1.36,15,Car,265.9,478,Vegan,532,15.88,25.49,27519.98
Board Meeting,Board Meeting,19,1027,Outdoor,Tokyo,21,1.8,19,Walking,267.67,68,Vegan,1027,0.73,11.2,1409.96
Réunion du Conseil,Board Meeting,1,1833,Hotel,Berlin,13,0.78,1,Bus,152.77,377,Vegan,1833,9.74,31.72,5376.65
Team Building,Conference,17,1150,Convention Center,Tokyo,48,0.27,17,Walking,68.94,411,Mixed,1150,15.89,2.51,3021.96
Networking Event,Corporate Training,3,1697,Office,London,14,0.91,3,Bus,385.92,447,Vegetarian,1697,2.99,42.01,13004.98
Trade Show,Workshop,1,1424,Hotel,Paris,46,1.26,1,Car,359.85,299,Vegetarian,1424,10.36,40.94,24862.56
Seminar,Conference,15,1177,Hotel,Paris,9,1.03,15,Walking,433.05,447,Vegetarian,1177,11.71,31.99,1922.43
Board Meeting,Trade Show,37,791,Convention Center,Berlin,29,0.48,37,Plane,312.61,217,Vegan,791,9.87,6.41,18040.17
Atelier,Board Meeting,22,464,Office,Berlin,43,1.56,22,Plane,286.17,270,Vegetarian,464,5.29,28.22,20817.38
Formation,Corporate Training,47,1512,Convention Center,Paris,27,1.31,47,Bicycle,347.24,135,Vegan,1512,8.89,36.73,2434.43
Board Meeting,Corporate Training,33,569,Office,New York,24,0.8,33,Plane,46.48,411,Non-Vegetarian,569,14.22,23.39,7159.34
Lancement de Produit,Conference,45,281,Office,Sydney,49,1.04,45,Bicycle,80.96,448,Vegan,281,3.32,39.5,1513.24
Événement de Bienfaisance,Fundraiser,30,1904,Office,New York,9,1.84,30,Walking,24.15,75,Vegan,1904,19.66,12.44,2216.6
Conference,Trade Show,46,800,Hotel,Berlin,24,1.02,46,Bus,468.55,65,Vegetarian,800,15.28,3.75,3628.45
Fundraiser,Fundraiser,6,1709,Office,Berlin,36,0.56,6,Train,192.34,253,Vegan,1709,4.01,31.84,3787.66
Conference,Conference,41,1755,Hotel,New York,14,0.45,41,Plane,126.03,143,Vegan,1755,7.85,10.92,6427.26
Seminar,Fundraiser,39,288,Convention Center,Sydney,27,1.74,39,Plane,68.27,442,Non-Vegetarian,288,5.24,44.24,9566.9
Atelier,Trade Show,45,274,Convention Center,Dubai,46,0.42,45,Bicycle,203.51,296,Vegetarian,274,3.7,34.39,921.88
Réunion du Conseil,Team Building,32,1587,Office,London,44,1.3,32,Train,140.17,102,Mixed,1587,15.38,25.87,5537.09
Séminaire,Networking Event,42,615,Office,Berlin,30,1.56,42,Plane,72.99,491,Vegan,615,8.21,16.71,10607.16
Trade Show,Seminar,41,1830,Convention Center,London,48,0.72,41,Car,48.43,158,Vegetarian,1830,18.0,6.81,5110.01
Product Launch,Conference,2,1936,Convention Center,Sydney,42,1.65,2,Train,413.7,177,Vegetarian,1936,18.85,13.96,5967.92
Networking Event,Seminar,30,1745,Office,London,40,1.19,30,Bicycle,247.87,300,Vegan,1745,17.29,30.94,2555.46
Conférence,Workshop,46,527,Convention Center,New York,23,1.03,46,Train,102.32,123,Non-Vegetarian,527,16.06,32.37,2989.64
Trade Show,Seminar,38,1072,Convention Center,Sydney,31,1.88,38,Walking,236.75,215,Mixed,1072,15.63,22.94,3864.46
Team Building,Board Meeting,46,813,Office,Sydney,22,1.32,46,Walking,71.17,366,Mixed,813,10.49,41.76,2804.92
Team Building,Networking Event,27,1221,Hotel,Paris,35,1.71,27,Bicycle,199.86,423,Vegetarian,1221,14.72,29.63,2728.17
Lancement de Produit,Product Launch,8,268,Hotel,Sydney,48,0.66,8,Walking,190.58,113,Vegan,268,15.03,26.97,478.72
Team Building,Networking Event,31,661,Outdoor,Dubai,49,0.61,31,Car,36.63,273,Vegetarian,661,19.74,22.16,3638.59
Networking,Fundraiser,34,1091,Outdoor,Dubai,30,0.26,34,Car,36.97,407,Non-Vegetarian,1091,2.85,17.76,7152.15
Événement de Bienfaisance,Conference,4,372,Office,London,25,0.28,4,Bus,128.97,115,Vegetarian,372,12.06,19.7,1525.41
Atelier,Fundraiser,16,1452,Hotel,London,48,0.36,16,Train,303.62,20,Vegan,1452,2.81,17.43,1873.62
Séminaire,Trade Show,27,1505,Outdoor,Tokyo,33,0.99,27,Car,412.73,204,Mixed,1505,6.73,39.62,21977.6
Conférence,Networking Event,7,1251,Convention Center,Paris,18,1.18,7,Bicycle,141.27,362,Mixed,1251,13.53,21.02,3270.94
Conférence,Board Meeting,20,1448,Hotel,London,13,1.83,20,Bicycle,456.62,187,Non-Vegetarian,1448,16.88,41.11,5421.88
Conférence,Seminar,35,1135,Coworking Space,Sydney,13,1.22,35,Train,103.3,207,Vegan,1135,2.32,3.75,2280.01
Corporate Training,Board Meeting,31,1841,Outdoor,Sydney,48,1.32,31,Walking,217.74,226,Mixed,1841,17.21,3.17,5625.34
Team Building,Networking Event,6,286,Office,New York,47,0.78,6,Bus,168.04,380,Vegetarian,286,13.96,43.2,4484.61
Conference,Workshop,35,739,Outdoor,Paris,48,0.61,35,Walking,125.34,237,Vegan,739,2.04,6.05,1267.58
Séminaire,Corporate Training,30,477,Convention Center,Tokyo,10,0.99,30,Car,291.6,272,Vegetarian,477,19.52,1.39,17562.01
Board Meeting,Fundraiser,34,13,Coworking Space,London,50,1.08,34,Car,82.69,408,Vegan,13,4.18,1.53,8027.3
Réunion du Conseil,Corporate Training,13,40,Convention Center,Dubai,30,1.98,13,Walking,444.06,443,Vegan,40,3.7,7.8,449.1
Réunion du Conseil,Trade Show,10,1918,Outdoor,Paris,9,1.94,10,Bus,92.84,343,Mixed,1918,11.36,5.8,6827.27
Team Building,Networking Event,3,1344,Outdoor,Tokyo,21,1.88,3,Walking,136.72,263,Non-Vegetarian,1344,1.34,32.77,4831.44
Conference,Product Launch,39,1495,Convention Center,Paris,19,0.67,39,Plane,319.4,140,Mixed,1495,18.35,23.62,15248.68
Trade Show,Trade Show,26,736,Hotel,Dubai,29,1.03,26,Bus,328.64,18,Mixed,736,16.58,11.69,2639.78
Conference,Fundraiser,38,247,Coworking Space,Paris,18,1.71,38,Train,208.22,32,Vegetarian,247,9.73,23.12,1287.54
Product Launch,Corporate Training,36,1699,Outdoor,London,30,1.43,36,Train,300.08,191,Mixed,1699,18.5,38.93,7427.17
Corporate Training,Networking Event,7,530,Outdoor,London,32,0.11,7,Walking,72.7,12,Vegan,530,19.55,39.19,659.8
Networking,Trade Show,3,1053,Coworking Space,Tokyo,30,0.11,3,Train,448.41,268,Mixed,1053,19.6,30.12,7543.85
Corporate Training,Corporate Training,27,313,Office,Dubai,11,0.48,27,Plane,317.15,121,Vegetarian,313,18.09,41.57,10253.89
Networking,Fundraiser,23,466,Office,Paris,49,1.63,23,Plane,475.96,146,Vegan,466,19.59,18.81,18833.85
Réunion du Conseil,Board Meeting,23,1498,Hotel,Tokyo,45,1.67,23,Bicycle,381.82,67,Non-Vegetarian,1498,13.62,19.82,6174.11
Réunion du Conseil,Conference,1,1973,Convention Center,London,26,0.46,1,Train,311.09,406,Non-Vegetarian,1973,11.66,2.91,11992.72
Événement de Bienfaisance,Networking Event,5,1546,Office,New York,44,1.4,5,Walking,317.75,134,Mixed,1546,8.76,49.49,4135.5
Événement de Bienfaisance,Corporate Training,26,62,Outdoor,Berlin,28,1.96,26,Train,314.05,38,Vegan,62,6.75,9.71,1285.72
Corporate Training,Trade Show,4,485,Office,Dubai,34,1.73,4,Train,362.84,497,Non-Vegetarian,485,10.87,48.66,9147.46
Networking,Fundraiser,44,1512,Convention Center,Tokyo,40,1.67,44,Walking,224.24,466,Vegetarian,1512,6.96,27.69,3806.9
Team Building,Networking Event,34,345,Coworking Space,London,42,0.5,34,Bus,67.78,337,Vegan,345,15.67,46.19,2196.23
Networking Event,Networking Event,2,1194,Convention Center,London,49,1.22,2,Train,472.84,136,Non-Vegetarian,1194,4.64,17.24,6854.79
Fundraiser,Board Meeting,20,1990,Coworking Space,Sydney,42,0.47,20,Bicycle,447.18,364,Vegetarian,1990,8.67,4.98,3209.7
Product Launch,Trade Show,32,315,Convention Center,New York,28,1.63,32,Car,208.72,287,Mixed,315,14.67,41.58,14209.79
Formation,Workshop,16,1766,Convention Center,Tokyo,21,1.58,16,Plane,127.13,281,Vegan,1766,3.96,18.69,11007.62
Seminar,Fundraiser,40,278,Office,Berlin,41,0.92,40,Train,456.05,471,Vegetarian,278,5.01,29.56,9832.52
Séminaire,Conference,45,1650,Hotel,New York,43,0.3,45,Train,480.38,447,Vegan,1650,9.91,37.08,10623.42
Workshop,Product Launch,38,651,Coworking Space,Tokyo,6,1.21,38,Walking,88.78,450,Mixed,651,17.52,29.76,1860.0
Product Launch,Board Meeting,36,1865,Coworking Space,Dubai,26,0.97,36,Bicycle,27.21,198,Non-Vegetarian,1865,6.15,37.6,7068.96
Corporate Training,Networking Event,30,1751,Outdoor,Tokyo,26,1.45,30,Car,243.86,463,Mixed,1751,3.59,34.81,28730.31
Workshop,Trade Show,37,1239,Outdoor,Dubai,47,0.58,37,Plane,34.57,37,Vegetarian,1239,5.77,25.33,2744.78
Workshop,Seminar,8,171,Coworking Space,Tokyo,32,1.24,8,Bus,101.71,306,Vegan,171,18.8,2.62,2239.96
Networking Event,Workshop,17,1639,Hotel,London,32,1.65,17,Bus,331.58,350,Vegan,1639,5.53,27.29,9116.62
Séminaire,Networking Event,36,1779,Convention Center,Berlin,48,0.19,36,Bicycle,55.19,359,Vegan,1779,18.14,38.17,2055.78
Lancement de Produit,Trade Show,1,1000,Outdoor,Paris,16,0.58,1,Bus,302.11,375,Non-Vegetarian,1000,18.07,23.97,10386.2
Fundraiser,Board Meeting,29,822,Hotel,Sydney,21,1.56,29,Train,143.46,284,Vegetarian,822,12.62,3.04,3369.05
Team Building,Product Launch,2,1888,Outdoor,Dubai,47,1.14,2,Bicycle,207.83,294,Vegetarian,1888,4.87,6.99,2909.3
Trade Show,Fundraiser,4,1093,Coworking Space,New York,35,0.43,4,Train,329.08,398,Vegetarian,1093,6.64,9.87,6941.57
Board Meeting,Team Building,20,1288,Office,Sydney,43,1.93,20,Train,11.03,114,Mixed,1288,8.94,42.34,4202.76
Team Building,Corporate Training,25,422,Office,Berlin,20,1.02,25,Car,56.66,38,Non-Vegetarian,422,4.25,26.11,2244.87
Formation,Workshop,18,167,Convention Center,New York,17,1.05,18,Plane,175.91,303,Vegetarian,167,5.36,20.12,13787.29
Networking,Networking Event,19,1289,Office,London,22,0.77,19,Walking,12.43,195,Vegan,1289,10.3,17.19,1504.91
Événement de Bienfaisance,Corporate Training,11,578,Convention Center,Sydney,18,1.22,11,Plane,204.18,51,Mixed,578,12.44,19.39,4232.74
Événement de Bienfaisance,Conference,41,1217,Office,Paris,31,1.86,41,Walking,177.99,408,Non-Vegetarian,1217,8.55,31.67,5521.97
Conference,Corporate Training,4,581,Hotel,Paris,7,1.78,4,Car,282.31,477,Vegan,581,6.52,8.58,28915.11
Lancement de Produit,Conference,29,358,Outdoor,Dubai,43,0.19,29,Bus,59.53,305,Mixed,358,12.04,24.63,2176.2
Seminar,Workshop,42,1511,Office,New York,19,1.23,42,Car,342.78,228,Vegan,1511,10.73,25.09,18485.72
Board Meeting,Workshop,9,197,Coworking Space,London,37,1.27,9,Walking,70.6,229,Mixed,197,4.31,45.34,803.26
Séminaire,Trade Show,22,242,Office,New York,15,1.51,22,Car,486.9,144,Vegan,242,7.23,22.5,15274.47
Product Launch,Networking Event,4,1903,Outdoor,New York,47,0.58,4,Bicycle,206.44,326,Vegetarian,1903,14.75,49.59,3037.7
Formation,Product Launch,17,408,Hotel,Berlin,15,1.45,17,Plane,385.74,96,Mixed,408,3.43,26.93,10523.35
Conférence,Conference,41,83,Convention Center,Dubai,10,1.06,41,Bus,128.7,107,Vegetarian,83,13.61,45.91,1287.09
Networking,Team Building,32,1492,Outdoor,Tokyo,49,0.37,32,Car,310.45,393,Non-Vegetarian,1492,13.16,4.94,31169.72
Team Building,Networking Event,21,1671,Coworking Space,Sydney,31,0.96,21,Car,209.03,419,Mixed,1671,4.37,21.49,22934.25
Seminar,Team Building,25,695,Hotel,New York,26,1.24,25,Bus,497.41,404,Vegetarian,695,6.6,25.65,13567.22
Conference,Fundraiser,5,1901,Office,Paris,14,0.88,5,Bicycle,385.9,290,Mixed,1901,11.7,44.6,4895.9
Formation,Networking Event,40,1826,Hotel,Berlin,16,0.15,40,Car,372.82,253,Non-Vegetarian,1826,10.45,46.25,26360.33
Réunion du Conseil,Fundraiser,23,197,Office,Dubai,49,0.87,23,Train,13.37,110,Vegan,197,13.72,6.18,785.87
Fundraiser,Workshop,4,1456,Office,Sydney,19,1.9,4,Car,417.74,394,Vegan,1456,12.4,41.71,36200.23
Product Launch,Seminar,36,1504,Hotel,Paris,35,1.34,36,Train,241.4,381,Mixed,1504,8.72,34.72,8370.02
Seminar,Product Launch,9,1059,Hotel,Tokyo,7,1.72,9,Train,383.68,60,Vegetarian,1059,6.97,21.74,2620.93
Team Building,Trade Show,35,1627,Office,Dubai,40,0.7,35,Bus,178.84,78,Non-Vegetarian,1627,17.51,17.99,7092.47
Product Launch,Corporate Training,48,472,Coworking Space,Sydney,46,0.45,48,Bus,448.56,26,Vegetarian,472,1.97,33.63,1975.75
Conférence,Team Building,15,581,Office,London,26,1.63,15,Train,330.97,51,Non-Vegetarian,581,19.47,20.98,3107.43
Trade Show,Workshop,45,1802,Coworking Space,Sydney,12,0.68,45,Car,90.58,34,Vegetarian,1802,3.13,49.05,3637.7
Formation,Product Launch,29,848,Hotel,Paris,44,1.63,29,Walking,385.45,335,Mixed,848,3.21,13.23,3192.82
Atelier,Seminar,46,656,Convention Center,Tokyo,5,0.25,46,Bicycle,416.52,198,Non-Vegetarian,656,11.88,20.66,2389.83
Seminar,Product Launch,18,1596,Convention Center,Paris,16,0.48,18,Bus,299.87,12,Mixed,1596,7.45,9.97,4309.87
Atelier,Board Meeting,11,1135,Hotel,London,20,1.0,11,Walking,361.54,290,Vegan,1135,2.54,43.9,1337.88
Séminaire,Corporate Training,48,1974,Hotel,Dubai,39,1.12,48,Car,30.91,140,Vegetarian,1974,17.37,45.49,5043.79
Réunion du Conseil,Corporate Training,32,146,Outdoor,London,40,1.37,32,Bus,209.89,310,Mixed,146,6.32,12.12,5182.63
Team Building,Corporate Training,6,1201,Hotel,Dubai,49,1.7,6,Plane,333.28,163,Mixed,1201,4.04,21.8,16885.24
Formation,Trade Show,48,1182,Outdoor,Berlin,28,1.33,48,Train,449.3,393,Vegetarian,1182,15.82,18.02,9797.44
Seminar,Conference,28,1455,Coworking Space,Sydney,41,0.19,28,Bicycle,266.97,452,Vegetarian,1455,2.72,2.88,2302.76
Seminar,Product Launch,15,1696,Coworking Space,Sydney,48,1.91,15,Train,427.85,212,Non-Vegetarian,1696,16.79,44.91,10375.17
Board Meeting,Seminar,28,1438,Outdoor,Paris,13,1.04,28,Walking,210.36,488,Vegan,1438,6.54,42.17,1724.7
Team Building,Trade Show,20,453,Coworking Space,Dubai,6,0.34,20,Car,332.87,36,Non-Vegetarian,453,18.79,19.21,4198.4
Formation,Corporate Training,19,1306,Hotel,London,34,0.69,19,Walking,316.04,214,Mixed,1306,17.85,10.33,3544.23
Séminaire,Seminar,37,1440,Convention Center,Sydney,25,1.9,37,Walking,190.83,379,Vegetarian,1440,14.19,20.41,3107.95
Réunion du Conseil,Workshop,4,1041,Hotel,Berlin,15,1.07,4,Walking,336.93,14,Non-Vegetarian,1041,18.06,10.92,3733.56
Fundraiser,Seminar,17,1135,Office,Paris,26,0.76,17,Train,443.04,360,Non-Vegetarian,1135,3.88,47.89,10623.78
Board Meeting,Team Building,33,1724,Hotel,Sydney,28,0.14,33,Plane,364.88,65,Vegan,1724,18.18,26.06,7806.46
Trade Show,Fundraiser,30,1709,Hotel,London,25,1.71,30,Plane,326.7,173,Non-Vegetarian,1709,9.47,12.62,20796.71
Networking Event,Networking Event,47,1639,Convention Center,Berlin,14,1.46,47,Plane,218.74,305,Mixed,1639,9.93,45.77,21368.17
Atelier,Seminar,9,189,Hotel,Dubai,26,1.31,9,Bus,216.83,378,Mixed,189,7.35,4.16,5566.49
Atelier,Product Launch,41,84,Office,London,28,0.42,41,Bicycle,67.9,490,Vegetarian,84,1.72,40.39,451.3
Séminaire,Fundraiser,15,324,Coworking Space,Sydney,19,0.41,15,Car,132.02,275,Non-Vegetarian,324,17.68,28.53,8909.0
Workshop,Product Launch,15,1604,Outdoor,Dubai,14,1.22,15,Train,175.09,190,Mixed,1604,11.03,25.44,5541.72
Atelier,Team Building,24,1328,Office,London,48,1.12,24,Bus,411.62,199,Vegetarian,1328,10.51,30.83,7634.54
Seminar,Product Launch,5,1003,Hotel,Sydney,15,0.87,5,Train,228.86,373,Non-Vegetarian,1003,5.71,17.33,7003.8
Trade Show,Conference,27,1391,Convention Center,New York,5,1.55,27,Train,172.07,319,Non-Vegetarian,1391,18.01,41.48,7287.72
Fundraiser,Board Meeting,35,774,Office,Tokyo,33,0.59,35,Bicycle,45.95,56,Mixed,774,16.98,2.22,2314.12
Team Building,Networking Event,10,1012,Hotel,Dubai,39,0.59,10,Train,34.31,97,Vegan,1012,17.3,46.95,1388.67
Product Launch,Trade Show,10,1711,Coworking Space,Paris,36,0.1,10,Bus,258.96,252,Mixed,1711,6.81,28.75,8282.1
Trade Show,Conference,47,43,Office,Paris,37,1.96,47,Plane,78.8,360,Vegetarian,43,6.06,40.07,8952.98
Réunion du Conseil,Seminar,38,957,Office,Sydney,11,1.99,38,Walking,210.0,460,Non-Vegetarian,957,6.45,11.63,3801.57
Événement de Bienfaisance,Seminar,48,1707,Convention Center,Berlin,32,0.53,48,Car,115.67,125,Mixed,1707,9.02,23.57,7776.06
Séminaire,Seminar,9,1014,Coworking Space,Tokyo,16,1.34,9,Walking,398.6,353,Vegan,1014,8.28,6.55,1140.14
Événement de Bienfaisance,Corporate Training,3,76,Coworking Space,Berlin,16,1.74,3,Walking,78.05,400,Vegan,76,7.85,34.4,202.26
Product Launch,Corporate Training,13,336,Hotel,London,37,1.13,13,Bicycle,306.11,332,Non-Vegetarian,336,11.84,7.07,1485.58
Trade Show,Workshop,32,1178,Hotel,Sydney,24,1.31,32,Train,398.34,125,Vegan,1178,11.54,10.37,3716.56
Formation,Seminar,14,1340,Office,Dubai,40,1.17,14,Plane,195.28,122,Vegetarian,1340,11.88,33.8,8385.0
Seminar,Seminar,48,1972,Hotel,Paris,31,0.79,48,Train,248.81,78,Vegan,1972,15.82,32.8,3433.29
Réunion du Conseil,Board Meeting,19,476,Coworking Space,Sydney,36,0.24,19,Plane,32.07,324,Mixed,476,11.77,44.69,3982.67
Conference,Board Meeting,16,1320,Convention Center,Sydney,24,0.55,16,Car,19.91,270,Vegan,1320,1.37,13.66,2584.56
Board Meeting,Networking Event,15,1852,Office,Tokyo,29,1.18,15,Walking,9.81,392,Non-Vegetarian,1852,15.07,14.79,6798.37
Team Building,Seminar,12,1089,Hotel,Berlin,23,0.34,12,Walking,402.57,337,Vegan,1089,19.91,20.76,1217.26
Formation,Conference,34,1350,Coworking Space,Paris,42,0.69,34,Bus,312.16,455,Non-Vegetarian,1350,12.33,3.62,13771.53
Atelier,Product Launch,31,1139,Outdoor,Sydney,6,0.98,31,Walking,190.68,384,Vegan,1139,5.24,30.1,1300.82
Formation,Team Building,4,1828,Convention Center,Sydney,7,0.98,4,Car,340.89,498,Non-Vegetarian,1828,1.58,39.93,42145.02
Formation,Product Launch,44,1179,Convention Center,Berlin,6,1.6,44,Bus,68.1,244,Vegan,1179,9.79,31.76,2470.28
Networking,Networking Event,34,1622,Hotel,Paris,16,1.93,34,Bicycle,310.91,17,Non-Vegetarian,1622,5.77,14.63,6242.76
Formation,Conference,11,450,Convention Center,Sydney,15,0.52,11,Bicycle,103.33,464,Vegan,450,8.8,48.68,607.86
Seminar,Product Launch,36,135,Convention Center,Dubai,6,0.79,36,Bicycle,280.65,409,Non-Vegetarian,135,12.2,38.85,659.92
Réunion du Conseil,Product Launch,20,543,Outdoor,Berlin,40,0.71,20,Bus,129.87,203,Vegan,543,7.91,17.01,2458.66
Team Building,Networking Event,8,495,Outdoor,Tokyo,8,0.5,8,Bus,290.65,385,Vegetarian,495,19.76,40.94,7593.91
Board Meeting,Board Meeting,47,704,Hotel,Berlin,15,1.9,47,Bicycle,206.76,292,Mixed,704,8.64,32.98,2512.99
Formation,Product Launch,33,87,Coworking Space,Tokyo,32,0.92,33,Walking,105.23,327,Mixed,87,10.64,11.78,748.1
Séminaire,Networking Event,28,87,Coworking Space,New York,43,0.19,28,Walking,63.98,437,Vegetarian,87,3.03,19.95,290.84
Networking Event,Networking Event,12,113,Hotel,Tokyo,28,0.36,12,Walking,447.66,191,Non-Vegetarian,113,19.44,3.59,502.04
Board Meeting,Corporate Training,1,1380,Hotel,Dubai,32,0.82,1,Plane,442.68,157,Vegetarian,1380,13.14,17.63,19519.85
Networking Event,Board Meeting,35,1791,Coworking Space,Dubai,25,0.39,35,Bus,271.64,216,Vegan,1791,0.88,7.67,5499.18
Événement de Bienfaisance,Fundraiser,2,1269,Coworking Space,Paris,35,1.3,2,Plane,459.74,72,Non-Vegetarian,1269,3.69,7.29,12784.28
Conference,Product Launch,35,1454,Hotel,London,22,1.62,35,Walking,351.34,38,Mixed,1454,6.98,11.57,4295.8
Seminar,Board Meeting,17,800,Coworking Space,Tokyo,13,0.63,17,Car,356.42,259,Non-Vegetarian,800,2.69,31.48,22323.64
Board Meeting,Board Meeting,43,627,Convention Center,Berlin,24,0.29,43,Train,308.96,102,Mixed,627,7.19,37.29,3066.66
Networking Event,Networking Event,19,1057,Outdoor,New York,25,1.47,19,Car,371.08,405,Non-Vegetarian,1057,19.7,2.71,35653.8
Product Launch,Trade Show,16,239,Outdoor,London,18,1.31,16,Bicycle,475.16,59,Mixed,239,2.37,2.14,795.16
Product Launch,Conference,16,1084,Coworking Space,Dubai,10,1.4,16,Walking,338.19,123,Vegetarian,1084,11.81,41.68,1844.98
Lancement de Produit,Workshop,43,269,Hotel,Berlin,35,1.71,43,Bus,38.45,52,Vegan,269,6.69,43.71,1776.54
Networking,Corporate Training,41,1747,Coworking Space,Paris,13,1.36,41,Walking,471.22,164,Vegetarian,1747,14.87,20.73,3054.14
Fundraiser,Corporate Training,19,1224,Coworking Space,Berlin,40,1.13,19,Walking,378.54,240,Vegan,1224,7.36,13.73,1695.58
Conférence,Fundraiser,43,1174,Coworking Space,Paris,10,0.91,43,Walking,246.41,303,Vegan,1174,16.32,8.06,1418.41
Fundraiser,Board Meeting,4,1853,Hotel,Sydney,47,0.63,4,Bus,260.64,254,Vegetarian,1853,2.26,40.4,6896.19
Seminar,Seminar,37,1797,Outdoor,Dubai,32,1.33,37,Train,350.86,15,Vegetarian,1797,2.18,33.53,3764.8
Séminaire,Corporate Training,1,614,Office,Dubai,27,1.83,1,Car,36.65,25,Mixed,614,4.38,26.6,1814.08
Trade Show,Team Building,39,1235,Convention Center,London,17,1.95,39,Walking,369.36,275,Mixed,1235,14.04,1.21,3764.43
Fundraiser,Fundraiser,24,708,Office,Berlin,6,1.39,24,Walking,209.03,474,Mixed,708,6.83,21.95,1927.64
Conférence,Corporate Training,32,1327,Coworking Space,Tokyo,49,1.0,32,Train,419.09,152,Vegan,1327,19.7,37.92,4774.31
Atelier,Corporate Training,23,415,Convention Center,London,20,0.88,23,Walking,426.77,419,Non-Vegetarian,415,8.69,29.27,1730.82
Workshop,Networking Event,1,42,Office,Dubai,31,1.26,1,Walking,425.0,192,Non-Vegetarian,42,15.8,38.87,275.87
Fundraiser,Team Building,22,476,Office,Berlin,34,1.48,22,Walking,303.6,138,Non-Vegetarian,476,9.8,20.3,2279.72
Séminaire,Product Launch,48,430,Coworking Space,Paris,14,1.14,48,Car,209.95,416,Vegetarian,430,9.87,27.33,19443.67
Conference,Corporate Training,15,865,Coworking Space,Sydney,41,1.44,15,Bicycle,142.62,345,Vegan,865,15.49,23.09,1384.96
Seminar,Team Building,13,1018,Hotel,Berlin,27,0.23,13,Plane,275.62,48,Non-Vegetarian,1018,16.81,25.09,6994.61
Networking,Team Building,11,450,Office,New York,37,0.28,11,Plane,308.52,344,Mixed,450,7.14,5.8,27740.58
Seminar,Trade Show,1,157,Outdoor,Paris,7,0.93,1,Train,400.63,342,Vegetarian,157,2.82,8.53,5742.07
Networking Event,Product Launch,34,1114,Coworking Space,Sydney,32,1.1,34,Car,373.69,418,Vegan,1114,9.46,32.71,34599.25
Networking,Conference,10,1339,Outdoor,Dubai,20,0.78,10,Walking,459.53,408,Mixed,1339,3.58,47.68,3528.02
Conference,Conference,14,487,Outdoor,Paris,37,0.7,14,Bicycle,241.38,269,Vegan,487,13.68,32.22,760.1
Team Building,Team Building,33,705,Convention Center,Berlin,23,1.04,33,Car,97.48,323,Non-Vegetarian,705,7.74,23.5,9536.73
Atelier,Board Meeting,11,349,Coworking Space,Tokyo,19,1.13,11,Bus,223.57,99,Non-Vegetarian,349,19.95,5.64,2718.77
Formation,Corporate Training,24,203,Office,Sydney,50,1.93,24,Bus,121.37,293,Non-Vegetarian,203,2.65,9.76,4027.0
Réunion du Conseil,Corporate Training,48,529,Coworking Space,London,13,0.73,48,Train,386.36,114,Vegetarian,529,5.2,36.77,2867.0
Conférence,Fundraiser,45,644,Hotel,London,46,1.92,45,Car,318.89,153,Non-Vegetarian,644,2.3,47.36,14586.46
Product Launch,Corporate Training,4,229,Hotel,London,31,0.51,4,Plane,192.46,478,Non-Vegetarian,229,17.75,11.31,23890.21
Product Launch,Workshop,23,198,Office,New York,10,0.88,23,Plane,165.67,476,Vegetarian,198,18.72,35.44,20221.25
Conference,Fundraiser,8,641,Outdoor,Sydney,29,1.55,8,Walking,175.11,106,Vegan,641,17.89,21.68,899.94
Réunion du Conseil,Networking Event,35,350,Coworking Space,Berlin,8,0.33,35,Walking,311.67,323,Non-Vegetarian,350,0.77,35.54,1343.82
Seminar,Board Meeting,35,1843,Hotel,Tokyo,13,0.53,35,Plane,21.14,279,Non-Vegetarian,1843,4.68,25.73,8106.41
Réunion du Conseil,Corporate Training,7,533,Outdoor,New York,14,1.68,7,Bicycle,140.32,138,Non-Vegetarian,533,19.56,35.89,2058.72
Lancement de Produit,Product Launch,3,503,Coworking Space,Berlin,48,1.56,3,Car,75.2,209,Non-Vegetarian,503,13.74,15.42,5231.67
Team Building,Workshop,17,1870,Office,Berlin,31,0.94,17,Walking,396.18,272,Vegetarian,1870,18.68,18.25,3126.55
Trade Show,Product Launch,43,142,Outdoor,Tokyo,9,1.49,43,Bus,181.44,364,Non-Vegetarian,142,10.17,26.91,4822.12
Trade Show,Conference,47,856,Outdoor,Berlin,33,1.11,47,Bicycle,55.15,229,Mixed,856,13.42,48.08,3123.81
Networking,Conference,44,1345,Outdoor,Sydney,50,1.8,44,Bus,317.47,153,Vegan,1345,0.72,49.28,6339.37
Réunion du Conseil,Fundraiser,6,1374,Office,London,19,1.38,6,Train,419.53,322,Non-Vegetarian,1374,10.12,46.92,10405.29
Lancement de Produit,Trade Show,25,1612,Coworking Space,Tokyo,13,0.97,25,Bicycle,194.51,433,Non-Vegetarian,1612,12.83,24.04,5873.36
Trade Show,Seminar,21,430,Coworking Space,Berlin,25,0.84,21,Train,437.95,122,Non-Vegetarian,430,5.76,19.96,3914.14
Networking Event,Fundraiser,21,1236,Office,Tokyo,21,1.87,21,Bicycle,190.09,171,Vegetarian,1236,17.87,33.59,2369.26
Board Meeting,Trade Show,40,302,Office,Paris,27,0.15,40,Walking,233.44,407,Mixed,302,1.31,17.65,873.92
Team Building,Corporate Training,14,1752,Coworking Space,Tokyo,29,0.59,14,Car,479.4,200,Vegan,1752,10.17,24.5,22075.91
Networking Event,Team Building,45,1056,Outdoor,Tokyo,43,1.22,45,Bus,185.22,69,Non-Vegetarian,1056,3.06,33.54,5716.36
Seminar,Product Launch,44,988,Coworking Space,Berlin,25,1.8,44,Bicycle,143.67,131,Vegetarian,988,15.89,12.24,2528.26
Conference,Workshop,17,1295,Office,London,23,1.52,17,Car,412.19,77,Vegan,1295,16.2,16.6,8322.87
Conference,Workshop,35,1239,Office,Sydney,28,1.64,35,Car,314.75,151,Non-Vegetarian,1239,5.4,46.01,15223.64
Séminaire,Trade Show,11,1194,Coworking Space,Paris,26,0.18,11,Car,126.32,410,Mixed,1194,0.82,32.23,13952.99
Corporate Training,Seminar,5,123,Hotel,Sydney,38,1.66,5,Train,219.89,24,Mixed,123,9.52,15.03,725.39
Seminar,Trade Show,44,162,Office,Paris,6,0.4,44,Train,386.77,180,Mixed,162,14.56,42.39,3356.44
Événement de Bienfaisance,Team Building,23,1965,Convention Center,New York,10,0.27,23,Walking,496.11,21,Mixed,1965,18.4,44.23,5068.81
Atelier,Board Meeting,8,1456,Convention Center,Paris,11,0.52,8,Plane,215.43,215,Vegan,1456,2.59,17.03,13097.48
Team Building,Workshop,29,1789,Outdoor,Paris,23,0.62,29,Bus,272.89,73,Vegan,1789,14.36,37.38,3294.51
Formation,Corporate Training,3,1521,Convention Center,New York,49,0.58,3,Car,80.23,50,Mixed,1521,9.09,47.83,4801.39
Team Building,Corporate Training,30,126,Outdoor,Dubai,9,0.4,30,Car,224.95,469,Vegan,126,4.88,1.54,22348.17
Lancement de Produit,Team Building,11,516,Outdoor,Tokyo,35,0.67,11,Bus,316.56,358,Mixed,516,8.53,1.72,8239.18
Lancement de Produit,Board Meeting,5,1661,Coworking Space,Dubai,39,1.4,5,Car,238.99,91,Mixed,1661,13.45,2.06,8887.12
Seminar,Product Launch,2,1842,Outdoor,London,45,1.86,2,Plane,291.92,221,Vegan,1842,5.37,34.33,18133.68
Networking Event,Seminar,6,1524,Outdoor,London,14,1.39,6,Train,385.16,272,Non-Vegetarian,1524,11.49,30.26,9666.42
Product Launch,Conference,31,780,Outdoor,Tokyo,17,0.76,31,Car,344.39,99,Non-Vegetarian,780,8.21,35.63,10177.81
Événement de Bienfaisance,Networking Event,39,1284,Outdoor,London,20,1.89,39,Car,8.56,125,Vegetarian,1284,15.01,25.97,2969.76
Séminaire,Product Launch,14,727,Office,Paris,23,0.86,14,Car,271.78,325,Vegan,727,17.67,46.79,19543.36
Conference,Team Building,46,153,Hotel,Dubai,46,0.84,46,Car,333.3,22,Non-Vegetarian,153,15.23,35.8,3066.13
Formation,Workshop,47,22,Convention Center,Tokyo,42,0.21,47,Car,298.12,201,Vegan,22,18.7,12.05,12874.42
Trade Show,Conference,43,1957,Hotel,Tokyo,30,1.43,43,Bus,62.13,67,Mixed,1957,1.98,40.53,6149.63
Networking Event,Product Launch,41,1041,Outdoor,Tokyo,26,1.78,41,Plane,254.39,272,Mixed,1041,12.1,23.2,20920.36
Corporate Training,Board Meeting,14,1721,Convention Center,Tokyo,6,1.06,14,Train,369.03,330,Non-Vegetarian,1721,13.68,47.62,11061.82
Seminar,Board Meeting,1,950,Convention Center,Tokyo,9,1.88,1,Bus,187.33,271,Vegetarian,950,1.25,5.47,4492.89
Lancement de Produit,Seminar,19,969,Hotel,Sydney,37,0.92,19,Car,121.75,214,Mixed,969,16.34,23.65,8297.31
Workshop,Team Building,42,772,Convention Center,New York,36,1.88,42,Plane,389.01,398,Mixed,772,8.66,42.09,42159.28
Networking,Product Launch,26,1228,Outdoor,New York,38,0.76,26,Bicycle,183.6,131,Mixed,1228,14.26,16.37,3506.7
Événement de Bienfaisance,Board Meeting,13,1644,Hotel,Sydney,17,0.73,13,Bus,90.95,295,Non-Vegetarian,1644,14.88,3.53,7481.3
Conference,Corporate Training,40,120,Coworking Space,New York,6,0.23,40,Bicycle,257.33,456,Vegetarian,120,5.75,49.63,318.36
Réunion du Conseil,Corporate Training,38,985,Coworking Space,Paris,16,1.14,38,Walking,43.43,188,Non-Vegetarian,985,4.78,4.49,3812.6
Événement de Bienfaisance,Workshop,14,1070,Office,New York,22,0.77,14,Plane,335.48,73,Mixed,1070,1.52,21.15,8961.43
Seminar,Conference,33,137,Hotel,Sydney,30,0.21,33,Bus,90.42,271,Mixed,137,10.63,32.19,2002.32
Corporate Training,Board Meeting,44,181,Coworking Space,London,48,0.39,44,Walking,293.38,443,Vegan,181,14.85,21.69,665.92
Seminar,Workshop,33,1070,Coworking Space,London,36,1.28,33,Bicycle,104.86,387,Non-Vegetarian,1070,18.39,39.48,4621.06
Corporate Training,Product Launch,2,740,Hotel,New York,10,0.95,2,Plane,245.94,469,Non-Vegetarian,740,10.87,10.39,31478.49
Product Launch,Fundraiser,13,779,Office,London,9,1.29,13,Bicycle,17.86,371,Vegetarian,779,10.01,26.23,1316.44
Fundraiser,Seminar,27,759,Hotel,Tokyo,50,1.78,27,Train,445.09,242,Non-Vegetarian,759,7.03,26.79,8234.11
Conference,Fundraiser,14,478,Hotel,Paris,21,0.71,14,Train,80.71,296,Non-Vegetarian,478,0.65,48.63,2831.54
Networking,Team Building,1,1032,Hotel,Paris,25,0.86,1,Walking,181.04,198,Mixed,1032,11.11,26.06,2665.09
Networking,Team Building,14,1980,Outdoor,Berlin,11,0.24,14,Bus,453.83,404,Non-Vegetarian,1980,7.84,28.6,18022.2
Corporate Training,Trade Show,6,675,Office,Paris,41,1.39,6,Bus,71.83,464,Vegan,675,14.03,38.7,2951.18
Événement de Bienfaisance,Conference,10,532,Hotel,London,33,1.63,10,Walking,3.37,489,Mixed,532,3.24,28.43,1662.29
Séminaire,Product Launch,26,437,Hotel,Paris,41,1.49,26,Plane,463.98,322,Vegetarian,437,4.33,42.14,38893.0
Networking Event,Board Meeting,4,479,Outdoor,Tokyo,43,1.49,4,Plane,51.61,209,Non-Vegetarian,479,15.62,12.55,4557.6
Board Meeting,Fundraiser,25,452,Coworking Space,London,11,0.77,25,Plane,375.34,293,Vegetarian,452,5.49,4.08,28296.67
Réunion du Conseil,Conference,45,1818,Coworking Space,London,12,0.13,45,Bicycle,329.6,431,Vegetarian,1818,15.51,38.2,2869.52
Événement de Bienfaisance,Seminar,21,127,Outdoor,Tokyo,44,0.74,21,Car,446.61,87,Vegan,127,8.66,17.17,8680.1
Product Launch,Conference,48,1746,Outdoor,Tokyo,9,1.0,48,Car,343.69,259,Non-Vegetarian,1746,8.44,19.34,25075.86
Product Launch,Workshop,11,784,Hotel,Sydney,30,0.58,11,Car,68.89,421,Non-Vegetarian,784,9.72,9.56,8968.82
Trade Show,Corporate Training,47,1228,Hotel,Paris,8,1.3,47,Bicycle,215.99,482,Vegetarian,1228,11.3,35.19,2179.38
Product Launch,Fundraiser,10,170,Hotel,New York,40,1.17,10,Walking,148.36,158,Mixed,170,16.39,19.27,730.32
Séminaire,Board Meeting,39,215,Office,London,15,1.65,39,Car,59.31,353,Non-Vegetarian,215,8.46,36.57,5721.84
Networking Event,Conference,36,1783,Convention Center,London,22,1.85,36,Train,347.69,230,Mixed,1783,19.27,42.16,8511.71
Lancement de Produit,Team Building,29,1327,Hotel,New York,34,1.11,29,Walking,196.38,480,Non-Vegetarian,1327,13.09,11.26,5240.43
Product Launch,Networking Event,19,1667,Outdoor,Berlin,40,1.79,19,Car,475.39,424,Mixed,1667,19.29,16.31,47247.63
Conference,Seminar,17,1721,Outdoor,Dubai,42,1.04,17,Plane,20.87,91,Vegan,1721,12.89,1.16,2595.17
Formation,Team Building,13,1814,Office,Dubai,19,0.79,13,Bicycle,330.9,487,Mixed,1814,9.72,6.96,4665.92
Fundraiser,Trade Show,44,1951,Coworking Space,Tokyo,35,1.94,44,Bicycle,357.6,204,Vegetarian,1951,4.56,47.83,4525.08
Séminaire,Team Building,6,1323,Office,Berlin,24,1.25,6,Bicycle,127.54,387,Mixed,1323,15.01,45.2,3517.92
Atelier,Conference,14,1654,Office,Berlin,22,1.27,14,Car,339.6,49,Vegan,1654,5.8,25.29,5406.24
Séminaire,Product Launch,23,1488,Office,Berlin,9,0.24,23,Car,66.17,305,Mixed,1488,2.85,29.74,8048.21
Conference,Workshop,25,239,Hotel,London,49,1.56,25,Car,212.12,390,Vegetarian,239,1.89,4.83,18700.07
Réunion du Conseil,Workshop,46,1825,Hotel,Tokyo,8,0.13,46,Plane,18.79,99,Vegan,1825,14.79,9.4,2362.35
Workshop,Trade Show,48,1172,Coworking Space,Tokyo,5,0.22,48,Train,296.77,63,Non-Vegetarian,1172,16.99,40.62,4991.48
Team Building,Product Launch,40,635,Hotel,Sydney,36,1.73,40,Train,223.08,242,Vegetarian,635,11.42,49.36,4479.07
Conférence,Team Building,19,877,Outdoor,Berlin,49,1.3,19,Car,471.5,486,Non-Vegetarian,877,5.61,47.28,51901.72
Team Building,Seminar,9,1653,Convention Center,Sydney,7,0.6,9,Walking,189.36,247,Vegetarian,1653,6.0,4.56,2519.52
Conférence,Conference,39,1045,Coworking Space,Berlin,32,0.54,39,Bus,417.04,481,Vegetarian,1045,13.19,46.99,14060.59
Réunion du Conseil,Trade Show,5,904,Convention Center,London,28,0.13,5,Walking,17.28,241,Non-Vegetarian,904,17.98,10.67,3230.4
Team Building,Board Meeting,27,899,Coworking Space,London,16,1.35,27,Walking,486.72,116,Mixed,899,14.13,31.93,2631.22
Networking Event,Seminar,3,538,Outdoor,Berlin,14,0.34,3,Bicycle,306.85,130,Vegetarian,538,9.12,25.37,883.12
Workshop,Product Launch,31,69,Hotel,Tokyo,18,1.67,31,Plane,160.22,349,Non-Vegetarian,69,9.51,35.47,14776.58
Team Building,Corporate Training,34,1018,Office,Tokyo,26,0.91,34,Plane,112.37,435,Non-Vegetarian,1018,3.85,25.87,16244.9
Formation,Product Launch,34,1303,Hotel,London,15,0.95,34,Walking,97.93,324,Vegan,1303,18.75,35.32,1653.39
Product Launch,Team Building,3,478,Office,New York,16,1.49,3,Bicycle,414.6,297,Vegan,478,15.51,48.4,641.58
Workshop,Trade Show,42,607,Office,Sydney,30,1.91,42,Train,458.75,470,Vegan,607,12.82,34.79,10530.02
Séminaire,Workshop,9,501,Hotel,Dubai,23,1.21,9,Car,146.43,377,Non-Vegetarian,501,17.06,36.34,13578.4
Réunion du Conseil,Product Launch,28,1140,Convention Center,Tokyo,36,1.76,28,Walking,134.08,410,Vegan,1140,3.73,43.71,2121.92
Conférence,Corporate Training,24,884,Coworking Space,London,22,1.53,24,Plane,308.14,146,Vegan,884,5.73,13.21,12572.91
Réunion du Conseil,Product Launch,35,295,Office,Sydney,22,0.93,35,Plane,191.82,384,Vegan,295,14.5,24.82,19146.41
Corporate Training,Trade Show,1,1562,Convention Center,Paris,48,1.35,1,Walking,291.12,35,Mixed,1562,16.22,21.94,4013.72
Événement de Bienfaisance,Workshop,38,1424,Outdoor,Sydney,49,1.17,38,Plane,312.65,456,Vegetarian,1424,1.78,6.38,38883.69
Conférence,Board Meeting,25,1133,Outdoor,New York,47,0.75,25,Plane,302.84,78,Vegan,1133,7.54,33.03,7560.14
Formation,Corporate Training,17,761,Office,London,12,1.19,17,Bicycle,355.5,370,Non-Vegetarian,761,13.06,12.9,2836.8
Workshop,Board Meeting,17,1566,Coworking Space,Paris,26,0.62,17,Walking,98.19,336,Vegetarian,1566,4.49,48.03,2591.06
Séminaire,Fundraiser,38,139,Coworking Space,London,41,0.13,38,Walking,177.64,443,Non-Vegetarian,139,5.6,32.15,663.27
Workshop,Product Launch,30,115,Convention Center,Sydney,29,1.07,30,Bicycle,402.5,266,Non-Vegetarian,115,2.14,30.94,934.11
Trade Show,Workshop,16,910,Convention Center,London,21,1.28,16,Bicycle,25.51,353,Vegetarian,910,18.91,22.01,1661.88
Formation,Networking Event,36,1286,Hotel,Berlin,23,0.22,36,Bicycle,153.98,403,Vegetarian,1286,10.85,23.19,2088.16
Seminar,Conference,43,167,Office,Paris,48,1.76,43,Plane,56.09,162,Vegan,167,11.86,15.73,4310.15
Seminar,Fundraiser,1,462,Coworking Space,New York,36,0.89,1,Bicycle,442.62,246,Mixed,462,13.87,45.22,1289.2
Lancement de Produit,Corporate Training,31,839,Office,Paris,38,1.93,31,Car,134.56,188,Mixed,839,5.03,22.59,8601.94
Atelier,Workshop,3,595,Office,London,37,1.29,3,Train,56.15,317,Vegan,595,3.89,41.96,1470.28
Conference,Conference,16,898,Office,Sydney,15,1.74,16,Plane,428.26,30,Non-Vegetarian,898,3.45,31.53,6633.71
Formation,Workshop,37,158,Coworking Space,Berlin,37,1.59,37,Bicycle,162.42,424,Non-Vegetarian,158,13.98,28.53,1726.38
Networking,Networking Event,33,876,Hotel,Berlin,5,1.63,33,Walking,65.84,123,Non-Vegetarian,876,3.08,12.43,3231.49
Workshop,Conference,47,1960,Office,Dubai,42,1.2,47,Train,154.6,236,Non-Vegetarian,1960,16.55,34.26,9605.44
Conference,Board Meeting,22,787,Convention Center,Berlin,35,0.65,22,Car,316.62,462,Non-Vegetarian,787,8.54,12.3,33764.9
Team Building,Conference,44,1929,Outdoor,Paris,8,1.63,44,Plane,461.57,358,Vegetarian,1929,15.78,9.98,44542.41
Networking Event,Fundraiser,19,1049,Office,Dubai,17,0.72,19,Bus,239.66,132,Vegetarian,1049,6.8,32.12,3665.73
Networking,Workshop,17,464,Coworking Space,Tokyo,10,0.9,17,Train,337.84,151,Non-Vegetarian,464,8.37,4.18,3766.15
Réunion du Conseil,Team Building,18,1691,Coworking Space,Tokyo,24,0.48,18,Train,209.0,493,Non-Vegetarian,1691,17.99,40.87,10261.38
Seminar,Conference,20,1396,Coworking Space,Berlin,31,0.67,20,Walking,340.07,128,Vegan,1396,9.27,13.76,1649.76
Product Launch,Workshop,21,1541,Office,London,19,1.41,21,Plane,420.27,283,Mixed,1541,10.38,49.54,33987.74
Lancement de Produit,Team Building,43,518,Office,Paris,40,1.01,43,Bus,40.07,238,Vegetarian,518,13.18,14.85,2273.86
Board Meeting,Corporate Training,47,1062,Coworking Space,London,8,1.21,47,Bicycle,226.11,44,Mixed,1062,6.95,19.62,2935.62
Lancement de Produit,Trade Show,30,523,Hotel,New York,38,0.97,30,Walking,149.85,407,Vegetarian,523,4.01,21.45,1388.32
Product Launch,Trade Show,22,1571,Coworking Space,Dubai,17,0.26,22,Bicycle,466.86,144,Mixed,1571,11.53,1.95,4003.08
Fundraiser,Networking Event,11,401,Office,Dubai,50,0.56,11,Bicycle,147.34,222,Mixed,401,19.41,31.66,1258.64
Networking,Team Building,3,1780,Coworking Space,Berlin,17,1.93,3,Car,5.07,22,Non-Vegetarian,1780,4.36,49.51,6410.38
Trade Show,Seminar,29,543,Outdoor,London,41,1.23,29,Walking,147.2,423,Mixed,543,3.24,26.87,2148.95
Seminar,Fundraiser,33,1285,Hotel,Tokyo,9,1.26,33,Car,351.49,429,Non-Vegetarian,1285,16.42,5.72,36394.62
Séminaire,Board Meeting,34,681,Hotel,Paris,45,1.61,34,Walking,356.11,407,Non-Vegetarian,681,16.24,49.6,3746.83
Networking,Seminar,3,1079,Convention Center,New York,49,0.3,3,Car,79.44,72,Vegetarian,1079,15.97,42.31,2958.24
Fundraiser,Product Launch,22,143,Coworking Space,Dubai,44,0.31,22,Walking,216.79,220,Vegetarian,143,6.61,14.33,406.42
Board Meeting,Conference,10,1089,Coworking Space,London,12,1.4,10,Walking,434.97,248,Mixed,1089,4.49,26.66,2868.8
Fundraiser,Trade Show,18,150,Outdoor,Paris,20,0.35,18,Train,220.7,326,Vegan,150,10.33,22.63,3156.85
Réunion du Conseil,Board Meeting,1,487,Office,Tokyo,28,1.4,1,Bus,101.68,104,Mixed,487,13.59,17.84,1934.44
Workshop,Fundraiser,27,1710,Convention Center,Paris,42,1.17,27,Plane,479.77,219,Mixed,1710,19.2,43.73,31331.66
Lancement de Produit,Team Building,17,1052,Office,Tokyo,49,2.0,17,Bus,275.48,73,Mixed,1052,2.66,23.43,4721.78
Trade Show,Trade Show,23,1765,Hotel,Berlin,30,0.7,23,Walking,338.19,164,Non-Vegetarian,1765,6.08,48.54,6528.24
Trade Show,Product Launch,22,1820,Coworking Space,Paris,17,1.99,22,Train,457.81,225,Mixed,1820,1.69,7.92,9061.64
Workshop,Trade Show,25,221,Hotel,Dubai,14,1.25,25,Walking,407.99,72,Vegetarian,221,6.03,40.28,642.87
Événement de Bienfaisance,Networking Event,10,1047,Hotel,Sydney,48,1.02,10,Bicycle,248.59,460,Mixed,1047,8.01,8.89,2896.1
Product Launch,Conference,26,288,Outdoor,Paris,44,1.97,26,Bicycle,130.24,61,Vegetarian,288,10.21,2.78,1584.82
Networking Event,Corporate Training,3,1245,Outdoor,New York,25,1.16,3,Train,304.47,181,Vegetarian,1245,12.79,9.15,4159.24
Fundraiser,Fundraiser,45,1836,Coworking Space,Dubai,8,0.54,45,Plane,111.26,404,Vegetarian,1836,19.13,15.67,14158.06
Atelier,Conference,41,560,Coworking Space,London,30,1.77,41,Bus,50.44,443,Vegetarian,560,16.92,16.12,3335.33
Team Building,Fundraiser,12,1082,Hotel,Dubai,23,0.63,12,Bus,132.02,213,Vegan,1082,10.42,47.91,2972.82
Fundraiser,Team Building,33,1375,Convention Center,Sydney,9,1.1,33,Walking,166.24,163,Mixed,1375,1.56,31.67,3667.31
Conférence,Trade Show,26,1802,Hotel,London,5,0.86,26,Walking,190.25,366,Vegetarian,1802,18.75,42.52,2881.44
Networking Event,Trade Show,2,408,Hotel,Dubai,48,1.68,2,Walking,262.83,196,Mixed,408,18.2,23.32,1183.68
Fundraiser,Team Building,40,674,Hotel,Dubai,11,1.44,40,Bus,455.44,349,Mixed,674,5.05,23.53,11595.87
Événement de Bienfaisance,Product Launch,14,770,Hotel,Sydney,8,0.6,14,Train,319.87,378,Vegetarian,770,8.78,43.58,6129.75
Conférence,Board Meeting,4,1832,Outdoor,Dubai,47,1.57,4,Bus,400.68,53,Mixed,1832,5.29,28.71,6069.74
Board Meeting,Product Launch,11,155,Outdoor,Dubai,46,1.82,11,Walking,450.53,89,Non-Vegetarian,155,8.14,30.96,1081.16
Réunion du Conseil,Fundraiser,1,1241,Hotel,Tokyo,25,1.19,1,Bus,472.27,391,Mixed,1241,4.73,16.13,14238.55
Team Building,Product Launch,2,1545,Outdoor,New York,36,0.19,2,Bicycle,481.46,86,Non-Vegetarian,1545,5.63,19.38,5464.36
Corporate Training,Trade Show,28,966,Hotel,Tokyo,31,0.75,28,Bus,206.88,175,Mixed,966,2.42,44.33,5006.24
Formation,Fundraiser,46,30,Outdoor,Dubai,11,0.55,46,Train,483.69,446,Vegan,30,12.74,36.59,8896.84
Team Building,Fundraiser,11,1866,Coworking Space,New York,34,1.12,11,Bus,102.49,284,Vegetarian,1866,9.97,36.12,4847.05
Product Launch,Corporate Training,27,667,Convention Center,Tokyo,43,0.55,27,Train,313.15,210,Mixed,667,6.79,39.37,4709.56
Lancement de Produit,Team Building,21,1588,Hotel,Berlin,19,0.65,21,Bicycle,172.37,474,Mixed,1588,0.85,44.53,4190.44
Formation,Conference,7,1817,Outdoor,Tokyo,34,1.54,7,Bicycle,188.98,76,Vegetarian,1817,1.44,17.31,2946.26
Workshop,Networking Event,5,185,Hotel,London,38,1.41,5,Train,302.07,384,Vegetarian,185,13.49,23.72,5125.67
Board Meeting,Seminar,45,262,Coworking Space,New York,16,0.97,45,Car,293.0,100,Vegetarian,262,6.09,7.79,6922.96
Seminar,Workshop,31,1523,Outdoor,Berlin,33,1.37,31,Car,188.11,188,Vegan,1523,9.88,30.3,9730.7
Séminaire,Seminar,11,553,Convention Center,London,31,0.74,11,Bus,488.5,361,Mixed,553,13.42,10.64,12137.7
Conference,Corporate Training,2,100,Convention Center,New York,27,1.28,2,Car,450.53,151,Non-Vegetarian,100,12.19,26.08,14747.41
Séminaire,Fundraiser,24,1703,Convention Center,Berlin,35,0.34,24,Walking,377.82,32,Vegetarian,1703,5.71,6.47,2721.66
Networking,Team Building,13,483,Office,Berlin,38,1.31,13,Walking,456.66,322,Vegetarian,483,15.39,36.17,1151.19
Product Launch,Product Launch,37,1673,Hotel,Tokyo,28,0.88,37,Bicycle,58.64,421,Mixed,1673,9.34,16.77,4690.56
Fundraiser,Team Building,20,491,Office,Sydney,14,0.63,20,Car,61.22,102,Non-Vegetarian,491,6.89,28.58,3188.97
Corporate Training,Team Building,18,951,Outdoor,Sydney,34,0.93,18,Plane,47.22,255,Vegan,951,18.79,45.02,4373.47
Conference,Workshop,19,481,Convention Center,Dubai,41,1.4,19,Walking,63.26,287,Non-Vegetarian,481,16.13,46.69,2354.44
Networking,Team Building,2,1342,Outdoor,Dubai,21,1.19,2,Car,326.63,204,Mixed,1342,2.96,42.02,17462.78
Formation,Fundraiser,11,290,Convention Center,London,19,1.32,11,Car,484.99,377,Vegetarian,290,10.39,22.73,39035.84
Événement de Bienfaisance,Workshop,41,1930,Office,Dubai,49,0.38,41,Bus,90.04,159,Mixed,1930,19.84,42.66,6190.69
Workshop,Product Launch,15,1806,Outdoor,Dubai,12,1.39,15,Plane,445.91,455,Non-Vegetarian,1806,8.84,49.18,57284.4
Corporate Training,Seminar,14,1539,Hotel,Paris,12,0.29,14,Train,89.74,486,Mixed,1539,3.0,49.47,5721.35
Lancement de Produit,Corporate Training,28,686,Office,London,49,0.29,28,Bus,120.55,414,Vegan,686,2.98,13.57,3912.5
Networking Event,Corporate Training,7,322,Office,New York,12,0.14,7,Plane,80.78,318,Mixed,322,8.41,14.62,7278.95
Réunion du Conseil,Product Launch,10,1852,Office,Tokyo,10,1.09,10,Train,229.27,106,Vegetarian,1852,15.38,39.28,3913.92
Événement de Bienfaisance,Team Building,13,641,Coworking Space,Dubai,17,0.7,13,Walking,123.91,293,Vegetarian,641,17.8,2.73,1079.91
Networking Event,Team Building,45,619,Coworking Space,Berlin,40,1.87,45,Bus,23.71,369,Vegetarian,619,8.78,30.3,3214.6
Board Meeting,Seminar,27,1120,Outdoor,Tokyo,48,1.15,27,Walking,433.24,314,Vegetarian,1120,7.23,23.88,2487.42
Lancement de Produit,Board Meeting,42,1773,Office,Paris,30,1.82,42,Walking,356.31,424,Non-Vegetarian,1773,15.11,38.55,7459.42
Conférence,Trade Show,30,1389,Coworking Space,Sydney,42,1.51,30,Plane,126.57,147,Vegan,1389,8.41,5.27,7019.11
Atelier,Fundraiser,1,1175,Hotel,Tokyo,6,0.44,1,Car,373.99,147,Mixed,1175,8.28,22.48,14545.41
Board Meeting,Seminar,5,430,Convention Center,Dubai,28,1.12,5,Bus,5.49,67,Non-Vegetarian,430,1.02,9.43,1626.37
Board Meeting,Product Launch,21,1523,Hotel,Paris,27,1.58,21,Car,109.02,475,Vegan,1523,2.64,21.0,12892.95
Networking,Fundraiser,5,1936,Hotel,London,23,0.26,5,Train,469.12,124,Non-Vegetarian,1936,17.73,25.08,9203.41
Seminar,Fundraiser,17,1544,Outdoor,Sydney,21,1.36,17,Train,467.88,308,Vegan,1544,14.0,13.35,7605.74
Networking Event,Conference,30,1865,Coworking Space,London,22,0.93,30,Car,238.03,202,Mixed,1865,4.89,33.1,15142.61
Board Meeting,Corporate Training,15,317,Convention Center,Dubai,26,1.21,15,Plane,84.75,58,Vegan,317,13.04,25.96,1859.83
Networking,Product Launch,3,940,Coworking Space,London,21,1.08,3,Car,476.15,341,Vegan,940,11.66,29.24,35152.92
Formation,Seminar,48,924,Hotel,London,43,1.38,48,Walking,306.86,493,Vegan,924,6.01,5.38,2370.94
Networking,Fundraiser,28,800,Office,Tokyo,13,0.91,28,Train,190.87,277,Vegan,800,15.82,40.87,3193.84
Formation,Fundraiser,30,1870,Outdoor,New York,7,1.18,30,Train,389.67,330,Vegetarian,1870,2.5,11.07,8099.68
Networking Event,Board Meeting,34,833,Hotel,Sydney,27,0.94,34,Plane,255.18,326,Vegetarian,833,17.9,14.97,22543.87
Corporate Training,Board Meeting,14,304,Hotel,Paris,26,1.78,14,Bicycle,388.96,134,Vegan,304,5.8,17.91,675.38
Conference,Fundraiser,20,395,Outdoor,Dubai,12,1.47,20,Plane,486.87,114,Vegan,395,15.67,39.17,14556.88
Seminar,Board Meeting,33,1769,Outdoor,New York,17,0.46,33,Bus,267.2,217,Vegan,1769,11.09,28.97,5457.09
Atelier,Conference,32,1675,Hotel,New York,13,1.06,32,Plane,437.51,428,Vegan,1675,0.66,34.96,48780.29
Networking,Product Launch,42,1254,Convention Center,Sydney,6,0.89,42,Bicycle,335.3,20,Vegan,1254,13.41,28.48,1449.92
Seminar,Corporate Training,12,1614,Convention Center,Dubai,36,1.6,12,Car,143.41,340,Mixed,1614,16.12,2.94,14658.19
Conférence,Seminar,18,1149,Outdoor,London,44,0.17,18,Bus,96.38,112,Vegetarian,1149,1.64,46.25,2534.27
Trade Show,Trade Show,35,1983,Hotel,New York,6,0.44,35,Plane,328.99,179,Vegan,1983,6.96,2.26,16769.94
Board Meeting,Networking Event,33,390,Hotel,Paris,15,0.98,33,Bus,263.87,75,Vegan,390,19.16,44.12,1946.52
Formation,Seminar,30,620,Hotel,Paris,32,0.47,30,Bicycle,33.87,488,Vegan,620,8.8,40.58,944.36
Seminar,Team Building,40,909,Hotel,Berlin,50,1.97,40,Plane,160.07,421,Vegetarian,909,11.76,5.58,20215.55
Formation,Product Launch,18,1492,Hotel,Sydney,17,1.74,18,Train,382.9,218,Vegetarian,1492,13.9,6.68,5884.27
Formation,Corporate Training,29,1533,Hotel,London,5,1.39,29,Walking,238.49,231,Mixed,1533,3.34,34.07,4008.1
Lancement de Produit,Board Meeting,44,1601,Coworking Space,Dubai,46,0.15,44,Train,43.93,111,Vegan,1601,4.33,35.75,2028.01
Lancement de Produit,Corporate Training,12,354,Coworking Space,Dubai,34,0.45,12,Car,17.96,410,Vegetarian,354,11.03,6.85,2204.92
Corporate Training,Corporate Training,8,1616,Convention Center,Dubai,7,1.8,8,Bus,21.6,383,Vegan,1616,1.31,21.32,2208.03
Conference,Seminar,10,1456,Office,Sydney,27,0.61,10,Plane,342.09,290,Non-Vegetarian,1456,18.01,39.04,30093.97
Réunion du Conseil,Trade Show,32,1593,Convention Center,Dubai,20,1.77,32,Bicycle,298.81,316,Non-Vegetarian,1593,4.38,13.68,6178.02
Conférence,Team Building,37,513,Coworking Space,Dubai,37,0.12,37,Car,91.08,102,Vegetarian,513,2.72,9.7,2827.41
Networking Event,Board Meeting,6,496,Coworking Space,Dubai,14,1.15,6,Plane,438.1,206,Mixed,496,10.76,45.2,23962.37
Lancement de Produit,Corporate Training,13,592,Coworking Space,Sydney,31,0.55,13,Walking,398.56,417,Non-Vegetarian,592,15.11,11.41,2235.86
Trade Show,Conference,4,1286,Hotel,Tokyo,41,0.92,4,Car,137.24,247,Mixed,1286,9.16,24.71,10476.82
Team Building,Trade Show,38,124,Outdoor,Tokyo,9,1.64,38,Plane,292.72,151,Vegetarian,124,14.16,38.74,11622.42
Lancement de Produit,Corporate Training,9,1999,Outdoor,Berlin,14,1.75,9,Bus,485.1,15,Non-Vegetarian,1999,10.96,13.12,7591.5
Fundraiser,Workshop,9,521,Office,Berlin,35,0.48,9,Bicycle,15.91,499,Vegan,521,5.63,11.76,631.38
Team Building,Workshop,31,152,Office,Berlin,8,0.53,31,Car,304.09,334,Non-Vegetarian,152,13.04,45.72,22044.11
Team Building,Networking Event,19,222,Outdoor,London,9,1.21,19,Train,120.77,356,Vegan,222,9.44,28.4,2120.9
Networking,Conference,31,808,Office,Tokyo,18,1.45,31,Bus,250.98,218,Vegan,808,19.68,1.87,4538.47
Workshop,Fundraiser,6,1375,Convention Center,London,36,0.94,6,Walking,8.71,192,Mixed,1375,18.65,2.82,3581.96
Événement de Bienfaisance,Trade Show,6,867,Office,Sydney,9,1.89,6,Bus,309.66,475,Mixed,867,5.83,38.42,11132.34
Lancement de Produit,Product Launch,23,1841,Outdoor,Berlin,40,0.88,23,Plane,413.55,126,Mixed,1841,18.7,10.43,18092.38
Fundraiser,Conference,46,1173,Coworking Space,Dubai,19,0.28,46,Train,69.85,140,Mixed,1173,11.08,40.3,3548.78
Fundraiser,Workshop,38,826,Office,Paris,20,1.6,38,Car,259.22,414,Vegetarian,826,17.65,30.36,24479.61
Seminar,Conference,47,1140,Coworking Space,London,39,1.89,47,Walking,322.04,417,Vegan,1140,3.95,10.41,2900.9
Product Launch,Conference,34,788,Hotel,Sydney,5,1.14,34,Plane,305.12,459,Non-Vegetarian,788,7.55,48.72,37979.96
Atelier,Workshop,37,878,Convention Center,London,38,0.18,37,Train,370.84,273,Vegetarian,878,2.35,15.23,5528.27
Board Meeting,Conference,3,1740,Hotel,Dubai,30,1.81,3,Bus,385.14,468,Mixed,1740,14.46,35.2,15345.5
Atelier,Corporate Training,21,277,Hotel,New York,34,0.17,21,Bus,440.27,202,Mixed,277,10.24,48.36,6206.46
Formation,Corporate Training,8,763,Convention Center,Dubai,8,0.8,8,Train,190.38,122,Vegetarian,763,16.19,5.7,2142.93
Board Meeting,Seminar,27,601,Coworking Space,New York,26,0.66,27,Walking,273.08,393,Non-Vegetarian,601,18.07,30.69,2432.68
Team Building,Trade Show,20,1190,Hotel,Sydney,46,1.15,20,Walking,177.38,101,Mixed,1190,11.86,11.45,3550.62
Séminaire,Networking Event,12,1145,Outdoor,Dubai,35,1.42,12,Bicycle,258.99,370,Mixed,1145,6.76,21.49,3217.2
Conférence,Corporate Training,11,387,Coworking Space,Tokyo,40,0.16,11,Car,320.17,412,Mixed,387,16.11,27.42,28790.87
Networking Event,Board Meeting,7,831,Coworking Space,London,12,0.19,7,Train,18.65,104,Vegan,831,16.33,9.22,967.66
Team Building,Corporate Training,38,796,Convention Center,Paris,27,0.7,38,Plane,39.02,434,Non-Vegetarian,796,13.95,33.08,7472.83
Workshop,Trade Show,28,1819,Convention Center,Dubai,8,1.72,28,Bus,455.13,248,Vegetarian,1819,14.31,20.04,9762.17
Réunion du Conseil,Conference,25,1799,Hotel,New York,47,1.5,25,Bus,60.13,69,Vegan,1799,17.63,36.55,3037.55
Product Launch,Networking Event,30,1757,Convention Center,New York,43,1.38,30,Plane,197.21,360,Vegetarian,1757,1.58,22.36,21322.38
Conférence,Trade Show,9,623,Hotel,New York,17,0.55,9,Bus,471.45,12,Non-Vegetarian,623,15.27,40.67,2673.9
Product Launch,Trade Show,47,1145,Coworking Space,New York,33,0.16,47,Bicycle,316.58,293,Non-Vegetarian,1145,2.48,20.54,4177.62
Réunion du Conseil,Seminar,41,284,Hotel,Sydney,46,1.62,41,Walking,404.59,187,Vegan,284,3.59,22.55,1863.94
Atelier,Fundraiser,34,899,Hotel,Tokyo,32,1.46,34,Plane,263.57,189,Vegan,899,9.12,3.92,14173.0
Seminar,Networking Event,41,1303,Hotel,New York,29,1.48,41,Bicycle,11.8,348,Vegan,1303,2.08,16.93,2220.88
Corporate Training,Networking Event,34,469,Outdoor,Tokyo,32,1.08,34,Bus,346.64,106,Non-Vegetarian,469,8.25,14.29,4478.73
Lancement de Produit,Conference,11,25,Coworking Space,Berlin,33,0.26,11,Bus,398.76,289,Vegan,25,1.21,35.68,7060.47
Réunion du Conseil,Networking Event,7,1770,Outdoor,Tokyo,28,0.72,7,Walking,5.5,478,Vegan,1770,1.65,13.14,1870.14
Board Meeting,Fundraiser,9,1927,Coworking Space,London,17,1.74,9,Train,250.06,454,Non-Vegetarian,1927,12.16,45.18,11533.38
Réunion du Conseil,Workshop,27,1931,Office,Dubai,7,0.78,27,Plane,428.11,249,Mixed,1931,19.0,26.74,31642.54
Product Launch,Networking Event,40,1373,Convention Center,Dubai,41,0.67,40,Car,485.4,410,Vegan,1373,8.6,22.89,43778.32
Conférence,Workshop,2,425,Office,London,35,1.91,2,Plane,269.64,295,Non-Vegetarian,425,2.33,28.52,21502.0
Conference,Networking Event,39,255,Coworking Space,New York,49,0.44,39,Bus,169.11,311,Non-Vegetarian,255,8.87,27.27,4540.79
Board Meeting,Trade Show,10,1968,Hotel,Tokyo,20,0.52,10,Plane,229.81,290,Vegan,1968,16.25,24.16,18762.04
Formation,Fundraiser,30,912,Convention Center,Tokyo,30,1.65,30,Bus,375.57,118,Vegan,912,12.51,12.42,4363.4
Réunion du Conseil,Team Building,41,604,Coworking Space,Paris,30,1.96,41,Car,322.65,126,Vegetarian,604,11.52,36.52,10744.8
Lancement de Produit,Trade Show,2,695,Hotel,Dubai,5,1.51,2,Bicycle,28.02,139,Mixed,695,13.21,8.27,1788.01
Team Building,Workshop,26,1352,Convention Center,Tokyo,9,0.25,26,Bus,108.85,391,Non-Vegetarian,1352,16.32,40.85,7429.21
Networking,Team Building,34,1993,Hotel,Dubai,22,0.23,34,Walking,212.62,461,Mixed,1993,2.01,48.35,5169.24
Conference,Trade Show,33,1885,Coworking Space,Berlin,23,1.44,33,Train,220.72,251,Mixed,1885,16.94,16.27,7541.43
Networking Event,Workshop,31,1443,Office,Berlin,23,1.59,31,Bus,181.17,391,Non-Vegetarian,1443,18.51,39.47,9983.54
Board Meeting,Product Launch,27,1247,Coworking Space,Sydney,34,1.39,27,Train,79.96,263,Mixed,1247,3.14,43.5,4689.97
Workshop,Team Building,37,1431,Outdoor,New York,8,0.48,37,Plane,128.09,205,Non-Vegetarian,1431,16.61,18.15,11713.67
Conférence,Workshop,28,902,Convention Center,Dubai,43,1.86,28,Plane,182.09,290,Vegetarian,902,10.75,48.47,15792.68
Board Meeting,Networking Event,35,718,Convention Center,Sydney,34,1.12,35,Bicycle,330.06,430,Vegetarian,718,10.11,15.83,1795.28
Product Launch,Conference,18,507,Convention Center,Sydney,46,1.8,18,Car,360.01,139,Vegetarian,507,18.42,24.67,12100.57
Board Meeting,Trade Show,16,762,Coworking Space,New York,30,1.78,16,Walking,161.46,396,Non-Vegetarian,762,3.55,34.48,3170.26
Corporate Training,Conference,22,367,Outdoor,Sydney,48,1.34,22,Walking,34.08,447,Vegetarian,367,19.82,44.4,1386.46
Team Building,Team Building,41,1942,Outdoor,London,26,0.63,41,Plane,311.4,108,Vegetarian,1942,0.78,45.47,11749.09
Formation,Board Meeting,36,255,Outdoor,Paris,7,1.96,36,Walking,488.11,302,Mixed,255,2.83,10.9,911.92
Seminar,Board Meeting,23,703,Coworking Space,Paris,26,1.47,23,Plane,352.14,125,Non-Vegetarian,703,9.73,23.02,13969.91
Seminar,Workshop,25,1004,Office,New York,30,1.45,25,Bicycle,384.4,32,Vegetarian,1004,19.25,38.05,2164.35
Événement de Bienfaisance,Team Building,42,1680,Hotel,Tokyo,22,1.25,42,Car,116.17,95,Vegan,1680,5.11,24.74,4634.79
Seminar,Networking Event,11,964,Office,London,50,1.75,11,Bicycle,37.04,444,Vegetarian,964,14.24,25.17,2006.07
Board Meeting,Workshop,30,901,Outdoor,Berlin,9,0.23,30,Train,73.17,299,Mixed,901,13.81,7.32,3200.92
Board Meeting,Board Meeting,3,1147,Coworking Space,Dubai,18,1.15,3,Plane,244.61,442,Vegan,1147,13.59,14.53,28263.7
Product Launch,Networking Event,45,1275,Outdoor,London,43,1.12,45,Car,186.25,423,Mixed,1275,0.89,13.37,20844.21
Séminaire,Networking Event,15,1060,Outdoor,London,11,0.52,15,Bicycle,259.4,395,Non-Vegetarian,1060,1.11,45.94,3847.0
Team Building,Workshop,27,1812,Coworking Space,Tokyo,5,0.78,27,Plane,153.82,192,Mixed,1812,19.32,7.44,12019.53
Événement de Bienfaisance,Conference,13,716,Office,Berlin,24,1.66,13,Train,299.7,265,Vegan,716,9.24,20.99,4212.24
Lancement de Produit,Corporate Training,15,271,Office,London,7,0.17,15,Walking,165.95,30,Vegan,271,2.23,8.82,302.03
Fundraiser,Networking Event,42,692,Coworking Space,London,18,0.26,42,Bicycle,407.09,94,Non-Vegetarian,692,5.98,1.68,2535.6
Product Launch,Product Launch,15,1998,Coworking Space,New York,33,0.79,15,Plane,70.12,421,Non-Vegetarian,1998,18.18,27.1,14659.21
Lancement de Produit,Trade Show,32,1390,Hotel,Sydney,47,1.6,32,Bicycle,352.51,373,Vegetarian,1390,11.4,16.18,3343.36
Formation,Seminar,23,864,Office,Berlin,28,1.37,23,Walking,236.38,202,Vegan,864,2.65,16.04,1342.52
Trade Show,Workshop,25,1705,Office,Tokyo,5,0.97,25,Bus,101.36,243,Vegetarian,1705,7.85,37.2,4186.05
Workshop,Trade Show,37,1430,Coworking Space,Sydney,49,1.87,37,Train,84.46,35,Mixed,1430,12.04,1.48,5415.44
Corporate Training,Fundraiser,43,1793,Convention Center,London,39,1.89,43,Bicycle,345.0,470,Non-Vegetarian,1793,10.68,40.31,7962.24
Lancement de Produit,Board Meeting,40,1586,Convention Center,London,18,1.87,40,Train,494.07,317,Non-Vegetarian,1586,7.73,35.24,12574.95
Seminar,Workshop,14,511,Office,Berlin,44,0.36,14,Bus,6.22,418,Non-Vegetarian,511,10.55,8.61,2093.7
Atelier,Team Building,32,1361,Office,Berlin,38,1.95,32,Bicycle,342.27,295,Vegetarian,1361,19.9,37.58,3342.06
Réunion du Conseil,Trade Show,28,241,Office,Dubai,22,0.72,28,Plane,120.59,58,Non-Vegetarian,241,10.92,16.09,2867.84
Réunion du Conseil,Networking Event,31,710,Outdoor,Sydney,23,1.69,31,Car,434.18,48,Vegan,710,17.98,28.58,5782.14
Conférence,Fundraiser,41,1948,Office,New York,10,1.91,41,Train,124.56,413,Vegan,1948,16.92,8.38,4447.88
Team Building,Trade Show,15,1408,Coworking Space,New York,23,0.94,15,Train,372.61,500,Vegan,1408,9.48,31.12,9103.55
Product Launch,Corporate Training,32,365,Outdoor,Dubai,26,0.44,32,Plane,495.83,55,Mixed,365,3.51,32.58,7985.38
Atelier,Networking Event,30,422,Coworking Space,Berlin,36,1.57,30,Walking,82.41,207,Mixed,422,7.59,32.56,1983.1
Séminaire,Fundraiser,2,118,Hotel,London,21,0.35,2,Car,317.85,176,Mixed,118,13.91,18.42,12114.75
Board Meeting,Board Meeting,26,414,Convention Center,Tokyo,50,0.36,26,Train,325.14,461,Vegan,414,5.46,1.86,6658.22
Workshop,Conference,6,155,Hotel,New York,11,1.64,6,Plane,79.34,442,Vegetarian,155,13.38,35.46,9151.37
Séminaire,Corporate Training,42,1983,Outdoor,Dubai,34,1.94,42,Train,213.39,63,Vegan,1983,19.09,39.01,4022.1
Networking Event,Seminar,29,1469,Coworking Space,Dubai,21,0.19,29,Car,357.18,14,Non-Vegetarian,1469,16.47,28.77,6339.94
Réunion du Conseil,Product Launch,41,1695,Coworking Space,Berlin,41,1.64,41,Walking,351.03,484,Mixed,1695,1.68,25.76,5670.8
Board Meeting,Seminar,8,79,Hotel,Sydney,29,1.57,8,Walking,159.96,451,Vegan,79,4.9,45.63,362.18
Lancement de Produit,Corporate Training,8,153,Convention Center,Dubai,49,1.07,8,Car,234.12,71,Vegan,153,8.79,36.18,3943.39
Workshop,Fundraiser,19,333,Office,Tokyo,32,1.74,19,Train,95.91,368,Vegetarian,333,11.62,11.4,2486.3
Board Meeting,Trade Show,19,210,Convention Center,Sydney,45,1.71,19,Plane,278.97,269,Non-Vegetarian,210,15.53,10.9,20279.62
Board Meeting,Board Meeting,20,269,Outdoor,New York,44,1.23,20,Bicycle,5.45,401,Vegan,269,15.31,12.06,864.94
Seminar,Seminar,31,1579,Outdoor,Berlin,18,1.96,31,Plane,97.91,387,Mixed,1579,9.92,6.6,14000.17
Networking Event,Product Launch,42,1750,Coworking Space,Sydney,32,0.62,42,Car,118.07,493,Non-Vegetarian,1750,15.23,29.82,18855.53
Atelier,Seminar,22,1166,Office,Paris,9,0.32,22,Train,40.41,65,Non-Vegetarian,1166,11.97,1.72,4245.13
Lancement de Produit,Corporate Training,1,1740,Outdoor,Paris,33,1.87,1,Bus,257.64,279,Mixed,1740,7.8,26.23,8761.81
Trade Show,Trade Show,42,756,Convention Center,Paris,29,0.57,42,Plane,424.78,119,Vegetarian,756,19.54,19.63,14196.67
Product Launch,Trade Show,48,333,Convention Center,Dubai,50,0.77,48,Train,348.63,433,Vegetarian,333,12.12,36.4,7558.81
Networking Event,Workshop,38,865,Outdoor,Dubai,14,1.7,38,Car,342.27,367,Vegetarian,865,11.37,5.34,28161.87
Conference,Workshop,3,1754,Outdoor,London,14,0.52,3,Train,105.54,187,Non-Vegetarian,1754,7.19,26.91,7007.56
Réunion du Conseil,Team Building,26,730,Outdoor,Dubai,8,1.71,26,Bicycle,29.85,241,Non-Vegetarian,730,0.82,48.86,2832.2
Team Building,Corporate Training,7,917,Hotel,Berlin,8,1.33,7,Bicycle,434.32,354,Mixed,917,11.01,9.04,2369.84
Atelier,Team Building,5,1199,Office,Tokyo,20,1.42,5,Walking,85.08,111,Non-Vegetarian,1199,8.87,22.62,4330.48
Événement de Bienfaisance,Workshop,34,98,Convention Center,New York,35,1.08,34,Plane,27.22,142,Vegan,98,7.88,31.48,1785.63
Product Launch,Trade Show,7,1072,Hotel,New York,27,0.78,7,Walking,350.4,131,Vegetarian,1072,9.84,16.46,1734.31
Conference,Board Meeting,10,861,Hotel,Berlin,40,0.7,10,Walking,366.26,153,Vegan,861,16.87,46.33,1127.4
Workshop,Product Launch,13,854,Outdoor,Dubai,42,0.28,13,Bicycle,160.08,258,Non-Vegetarian,854,3.7,47.19,3167.22
Séminaire,Fundraiser,28,520,Office,Berlin,17,0.54,28,Car,295.5,121,Non-Vegetarian,520,8.15,49.62,9572.72
Formation,Corporate Training,41,1225,Hotel,Dubai,24,0.21,41,Walking,319.15,374,Vegetarian,1225,19.99,27.44,2035.68
Networking Event,Team Building,20,1212,Office,Berlin,8,1.48,20,Walking,197.63,444,Mixed,1212,4.06,6.08,3168.68
Lancement de Produit,Product Launch,11,1986,Coworking Space,Sydney,45,1.49,11,Car,359.82,421,Mixed,1986,2.63,15.34,37181.4
Corporate Training,Corporate Training,30,1402,Coworking Space,Paris,48,1.48,30,Walking,47.7,120,Vegan,1402,12.06,41.24,2574.2
Product Launch,Corporate Training,7,997,Hotel,Dubai,50,1.94,7,Bus,359.64,186,Vegetarian,997,13.77,11.38,5898.88
Team Building,Corporate Training,44,513,Convention Center,Dubai,46,0.68,44,Bicycle,356.53,259,Non-Vegetarian,513,4.61,43.16,2579.2
Board Meeting,Board Meeting,45,1210,Outdoor,London,9,1.33,45,Bus,348.35,47,Non-Vegetarian,1210,8.46,3.2,5509.99
Conference,Conference,28,1880,Hotel,Dubai,5,0.79,28,Plane,271.2,57,Vegan,1880,4.54,3.08,5815.14
Trade Show,Networking Event,24,1324,Coworking Space,Berlin,7,0.35,24,Car,212.7,359,Mixed,1324,19.28,42.82,19499.05
Atelier,Corporate Training,3,1428,Hotel,Tokyo,5,1.37,3,Train,421.46,331,Mixed,1428,5.7,8.7,9189.21
Workshop,Board Meeting,2,450,Outdoor,Tokyo,29,1.42,2,Plane,496.97,35,Vegetarian,450,12.83,17.86,5126.05
Réunion du Conseil,Networking Event,41,1696,Office,Paris,45,1.31,41,Bicycle,61.66,176,Non-Vegetarian,1696,1.48,38.76,7224.95
Conference,Product Launch,13,602,Hotel,Berlin,7,1.33,13,Bus,196.09,340,Vegan,602,8.37,28.16,4735.81
Seminar,Trade Show,40,731,Outdoor,Paris,6,0.79,40,Car,106.42,76,Mixed,731,7.16,40.55,3716.18
Événement de Bienfaisance,Workshop,45,866,Office,Sydney,30,1.21,45,Bus,496.18,367,Vegan,866,12.96,44.19,12722.93
Événement de Bienfaisance,Fundraiser,19,1471,Office,Berlin,35,0.67,19,Walking,304.29,74,Vegan,1471,9.79,27.44,1768.24
Fundraiser,Workshop,12,901,Coworking Space,Tokyo,42,1.55,12,Plane,36.16,389,Non-Vegetarian,901,19.36,49.51,7198.4
Séminaire,Networking Event,25,1736,Hotel,Sydney,21,1.84,25,Bus,104.67,288,Vegetarian,1736,7.74,5.52,4922.22
Board Meeting,Product Launch,36,322,Coworking Space,London,45,0.56,36,Bicycle,173.59,252,Mixed,322,12.94,28.52,1341.52
Product Launch,Conference,21,1092,Hotel,Berlin,43,1.73,21,Plane,497.05,353,Mixed,1092,13.98,22.77,47449.26
Fundraiser,Fundraiser,46,1208,Coworking Space,Tokyo,48,1.01,46,Bus,368.22,58,Non-Vegetarian,1208,19.57,32.55,6728.69
Workshop,Workshop,33,1825,Outdoor,Tokyo,24,1.94,33,Plane,446.49,126,Vegetarian,1825,19.62,46.75,17702.92
Conférence,Fundraiser,15,1576,Office,Paris,16,0.93,15,Walking,57.69,309,Mixed,1576,19.46,28.54,4147.6
Séminaire,Product Launch,38,1883,Convention Center,Tokyo,37,0.51,38,Bicycle,321.5,204,Non-Vegetarian,1883,18.8,40.03,7066.69
Formation,Fundraiser,33,1077,Office,Tokyo,33,1.34,33,Walking,253.83,219,Mixed,1077,17.03,6.44,3469.07
Réunion du Conseil,Networking Event,38,462,Convention Center,Sydney,45,0.77,38,Bus,234.21,48,Vegetarian,462,18.0,19.25,2100.37
Trade Show,Team Building,22,647,Office,New York,39,0.85,22,Car,34.1,431,Vegetarian,647,13.26,31.36,4510.78
Formation,Workshop,16,1760,Office,Berlin,26,1.46,16,Bicycle,54.56,227,Vegetarian,1760,4.46,18.17,2988.94
Lancement de Produit,Workshop,7,203,Hotel,New York,7,1.47,7,Car,161.95,30,Vegan,203,14.95,26.8,1342.8
Formation,Board Meeting,6,990,Office,Paris,31,1.09,6,Bicycle,123.72,141,Vegetarian,990,8.49,25.14,1653.63
Seminar,Board Meeting,10,429,Office,New York,18,0.12,10,Bus,18.61,465,Vegetarian,429,3.16,33.0,1245.84
Networking,Conference,34,1672,Convention Center,Berlin,18,0.7,34,Plane,241.58,91,Vegan,1672,11.18,26.32,7457.15
Lancement de Produit,Product Launch,47,872,Outdoor,London,45,0.7,47,Bus,467.92,473,Vegan,872,7.66,32.85,14972.84
Réunion du Conseil,Workshop,41,300,Outdoor,Sydney,43,0.68,41,Walking,400.16,436,Vegan,300,1.51,39.37,981.18
Formation,Team Building,43,681,Office,London,37,0.43,43,Plane,100.53,201,Mixed,681,5.07,15.24,7136.82
Workshop,Team Building,30,1064,Outdoor,New York,10,1.35,30,Walking,228.37,123,Mixed,1064,13.52,38.19,2965.92
Lancement de Produit,Networking Event,36,299,Outdoor,Berlin,48,1.86,36,Car,406.52,250,Mixed,299,4.68,2.03,23710.26
Atelier,Conference,32,1156,Convention Center,London,5,1.74,32,Plane,227.7,94,Vegetarian,1156,7.33,12.36,7263.53
Seminar,Team Building,37,1717,Outdoor,Paris,18,0.46,37,Car,254.53,415,Mixed,1717,9.4,33.06,26712.89
Networking Event,Trade Show,48,1454,Coworking Space,New York,37,0.42,48,Bicycle,412.6,280,Mixed,1454,14.43,22.27,4081.36
Réunion du Conseil,Conference,35,1927,Hotel,London,33,0.18,35,Train,195.3,104,Non-Vegetarian,1927,13.95,33.98,7756.76
Formation,Conference,48,866,Hotel,Dubai,43,0.6,48,Bus,394.32,260,Vegetarian,866,11.33,1.4,8095.05
Formation,Conference,6,611,Convention Center,Sydney,48,0.19,6,Bicycle,234.81,340,Vegan,611,6.99,39.98,732.3
Conférence,Workshop,10,702,Hotel,London,27,0.74,10,Walking,35.05,249,Vegetarian,702,17.69,2.78,1193.84
Réunion du Conseil,Seminar,1,1134,Convention Center,New York,16,0.2,1,Car,302.73,368,Vegetarian,1134,19.35,27.41,25191.09
Conférence,Seminar,35,1790,Convention Center,Paris,16,0.5,35,Train,341.02,139,Vegetarian,1790,11.31,3.53,4750.75
Trade Show,Board Meeting,13,963,Office,New York,17,1.5,13,Plane,489.98,286,Non-Vegetarian,963,19.46,49.85,38708.44
Corporate Training,Networking Event,32,1432,Convention Center,Paris,43,0.25,32,Train,169.32,420,Mixed,1432,6.88,28.52,6667.38
Board Meeting,Corporate Training,44,461,Hotel,Dubai,50,0.76,44,Bus,19.82,259,Mixed,461,11.33,2.19,2323.54
Seminar,Product Launch,10,782,Convention Center,New York,48,1.43,10,Train,318.19,130,Vegetarian,782,6.01,28.07,3238.95
Atelier,Team Building,33,903,Outdoor,Sydney,39,1.39,33,Walking,325.52,13,Vegan,903,8.52,31.01,1876.52
Conference,Product Launch,23,1586,Outdoor,Sydney,49,1.16,23,Train,306.54,308,Vegetarian,1586,4.47,13.63,6845.43
Séminaire,Fundraiser,9,1238,Office,Paris,29,1.59,9,Bicycle,24.43,206,Mixed,1238,6.59,48.24,3412.15
Séminaire,Trade Show,20,1660,Office,New York,32,1.06,20,Train,10.0,484,Vegetarian,1660,17.53,35.9,3129.66
Team Building,Board Meeting,28,279,Hotel,Dubai,48,1.8,28,Bicycle,371.39,71,Vegetarian,279,11.72,38.37,1728.28
Atelier,Product Launch,18,122,Coworking Space,Paris,42,1.8,18,Bus,473.56,235,Vegetarian,122,7.86,8.03,7572.38
Networking Event,Workshop,3,1025,Outdoor,Berlin,46,1.69,3,Train,459.05,258,Mixed,1025,7.93,34.68,7501.73
Trade Show,Seminar,10,1622,Outdoor,Berlin,39,0.4,10,Bus,108.86,473,Mixed,1622,18.29,45.71,7350.45
Atelier,Board Meeting,35,430,Outdoor,New York,46,1.36,35,Plane,111.88,389,Vegetarian,430,16.37,16.69,12686.25
Networking Event,Product Launch,26,658,Office,New York,12,0.79,26,Bicycle,156.37,242,Mixed,658,5.95,22.37,1824.88
Lancement de Produit,Seminar,43,353,Office,New York,32,2.0,43,Train,25.58,492,Vegan,353,14.24,28.65,2318.19
Lancement de Produit,Networking Event,27,459,Outdoor,Berlin,50,0.47,27,Bus,474.64,89,Vegan,459,1.29,43.52,3400.45
Réunion du Conseil,Trade Show,3,1719,Office,London,24,1.31,3,Bus,64.63,478,Non-Vegetarian,1719,0.92,40.92,8000.93
Réunion du Conseil,Product Launch,8,1685,Hotel,Dubai,23,0.66,8,Bus,452.84,110,Vegetarian,1685,16.82,32.92,5676.44
Corporate Training,Team Building,17,1585,Office,London,48,0.78,17,Bus,281.73,14,Non-Vegetarian,1585,4.0,4.11,6118.61
Conference,Networking Event,10,732,Office,Dubai,40,0.99,10,Walking,183.7,252,Vegetarian,732,17.54,8.88,1348.84
Workshop,Seminar,32,258,Hotel,Tokyo,14,1.6,32,Bus,54.95,216,Mixed,258,7.95,4.02,1739.49
Trade Show,Conference,1,534,Coworking Space,Paris,29,1.43,1,Car,4.56,75,Non-Vegetarian,534,2.31,49.47,2065.12
Conférence,Team Building,24,714,Office,Berlin,32,1.17,24,Bus,64.92,40,Mixed,714,8.6,46.1,2499.49
Product Launch,Product Launch,24,1996,Convention Center,Paris,44,0.81,24,Car,447.98,315,Mixed,1996,10.01,36.11,35143.8
Board Meeting,Networking Event,28,147,Outdoor,Berlin,9,0.76,28,Bicycle,66.62,499,Mixed,147,18.76,31.92,564.62
Networking Event,Networking Event,23,132,Office,Sydney,27,0.19,23,Car,228.18,352,Mixed,132,19.33,31.69,17358.1
Réunion du Conseil,Workshop,34,1633,Office,Berlin,49,1.71,34,Train,140.85,424,Non-Vegetarian,1633,1.74,17.22,9566.67
Workshop,Fundraiser,34,1213,Outdoor,London,25,1.13,34,Car,242.34,187,Vegan,1213,13.75,1.66,11240.76
Product Launch,Product Launch,17,1903,Outdoor,Tokyo,46,0.54,17,Plane,260.45,159,Non-Vegetarian,1903,14.28,44.52,17342.13
Seminar,Seminar,9,1403,Outdoor,Berlin,21,0.92,9,Bus,449.6,341,Mixed,1403,2.41,32.36,12862.8
Team Building,Conference,39,1943,Coworking Space,New York,22,0.66,39,Walking,357.01,338,Non-Vegetarian,1943,2.08,4.63,7097.06
Lancement de Produit,Seminar,38,37,Hotel,Tokyo,49,0.17,38,Plane,182.87,161,Mixed,37,6.75,31.93,7688.65
Board Meeting,Product Launch,20,366,Outdoor,London,15,0.92,20,Walking,434.3,142,Vegan,366,3.54,2.45,515.98
Team Building,Seminar,44,971,Hotel,Paris,9,0.5,44,Bicycle,234.53,232,Vegan,971,8.76,16.5,1120.52
Team Building,Team Building,15,67,Convention Center,Tokyo,13,0.22,15,Train,233.31,198,Vegan,67,12.23,36.22,2033.17
Networking Event,Workshop,44,954,Outdoor,New York,7,0.81,44,Bicycle,441.23,122,Mixed,954,14.5,13.8,2566.34
Corporate Training,Workshop,12,128,Hotel,London,5,0.45,12,Bicycle,355.11,398,Non-Vegetarian,128,8.04,47.13,571.84
Réunion du Conseil,Corporate Training,11,1047,Office,New York,11,0.29,11,Walking,473.71,150,Vegetarian,1047,13.27,15.11,1644.81
Événement de Bienfaisance,Networking Event,39,732,Outdoor,Tokyo,21,1.33,39,Car,242.8,101,Vegetarian,732,4.05,6.03,6812.58
Seminar,Conference,17,789,Hotel,Dubai,6,0.89,17,Car,11.59,205,Mixed,789,10.03,45.69,2628.28
Événement de Bienfaisance,Conference,4,893,Office,Tokyo,40,0.91,4,Plane,499.8,287,Vegetarian,893,8.32,15.9,37321.39
Séminaire,Fundraiser,46,247,Outdoor,Dubai,34,0.55,46,Walking,24.71,136,Vegan,247,16.94,34.13,779.24
Atelier,Seminar,23,1748,Convention Center,London,31,0.43,23,Plane,257.31,499,Non-Vegetarian,1748,13.48,19.38,38436.44
Seminar,Trade Show,30,1446,Hotel,Sydney,7,1.19,30,Bicycle,445.75,155,Non-Vegetarian,1446,16.06,45.32,5308.71
Product Launch,Fundraiser,28,283,Office,London,16,1.17,28,Bus,114.53,174,Non-Vegetarian,283,17.87,36.14,2556.29
Réunion du Conseil,Networking Event,44,78,Office,Dubai,46,1.22,44,Walking,262.44,17,Non-Vegetarian,78,1.38,30.28,1570.96
Réunion du Conseil,Team Building,6,465,Hotel,Dubai,38,0.95,6,Train,441.57,356,Mixed,465,3.23,37.1,7639.42
Conference,Corporate Training,8,1559,Outdoor,Sydney,19,1.4,8,Train,164.87,329,Non-Vegetarian,1559,11.76,46.82,7849.75
Workshop,Workshop,44,672,Coworking Space,London,38,1.44,44,Car,4.69,35,Vegan,672,11.23,28.5,1989.77
Fundraiser,Fundraiser,27,1713,Outdoor,Paris,27,1.03,27,Bicycle,424.18,25,Mixed,1713,2.57,35.64,4734.36
Networking Event,Trade Show,15,1412,Convention Center,Tokyo,23,1.45,15,Bicycle,409.56,297,Non-Vegetarian,1412,0.99,17.73,5229.56
Corporate Training,Team Building,27,1787,Office,Sydney,34,1.04,27,Car,401.85,34,Vegetarian,1787,14.92,37.87,6132.65
Networking Event,Trade Show,1,1831,Hotel,Dubai,29,0.59,1,Bus,234.84,72,Vegetarian,1831,18.35,38.98,3884.22
Networking Event,Conference,23,1486,Outdoor,New York,22,1.63,23,Bicycle,458.6,392,Vegetarian,1486,1.12,37.13,2717.89
Événement de Bienfaisance,Trade Show,32,665,Coworking Space,Tokyo,18,1.37,32,Plane,392.47,303,Vegan,665,19.43,46.57,30921.16
Conference,Workshop,15,499,Convention Center,Sydney,34,1.94,15,Walking,323.64,492,Mixed,499,15.0,7.85,1787.9
Réunion du Conseil,Board Meeting,35,920,Hotel,London,36,1.9,35,Bicycle,408.02,393,Mixed,920,9.26,3.39,3522.3
Team Building,Workshop,38,30,Convention Center,Paris,34,1.21,38,Bus,441.82,102,Mixed,30,9.98,11.47,3603.5
Événement de Bienfaisance,Networking Event,33,1395,Office,Sydney,12,1.68,33,Bicycle,8.77,185,Non-Vegetarian,1395,4.68,1.28,5227.06
Networking,Seminar,7,60,Convention Center,New York,13,0.7,7,Plane,51.75,121,Vegan,60,9.47,40.25,1756.73
Conférence,Product Launch,43,1893,Convention Center,London,24,0.72,43,Car,446.96,418,Mixed,1893,6.28,19.89,44390.51
Networking Event,Product Launch,28,735,Outdoor,New York,37,1.5,28,Walking,444.59,387,Non-Vegetarian,735,10.55,2.93,3376.46
Séminaire,Board Meeting,44,903,Office,New York,38,1.02,44,Bus,107.38,128,Vegetarian,903,12.36,45.93,3148.48
Team Building,Conference,35,150,Convention Center,Tokyo,47,0.49,35,Car,174.05,426,Vegetarian,150,4.4,46.54,16300.42
Corporate Training,Corporate Training,36,1328,Office,London,23,0.22,36,Bicycle,437.47,91,Vegan,1328,18.3,10.73,1477.14
Séminaire,Fundraiser,7,792,Hotel,New York,11,1.43,7,Car,178.67,394,Vegetarian,792,15.69,39.83,16137.25
Trade Show,Workshop,40,129,Hotel,London,42,0.39,40,Bus,217.57,121,Vegetarian,129,7.88,46.52,2209.46
Fundraiser,Networking Event,17,1828,Outdoor,Berlin,13,0.37,17,Train,332.78,97,Vegetarian,1828,3.91,14.63,4111.15
Conférence,Trade Show,46,1934,Office,Dubai,20,0.39,46,Train,411.09,352,Vegan,1934,18.47,39.07,8016.63
Product Launch,Networking Event,6,743,Convention Center,Paris,14,0.23,6,Bicycle,121.54,257,Vegetarian,743,4.24,23.72,1180.08
Networking Event,Board Meeting,21,1756,Office,Tokyo,24,1.6,21,Car,48.65,155,Vegetarian,1756,19.31,12.94,4685.26
Networking Event,Trade Show,29,1622,Coworking Space,Tokyo,20,0.64,29,Walking,327.75,20,Non-Vegetarian,1622,13.62,33.8,5957.44
Corporate Training,Corporate Training,32,92,Hotel,New York,31,1.59,32,Plane,262.1,120,Vegan,92,1.29,34.05,8814.32
Conference,Corporate Training,3,22,Hotel,London,6,1.67,3,Walking,415.75,12,Vegan,22,8.11,44.18,141.61
Conférence,Trade Show,16,1031,Office,Sydney,28,1.32,16,Bus,437.06,456,Non-Vegetarian,1031,7.14,33.07,15942.56
Événement de Bienfaisance,Conference,12,1884,Office,Sydney,22,0.29,12,Bicycle,209.55,220,Mixed,1884,18.3,44.07,4873.02
Seminar,Workshop,37,1759,Coworking Space,New York,42,1.53,37,Bicycle,133.47,470,Mixed,1759,4.12,45.9,5686.35
Workshop,Seminar,36,444,Hotel,Tokyo,34,1.92,36,Train,350.27,287,Vegan,444,17.9,15.91,5707.76
Atelier,Fundraiser,18,603,Coworking Space,New York,43,0.43,18,Car,378.37,383,Vegetarian,603,3.7,26.27,31563.15
Networking,Conference,7,1736,Convention Center,New York,13,1.63,7,Walking,23.42,92,Vegetarian,1736,16.59,21.11,2753.57
Séminaire,Networking Event,8,1409,Hotel,London,25,1.91,8,Walking,49.4,270,Non-Vegetarian,1409,1.58,6.21,5138.08
Lancement de Produit,Conference,7,944,Coworking Space,Berlin,49,0.43,7,Bicycle,299.39,379,Mixed,944,4.77,42.78,2528.84
Atelier,Board Meeting,7,1644,Office,Sydney,21,0.52,7,Car,228.13,481,Mixed,1644,9.89,29.8,27271.01
Atelier,Networking Event,4,1362,Office,Berlin,15,1.25,4,Plane,196.77,483,Vegetarian,1362,13.18,19.05,25904.94
Lancement de Produit,Workshop,17,1892,Outdoor,Sydney,43,0.49,17,Walking,21.43,196,Vegetarian,1892,12.29,33.49,3108.65
Trade Show,Team Building,24,1448,Hotel,Dubai,8,0.49,24,Bus,496.77,497,Vegetarian,1448,17.59,24.66,17117.22
Formation,Board Meeting,37,280,Office,Sydney,35,1.37,37,Train,229.82,185,Non-Vegetarian,280,10.51,15.36,3619.48
Trade Show,Networking Event,14,1272,Outdoor,Sydney,33,1.32,14,Car,261.44,65,Vegetarian,1272,3.5,41.36,5871.3
Product Launch,Product Launch,20,1920,Hotel,New York,37,1.15,20,Walking,295.82,38,Non-Vegetarian,1920,12.81,45.04,7261.2
Conference,Team Building,32,1294,Convention Center,Dubai,50,1.96,32,Walking,68.49,32,Vegan,1294,11.86,32.11,2949.94
Board Meeting,Seminar,7,862,Outdoor,New York,50,1.53,7,Bus,9.83,495,Mixed,862,8.87,26.31,2785.06
Conférence,Workshop,39,476,Convention Center,Tokyo,37,1.88,39,Walking,329.3,62,Mixed,476,12.17,34.08,2638.92
Seminar,Seminar,17,1102,Convention Center,London,20,0.94,17,Bus,345.22,246,Vegetarian,1102,13.24,7.6,6949.93
Conférence,Networking Event,37,35,Office,Dubai,12,0.72,37,Walking,111.53,483,Vegetarian,35,16.28,25.29,295.48
Seminar,Board Meeting,27,1382,Outdoor,Berlin,25,0.81,27,Walking,135.78,322,Non-Vegetarian,1382,2.02,14.54,5143.49
Atelier,Seminar,5,963,Office,Sydney,33,1.15,5,Walking,310.89,276,Vegan,963,19.88,4.73,1107.1
Conference,Networking Event,43,220,Convention Center,London,14,1.09,43,Plane,424.33,371,Vegan,220,2.21,28.29,39965.7
Formation,Product Launch,14,1473,Outdoor,Paris,50,1.22,14,Car,104.9,149,Vegetarian,1473,7.53,45.36,6024.6
Lancement de Produit,Corporate Training,14,662,Hotel,Tokyo,9,1.48,14,Bus,368.69,443,Mixed,662,1.37,12.27,11575.3
Lancement de Produit,Fundraiser,14,1303,Coworking Space,Dubai,41,1.2,14,Bus,237.8,367,Vegan,1303,6.21,31.64,6959.46
Networking,Board Meeting,39,140,Convention Center,London,15,1.33,39,Bicycle,102.22,85,Mixed,140,4.12,38.37,824.01
Corporate Training,Conference,39,1881,Office,Paris,44,1.41,39,Plane,333.09,130,Vegan,1881,18.67,36.99,14027.52
Conference,Trade Show,3,1454,Convention Center,Berlin,15,0.76,3,Bicycle,26.6,169,Vegan,1454,12.69,6.24,1508.96
Lancement de Produit,Trade Show,23,779,Coworking Space,Paris,21,0.92,23,Car,173.45,445,Mixed,779,3.32,46.35,18477.92
Réunion du Conseil,Conference,46,1989,Office,New York,13,1.84,46,Plane,83.71,43,Non-Vegetarian,1989,2.97,30.52,8478.52
Formation,Seminar,9,1333,Coworking Space,Sydney,29,1.36,9,Train,106.92,233,Mixed,1333,0.66,38.33,4584.45
Trade Show,Board Meeting,36,90,Office,Tokyo,26,0.85,36,Bus,412.57,108,Vegetarian,90,19.52,9.86,3265.01
Fundraiser,Workshop,16,1734,Coworking Space,Berlin,22,0.92,16,Walking,256.01,307,Mixed,1734,14.83,42.88,4612.34
Networking Event,Conference,24,1791,Convention Center,Paris,50,0.57,24,Walking,55.62,266,Vegan,1791,6.81,47.28,2241.18
Product Launch,Networking Event,11,445,Coworking Space,Berlin,35,1.83,11,Walking,335.2,278,Vegan,445,13.01,15.1,853.5
Seminar,Board Meeting,16,1661,Coworking Space,London,41,0.57,16,Car,447.01,409,Vegan,1661,2.29,5.5,40257.23
Workshop,Conference,36,1119,Hotel,Berlin,25,0.35,36,Plane,350.39,206,Vegetarian,1119,8.08,36.99,19971.22
Team Building,Team Building,21,1526,Convention Center,Berlin,12,0.78,21,Car,479.93,20,Non-Vegetarian,1526,5.84,28.46,7523.59
Corporate Training,Trade Show,15,177,Hotel,London,40,0.22,15,Bus,455.14,129,Vegan,177,4.95,28.06,3831.8
Workshop,Conference,35,1062,Outdoor,Dubai,18,1.05,35,Train,47.75,47,Vegan,1062,14.17,41.96,1594.78
Networking,Workshop,24,1747,Outdoor,Dubai,17,0.94,24,Bus,186.65,491,Vegetarian,1747,14.36,28.21,8396.11
Conference,Conference,26,844,Coworking Space,New York,45,1.41,26,Bus,415.19,111,Vegan,844,7.48,20.28,4489.54
Fundraiser,Conference,22,1783,Coworking Space,Paris,32,1.55,22,Bus,492.56,152,Non-Vegetarian,1783,16.8,23.5,11358.85
Networking,Trade Show,35,38,Outdoor,Paris,11,1.22,35,Walking,230.59,484,Vegetarian,38,12.17,32.4,380.99
Séminaire,Networking Event,8,1024,Convention Center,Sydney,33,0.56,8,Bicycle,317.58,341,Vegan,1024,17.75,37.4,1208.22
Seminar,Conference,27,291,Office,New York,23,1.68,27,Car,290.88,402,Mixed,291,6.92,12.94,25844.95
Événement de Bienfaisance,Seminar,26,149,Hotel,Sydney,37,1.2,26,Train,240.86,392,Vegetarian,149,18.71,22.65,4660.1
Réunion du Conseil,Board Meeting,17,1645,Convention Center,Sydney,36,0.27,17,Car,325.24,208,Vegan,1645,2.85,47.12,16034.04
Fundraiser,Networking Event,35,955,Outdoor,Paris,13,1.38,35,Car,347.51,132,Mixed,955,4.47,23.91,12391.19
Conférence,Product Launch,45,1434,Hotel,London,14,0.15,45,Bicycle,309.25,197,Non-Vegetarian,1434,12.67,25.19,5141.97
Seminar,Workshop,10,1229,Outdoor,Dubai,17,1.48,10,Bus,56.78,159,Vegan,1229,19.84,18.94,1974.04
Product Launch,Trade Show,45,329,Office,Tokyo,36,0.37,45,Train,257.61,162,Vegetarian,329,5.32,40.36,2553.87
Événement de Bienfaisance,Board Meeting,44,1781,Hotel,Paris,10,1.99,44,Plane,246.8,373,Non-Vegetarian,1781,4.78,18.95,29732.86
Réunion du Conseil,Workshop,11,766,Outdoor,Dubai,16,0.13,11,Bicycle,347.28,10,Mixed,766,13.32,3.28,1959.64
Réunion du Conseil,Seminar,24,516,Outdoor,Tokyo,12,0.15,24,Bicycle,495.48,162,Vegetarian,516,1.77,31.13,861.4
Workshop,Conference,27,1992,Convention Center,New York,47,1.64,27,Car,152.25,70,Vegan,1992,6.78,49.13,5382.47
Lancement de Produit,Workshop,20,1181,Convention Center,Paris,12,1.67,20,Train,82.54,194,Mixed,1181,12.41,44.23,3906.69
Seminar,Product Launch,8,1800,Office,Dubai,26,0.41,8,Walking,337.86,329,Vegan,1800,7.03,22.84,1902.38
Réunion du Conseil,Networking Event,46,653,Coworking Space,Paris,23,1.3,46,Bus,192.01,213,Vegetarian,653,3.62,27.23,4182.79
Fundraiser,Seminar,48,1561,Hotel,Berlin,50,0.89,48,Train,241.57,433,Non-Vegetarian,1561,1.95,39.06,10797.51
Réunion du Conseil,Conference,15,1505,Hotel,Tokyo,7,0.19,15,Bicycle,173.2,186,Vegan,1505,12.57,16.34,1572.79
Networking,Seminar,35,776,Convention Center,Dubai,34,1.38,35,Walking,318.31,401,Vegan,776,0.57,28.79,1655.82
Formation,Conference,12,316,Convention Center,London,27,1.44,12,Plane,336.09,440,Non-Vegetarian,316,14.48,22.43,38383.0
Workshop,Corporate Training,32,282,Hotel,Dubai,45,1.04,32,Plane,451.88,106,Mixed,282,9.05,27.2,13501.12
Workshop,Fundraiser,9,1542,Hotel,Paris,21,0.86,9,Bus,20.92,373,Non-Vegetarian,1542,7.86,10.97,5984.12
Networking Event,Fundraiser,8,1654,Office,New York,40,1.0,8,Train,287.5,292,Non-Vegetarian,1654,18.94,1.66,9348.2
Formation,Trade Show,3,1813,Hotel,Dubai,5,1.77,3,Car,360.78,279,Vegetarian,1813,19.83,25.81,23962.16
Networking,Networking Event,13,1282,Coworking Space,Paris,36,0.24,13,Car,67.13,477,Vegan,1282,18.38,21.94,8143.21
Team Building,Team Building,30,1978,Outdoor,Paris,42,0.17,30,Car,97.4,372,Vegan,1978,18.51,9.9,9750.81
Seminar,Product Launch,27,306,Office,Sydney,43,0.86,27,Bicycle,190.35,84,Mixed,306,4.42,3.82,1280.71
Board Meeting,Board Meeting,22,1035,Office,Sydney,17,0.32,22,Bus,90.03,491,Mixed,1035,17.5,1.87,5338.36
Lancement de Produit,Seminar,8,25,Hotel,Berlin,6,1.56,8,Walking,444.44,352,Vegetarian,25,13.03,14.48,129.96
Événement de Bienfaisance,Fundraiser,44,909,Convention Center,Paris,7,1.86,44,Car,293.66,23,Mixed,909,2.38,32.71,4047.5
Conference,Corporate Training,15,126,Office,Sydney,23,1.01,15,Train,323.13,395,Mixed,126,4.9,40.98,5686.44
Seminar,Team Building,8,621,Outdoor,New York,40,0.76,8,Walking,55.7,375,Vegan,621,6.21,10.63,776.28
Board Meeting,Product Launch,33,358,Coworking Space,New York,45,1.22,33,Walking,426.92,402,Vegetarian,358,19.52,44.71,1571.31
Conférence,Product Launch,2,128,Hotel,Berlin,48,1.38,2,Bus,118.79,184,Mixed,128,16.64,32.07,1795.1
Product Launch,Product Launch,8,167,Coworking Space,Tokyo,10,1.64,8,Car,272.91,181,Mixed,167,0.61,21.39,10900.41
Networking Event,Networking Event,26,663,Convention Center,London,32,0.73,26,Train,444.44,86,Mixed,663,7.63,20.69,3546.69
Événement de Bienfaisance,Corporate Training,8,1857,Outdoor,Berlin,8,0.63,8,Car,294.63,116,Mixed,1857,14.79,43.1,11955.63
Team Building,Board Meeting,13,1999,Convention Center,Berlin,43,1.42,13,Plane,214.86,393,Mixed,1999,10.94,47.73,26621.73
Conférence,Board Meeting,1,685,Coworking Space,London,6,0.64,1,Bicycle,176.68,200,Vegetarian,685,4.39,39.02,1116.24
Fundraiser,Networking Event,4,140,Office,Dubai,9,0.12,4,Train,159.74,73,Mixed,140,19.96,39.0,936.52
Conférence,Conference,19,706,Convention Center,Tokyo,11,1.62,19,Bus,336.44,322,Non-Vegetarian,706,4.29,13.64,9176.17
Workshop,Fundraiser,22,568,Office,Tokyo,15,0.51,22,Bus,177.97,35,Mixed,568,13.27,18.05,1940.53
Seminar,Seminar,16,537,Convention Center,Berlin,31,0.79,16,Plane,151.8,60,Vegan,537,4.58,5.07,3029.22
Conférence,Product Launch,8,1768,Office,Paris,49,0.12,8,Bicycle,65.27,356,Vegetarian,1768,3.0,5.47,2692.46
Réunion du Conseil,Conference,9,1297,Hotel,Sydney,49,1.51,9,Plane,456.22,421,Non-Vegetarian,1297,5.44,28.99,52958.47
Formation,Team Building,3,427,Convention Center,Berlin,11,0.84,3,Walking,124.96,177,Mixed,427,9.59,48.59,1197.72
Fundraiser,Workshop,25,1348,Outdoor,Dubai,47,0.99,25,Bicycle,466.81,267,Vegetarian,1348,9.72,47.5,2718.07
Seminar,Conference,13,1020,Convention Center,New York,48,1.91,13,Walking,174.93,452,Non-Vegetarian,1020,7.32,20.1,4220.76
Conférence,Conference,31,1287,Outdoor,Berlin,25,1.47,31,Train,157.94,495,Mixed,1287,1.27,11.7,6940.28
Conference,Team Building,20,1916,Convention Center,Sydney,12,1.62,20,Car,431.12,477,Non-Vegetarian,1916,7.3,46.99,50194.27
Networking,Product Launch,4,856,Convention Center,Tokyo,48,2.0,4,Car,256.13,380,Non-Vegetarian,856,7.76,38.44,23719.57
Product Launch,Corporate Training,46,1349,Coworking Space,Tokyo,10,0.8,46,Walking,456.92,446,Vegan,1349,11.66,16.43,1589.18
Networking Event,Networking Event,18,783,Convention Center,London,16,0.72,18,Plane,44.67,229,Non-Vegetarian,783,7.5,32.4,5481.34
Fundraiser,Fundraiser,28,506,Coworking Space,Dubai,23,0.67,28,Plane,273.85,36,Vegan,506,9.04,9.18,3222.83
Trade Show,Seminar,18,1643,Convention Center,Paris,33,1.01,18,Bicycle,417.38,287,Non-Vegetarian,1643,2.59,40.34,6136.33
Trade Show,Product Launch,25,1836,Coworking Space,London,44,0.32,25,Train,75.15,51,Non-Vegetarian,1836,11.51,14.98,6808.29
Événement de Bienfaisance,Workshop,19,313,Hotel,Dubai,8,0.75,19,Plane,337.02,438,Vegan,313,15.24,39.7,37383.57
Networking,Trade Show,48,1592,Outdoor,New York,48,0.7,48,Bicycle,105.13,21,Vegetarian,1592,15.6,7.99,3241.58
Networking,Seminar,36,940,Outdoor,Paris,49,1.75,36,Bicycle,281.79,262,Mixed,940,14.33,15.46,3953.08
Board Meeting,Corporate Training,11,1129,Outdoor,Tokyo,27,1.43,11,Train,443.6,292,Vegetarian,1129,4.61,14.73,7125.78
Atelier,Trade Show,31,352,Convention Center,Sydney,44,0.69,31,Walking,91.44,382,Vegetarian,352,5.22,17.57,1044.16
Conference,Fundraiser,10,1524,Convention Center,Paris,15,1.6,10,Bicycle,360.03,51,Mixed,1524,18.21,27.09,4020.6
Fundraiser,Workshop,13,631,Outdoor,Sydney,36,1.71,13,Plane,333.33,478,Non-Vegetarian,631,6.59,46.16,42547.07
Atelier,Trade Show,3,1642,Outdoor,Dubai,49,0.35,3,Plane,71.34,16,Vegetarian,1642,4.18,14.53,2811.51
Atelier,Workshop,45,241,Office,Sydney,17,1.4,45,Car,275.02,498,Vegan,241,9.76,11.57,29580.75
Séminaire,Networking Event,6,128,Office,Berlin,18,1.51,6,Walking,232.24,187,Mixed,128,12.56,42.51,511.68
Networking Event,Networking Event,35,581,Outdoor,Tokyo,46,1.54,35,Walking,167.57,240,Non-Vegetarian,581,12.66,27.56,3353.64
Workshop,Team Building,7,939,Outdoor,Dubai,36,1.82,7,Plane,318.99,25,Non-Vegetarian,939,5.75,20.79,5562.59
Team Building,Networking Event,2,245,Hotel,Berlin,5,1.52,2,Bicycle,470.06,90,Vegetarian,245,8.33,45.77,483.3
Product Launch,Team Building,43,1438,Hotel,Tokyo,45,0.88,43,Plane,494.28,260,Vegan,1438,10.91,38.05,34515.52
Fundraiser,Trade Show,36,552,Hotel,Paris,34,1.66,36,Bicycle,465.88,16,Non-Vegetarian,552,4.93,39.99,3037.76
Seminar,Networking Event,35,290,Convention Center,Paris,8,1.07,35,Bicycle,433.87,27,Mixed,290,7.79,42.12,974.62
Séminaire,Workshop,11,1812,Hotel,Berlin,43,1.59,11,Bicycle,111.27,198,Non-Vegetarian,1812,19.42,8.86,6774.6
Workshop,Product Launch,20,989,Coworking Space,Paris,37,0.85,20,Train,165.09,108,Vegetarian,989,9.87,12.44,2555.81
Réunion du Conseil,Networking Event,3,484,Office,New York,35,2.0,3,Plane,75.33,359,Vegetarian,484,4.85,17.03,7635.63
Conférence,Seminar,8,545,Office,Berlin,29,1.65,8,Bus,405.93,421,Vegan,545,18.35,45.1,11117.09
Board Meeting,Product Launch,45,378,Coworking Space,Dubai,14,0.61,45,Train,190.8,299,Non-Vegetarian,378,7.31,24.65,3861.04
Networking,Trade Show,25,296,Convention Center,Paris,49,0.42,25,Plane,130.45,225,Mixed,296,2.5,19.15,8378.36
Board Meeting,Product Launch,48,1790,Office,Berlin,39,1.07,48,Bus,117.86,257,Non-Vegetarian,1790,9.75,22.22,9147.86
Conference,Fundraiser,23,2000,Coworking Space,Paris,45,1.55,23,Plane,131.85,40,Non-Vegetarian,2000,18.98,3.58,9165.75
Lancement de Produit,Team Building,14,768,Office,Sydney,45,1.0,14,Bus,162.53,326,Mixed,768,11.26,15.93,5468.47
Corporate Training,Trade Show,17,1281,Convention Center,Tokyo,18,0.25,17,Bus,101.31,115,Vegetarian,1281,5.31,18.19,2705.79
Événement de Bienfaisance,Board Meeting,10,1661,Office,Paris,31,0.66,10,Walking,79.74,228,Vegan,1661,3.06,20.65,1810.72
Workshop,Fundraiser,17,667,Outdoor,London,22,1.56,17,Walking,221.69,48,Vegan,667,2.88,8.29,981.06
Seminar,Team Building,23,1843,Hotel,London,48,1.83,23,Train,130.73,415,Mixed,1843,15.08,22.44,7862.82
Séminaire,Seminar,7,665,Outdoor,Sydney,28,0.16,7,Bicycle,346.41,61,Vegan,665,4.24,6.62,702.4
Networking Event,Seminar,42,1625,Office,Sydney,49,2.0,42,Train,447.3,68,Vegetarian,1625,14.59,44.96,5831.26
Seminar,Fundraiser,46,1928,Convention Center,Tokyo,29,0.12,46,Bus,51.22,366,Vegan,1928,13.14,34.4,3227.91
Board Meeting,Product Launch,21,781,Coworking Space,Tokyo,29,0.98,21,Car,255.53,458,Vegetarian,781,16.73,16.04,26112.33
Fundraiser,Fundraiser,39,1373,Hotel,Sydney,23,0.24,39,Train,62.01,217,Non-Vegetarian,1373,1.54,4.16,5462.79
Séminaire,Team Building,48,624,Convention Center,Paris,33,0.58,48,Plane,339.79,428,Vegan,624,18.89,44.0,37566.67
Seminar,Workshop,33,1494,Hotel,Berlin,32,1.52,33,Walking,319.15,404,Non-Vegetarian,1494,4.4,43.89,6128.14
Formation,Corporate Training,17,214,Outdoor,Dubai,39,1.65,17,Walking,429.8,431,Vegetarian,214,1.72,18.37,908.15
Board Meeting,Fundraiser,18,1294,Office,Dubai,34,0.87,18,Car,108.89,289,Vegan,1294,10.43,49.45,8288.51
Team Building,Trade Show,42,1478,Convention Center,Sydney,31,0.65,42,Plane,93.73,413,Vegan,1478,12.39,29.32,11662.19
Formation,Board Meeting,42,1655,Outdoor,Berlin,25,1.32,42,Train,53.12,359,Vegetarian,1655,7.21,4.06,3960.84
Fundraiser,Conference,25,749,Convention Center,Tokyo,23,1.73,25,Train,274.08,327,Vegetarian,749,5.92,30.67,5279.02
Séminaire,Seminar,9,220,Hotel,New York,21,0.66,9,Walking,24.16,393,Non-Vegetarian,220,3.82,14.16,868.33
Team Building,Corporate Training,20,719,Coworking Space,Tokyo,49,0.1,20,Train,290.99,302,Vegan,719,3.76,19.96,4330.6
Conference,Product Launch,6,1624,Office,Paris,6,0.5,6,Bus,377.22,135,Vegan,1624,7.1,38.12,4778.92
Lancement de Produit,Fundraiser,41,893,Coworking Space,New York,36,1.47,41,Walking,99.73,45,Vegan,893,4.39,44.12,2074.88
Formation,Team Building,41,807,Outdoor,Sydney,8,1.72,41,Train,264.92,346,Vegetarian,807,10.54,33.53,5247.21
Séminaire,Trade Show,9,1473,Coworking Space,New York,28,1.8,9,Car,319.58,161,Mixed,1473,9.95,12.3,14758.8
Lancement de Produit,Seminar,33,1840,Coworking Space,London,34,1.85,33,Plane,424.32,20,Vegetarian,1840,17.51,47.89,6050.25
Trade Show,Board Meeting,1,383,Outdoor,Dubai,29,1.93,1,Train,480.38,308,Non-Vegetarian,383,19.02,23.91,7372.63
Workshop,Trade Show,24,1476,Office,Tokyo,17,0.51,24,Plane,266.28,287,Mixed,1476,1.06,5.29,22912.33
Corporate Training,Fundraiser,48,1551,Convention Center,Tokyo,29,0.84,48,Bicycle,53.23,141,Mixed,1551,6.24,5.08,4484.78
Networking,Conference,18,1464,Coworking Space,London,7,0.86,18,Bicycle,460.23,321,Non-Vegetarian,1464,3.16,25.87,5236.24
Seminar,Fundraiser,35,1690,Convention Center,Tokyo,33,0.39,35,Bus,196.1,151,Non-Vegetarian,1690,14.05,41.35,8027.69
Seminar,Fundraiser,45,34,Outdoor,Tokyo,48,0.42,45,Bicycle,386.99,274,Mixed,34,7.11,29.05,610.92
Product Launch,Corporate Training,33,1523,Office,Sydney,15,1.51,33,Bus,94.3,221,Vegan,1523,11.65,41.1,3252.64
Product Launch,Trade Show,27,1702,Convention Center,Sydney,5,0.41,27,Bicycle,164.9,144,Vegan,1702,15.82,43.19,1847.69
Trade Show,Product Launch,48,1561,Office,Dubai,13,1.55,48,Bus,85.09,364,Non-Vegetarian,1561,18.61,36.96,7916.61
Networking,Networking Event,27,1398,Coworking Space,London,23,0.15,27,Plane,421.78,123,Vegan,1398,9.46,24.27,14481.77
Networking Event,Product Launch,36,1866,Outdoor,New York,30,1.16,36,Bus,9.64,233,Non-Vegetarian,1866,14.39,31.64,7384.23
Formation,Conference,44,1614,Hotel,Sydney,21,1.65,44,Walking,55.24,98,Vegetarian,1614,13.49,40.31,3290.9
Événement de Bienfaisance,Workshop,36,893,Outdoor,Dubai,38,1.5,36,Bus,123.46,420,Mixed,893,5.21,35.62,6451.35
Corporate Training,Product Launch,34,500,Coworking Space,Sydney,8,1.27,34,Bus,119.31,299,Mixed,500,13.68,6.46,3603.42
Networking,Trade Show,20,178,Outdoor,Sydney,9,1.35,20,Car,386.0,374,Vegetarian,178,2.85,34.85,30780.34
Networking Event,Networking Event,35,1050,Coworking Space,New York,26,1.88,35,Plane,453.34,127,Vegetarian,1050,9.87,13.61,16870.9
Atelier,Corporate Training,39,171,Convention Center,Dubai,36,0.6,39,Car,6.88,147,Non-Vegetarian,171,11.28,27.42,1309.49
Product Launch,Conference,28,670,Hotel,Berlin,43,0.86,28,Bicycle,493.68,147,Vegan,670,3.3,2.16,1198.64
Formation,Team Building,20,1807,Outdoor,Tokyo,14,1.13,20,Walking,285.87,342,Non-Vegetarian,1807,2.11,27.53,6541.98
Conférence,Fundraiser,46,1569,Hotel,Berlin,48,0.47,46,Car,285.48,488,Non-Vegetarian,1569,19.74,45.64,35397.13
Événement de Bienfaisance,Trade Show,22,1307,Outdoor,Sydney,7,0.36,22,Train,259.08,98,Mixed,1307,15.23,10.38,4362.03
Événement de Bienfaisance,Product Launch,19,1042,Outdoor,Tokyo,50,1.41,19,Plane,36.37,95,Vegetarian,1042,13.54,3.72,3131.06
Événement de Bienfaisance,Corporate Training,37,1689,Convention Center,Tokyo,35,1.18,37,Walking,456.23,424,Non-Vegetarian,1689,6.27,1.14,6690.37
Conference,Team Building,39,1048,Convention Center,Tokyo,28,0.43,39,Bus,463.11,307,Vegetarian,1048,18.93,13.57,10402.27
Fundraiser,Trade Show,42,1313,Hotel,New York,26,1.26,42,Train,323.6,473,Mixed,1313,4.59,20.73,10143.61
Networking,Trade Show,45,116,Office,Tokyo,35,1.23,45,Walking,117.22,14,Vegetarian,116,8.58,42.13,1244.05
Corporate Training,Seminar,39,397,Convention Center,Dubai,32,1.64,39,Car,364.94,76,Vegan,397,12.86,4.84,7280.2
Team Building,Trade Show,17,125,Convention Center,Tokyo,6,1.65,17,Bicycle,2.13,174,Vegan,125,9.34,8.67,245.17
Trade Show,Trade Show,12,14,Hotel,Sydney,25,0.91,12,Car,160.0,293,Vegetarian,14,13.21,39.05,10106.82
Corporate Training,Product Launch,8,1738,Coworking Space,New York,27,1.7,8,Bus,417.3,339,Non-Vegetarian,1738,18.36,48.57,14888.34
Workshop,Seminar,30,1040,Coworking Space,London,37,1.9,30,Car,279.0,491,Non-Vegetarian,1040,15.35,35.01,33562.91
Atelier,Conference,24,1872,Convention Center,Paris,9,1.66,24,Plane,256.55,483,Non-Vegetarian,1872,1.52,30.48,37773.69
Lancement de Produit,Trade Show,42,201,Coworking Space,Paris,19,0.12,42,Bicycle,398.34,171,Vegetarian,201,15.01,33.44,446.28
Formation,Seminar,28,708,Outdoor,Sydney,46,1.8,28,Bus,391.04,295,Mixed,708,12.46,11.11,9897.75
Networking Event,Corporate Training,33,838,Outdoor,Paris,40,1.81,33,Bicycle,238.34,76,Mixed,838,12.04,40.91,3395.5
Networking Event,Fundraiser,4,1396,Coworking Space,Berlin,44,1.86,4,Walking,55.58,470,Non-Vegetarian,1396,3.7,21.1,5099.28
Networking,Workshop,8,1593,Outdoor,Dubai,8,0.87,8,Bus,421.91,212,Non-Vegetarian,1593,12.46,25.91,11046.78
Networking Event,Networking Event,34,1908,Outdoor,Sydney,28,1.81,34,Bus,413.73,438,Vegetarian,1908,10.53,36.49,14690.42
Networking Event,Trade Show,19,1088,Convention Center,Dubai,8,0.73,19,Car,198.86,148,Mixed,1088,1.21,30.13,9018.73
Networking,Networking Event,16,13,Outdoor,Sydney,15,1.11,16,Bus,187.73,367,Non-Vegetarian,13,8.21,21.23,4371.39
Team Building,Team Building,1,1019,Outdoor,New York,24,1.96,1,Bus,285.26,294,Mixed,1019,3.45,37.14,7684.19
Conference,Team Building,40,945,Hotel,Dubai,32,1.35,40,Car,468.4,451,Mixed,945,6.9,28.8,47660.06
Networking,Trade Show,5,474,Office,London,6,0.23,5,Plane,30.43,208,Mixed,474,2.18,20.85,2816.87
Atelier,Seminar,39,418,Office,Dubai,35,0.38,39,Walking,91.46,42,Mixed,418,5.53,40.47,1396.35
Board Meeting,Conference,20,1879,Convention Center,Berlin,17,0.37,20,Bicycle,295.6,445,Non-Vegetarian,1879,5.49,15.75,6681.88
Conférence,Trade Show,25,1552,Coworking Space,Tokyo,30,0.59,25,Train,378.92,100,Mixed,1552,12.92,46.53,5735.83
Seminar,Product Launch,14,186,Office,London,36,0.27,14,Train,492.96,488,Non-Vegetarian,186,8.84,9.84,10378.98
Trade Show,Board Meeting,26,1315,Outdoor,Dubai,47,1.4,26,Bus,277.74,363,Vegan,1315,10.71,29.03,8299.06
Réunion du Conseil,Trade Show,15,1125,Coworking Space,Dubai,5,0.78,15,Car,301.27,494,Vegetarian,1125,13.61,47.82,33093.36
Seminar,Seminar,20,95,Office,Tokyo,10,1.25,20,Bus,190.27,318,Non-Vegetarian,95,19.53,10.15,4147.21
Formation,Networking Event,25,1445,Convention Center,Berlin,49,1.77,25,Bicycle,208.35,111,Vegetarian,1445,19.93,14.13,3319.74
Board Meeting,Trade Show,39,52,Office,New York,13,0.84,39,Plane,297.35,261,Mixed,52,2.83,13.39,19777.47
Workshop,Workshop,8,1142,Hotel,Tokyo,8,0.25,8,Bus,467.54,131,Vegetarian,1142,1.24,34.92,5468.18
Networking,Corporate Training,41,714,Convention Center,Berlin,20,0.12,41,Car,174.87,132,Vegan,714,1.93,45.18,5704.82
Formation,Fundraiser,30,1417,Outdoor,Paris,15,1.14,30,Train,376.47,389,Mixed,1417,10.51,31.49,9740.87
Atelier,Corporate Training,24,1999,Coworking Space,Paris,38,0.56,24,Walking,2.48,365,Mixed,1999,8.96,12.79,5296.36
Board Meeting,Team Building,35,1745,Hotel,New York,10,1.86,35,Bus,265.36,374,Vegan,1745,17.55,40.01,8140.3
Conference,Conference,41,1437,Outdoor,Paris,46,1.96,41,Plane,186.42,351,Non-Vegetarian,1437,1.62,6.24,23251.85
Trade Show,Corporate Training,2,746,Hotel,Berlin,34,0.32,2,Plane,489.2,206,Mixed,746,2.89,42.14,27159.74
Product Launch,Board Meeting,14,140,Convention Center,Paris,20,0.4,14,Train,292.25,375,Mixed,140,7.2,4.59,4813.33
Team Building,Product Launch,36,1474,Outdoor,Paris,42,1.0,36,Bus,482.13,249,Non-Vegetarian,1474,12.8,40.91,13225.44
Workshop,Product Launch,36,1760,Hotel,Tokyo,24,1.39,36,Bus,379.46,483,Vegan,1760,5.48,30.93,13430.05
Product Launch,Corporate Training,14,1628,Office,New York,37,1.67,14,Car,290.83,459,Mixed,1628,13.43,8.43,32579.35
Corporate Training,Board Meeting,12,122,Hotel,Dubai,43,0.88,12,Bus,267.96,109,Vegan,122,7.09,18.59,2152.86
Corporate Training,Team Building,19,225,Hotel,London,28,1.88,19,Bus,430.57,328,Vegan,225,17.77,8.71,9251.66
Corporate Training,Corporate Training,26,1148,Office,Berlin,10,0.39,26,Car,356.36,305,Mixed,1148,19.0,27.65,25838.86
Conférence,Seminar,34,1425,Coworking Space,Paris,38,1.85,34,Car,399.65,124,Vegan,1425,18.97,33.79,13132.51
Conference,Networking Event,47,498,Office,Berlin,46,1.19,47,Car,321.29,36,Non-Vegetarian,498,6.04,6.13,5482.68
Événement de Bienfaisance,Team Building,28,216,Convention Center,London,22,0.75,28,Plane,81.61,336,Vegetarian,216,5.98,13.72,7449.64
Team Building,Networking Event,11,1046,Outdoor,Paris,45,0.24,11,Bicycle,56.59,105,Vegan,1046,3.29,24.38,1160.74
Réunion du Conseil,Workshop,30,410,Hotel,New York,31,0.68,30,Train,433.97,210,Mixed,410,6.32,25.31,5049.81
Conférence,Corporate Training,28,429,Office,Tokyo,37,1.36,28,Train,111.62,134,Vegan,429,3.26,21.13,1780.54
Conference,Corporate Training,24,831,Office,Dubai,35,1.11,24,Train,419.55,147,Non-Vegetarian,831,2.62,36.68,5920.25
Product Launch,Seminar,41,355,Office,Dubai,48,0.61,41,Walking,311.95,145,Vegetarian,355,14.58,44.76,1251.42
Product Launch,Workshop,26,1217,Hotel,Tokyo,44,1.25,26,Train,294.86,124,Vegetarian,1217,16.93,39.46,4115.79
Product Launch,Seminar,46,1042,Convention Center,Berlin,37,0.89,46,Bus,350.15,375,Vegan,1042,10.07,29.1,9756.1
Board Meeting,Team Building,24,1334,Office,Tokyo,26,1.63,24,Plane,262.25,322,Non-Vegetarian,1334,14.45,15.31,26348.21
Networking Event,Team Building,25,1778,Convention Center,Sydney,27,0.98,25,Plane,81.43,428,Vegetarian,1778,8.79,2.54,11733.42
Corporate Training,Workshop,25,600,Coworking Space,Paris,30,1.21,25,Plane,134.24,113,Mixed,600,17.05,6.36,5792.85
Product Launch,Team Building,37,785,Hotel,Berlin,16,0.81,37,Train,476.33,140,Mixed,785,11.43,30.63,4953.83
Conférence,Conference,17,174,Coworking Space,Dubai,19,0.42,17,Bicycle,415.11,300,Vegetarian,174,12.81,32.54,419.53
Workshop,Workshop,37,29,Convention Center,London,13,1.73,37,Plane,318.42,121,Vegetarian,29,8.29,12.05,10132.45
Réunion du Conseil,Corporate Training,30,1185,Convention Center,London,24,0.27,30,Plane,437.36,272,Non-Vegetarian,1185,19.21,11.09,34045.78
Workshop,Seminar,32,1090,Convention Center,New York,5,0.93,32,Bicycle,59.58,266,Non-Vegetarian,1090,5.85,33.32,3967.74
Product Launch,Seminar,6,278,Hotel,Paris,20,1.19,6,Walking,185.14,163,Vegetarian,278,3.83,28.93,553.92
Conférence,Conference,39,247,Outdoor,Berlin,50,0.83,39,Bus,294.27,465,Vegetarian,247,18.81,9.74,9446.98
Atelier,Team Building,31,587,Hotel,London,5,0.82,31,Walking,97.74,342,Vegetarian,587,12.54,19.47,1008.07
Trade Show,Corporate Training,38,1413,Convention Center,New York,40,0.78,38,Car,328.85,372,Vegetarian,1413,1.38,16.89,28438.6
Fundraiser,Seminar,25,1707,Coworking Space,Tokyo,25,0.73,25,Train,403.9,112,Mixed,1707,5.86,3.85,6324.52
Trade Show,Fundraiser,12,1446,Convention Center,Dubai,13,1.62,12,Walking,472.81,405,Non-Vegetarian,1446,10.77,9.68,5228.26
Séminaire,Conference,9,1487,Outdoor,Sydney,21,1.26,9,Car,489.03,119,Vegetarian,1487,10.53,18.95,14629.39
Networking,Trade Show,3,1096,Coworking Space,New York,14,0.79,3,Car,390.89,327,Vegan,1096,14.04,21.58,28026.25
Formation,Team Building,24,1284,Coworking Space,London,36,0.86,24,Car,181.53,422,Mixed,1284,17.8,12.01,19728.33
Networking,Corporate Training,22,997,Outdoor,Berlin,9,0.23,22,Walking,467.61,159,Mixed,997,15.66,33.58,2613.75
Networking,Product Launch,18,1766,Outdoor,New York,13,1.81,18,Car,232.1,291,Mixed,1766,8.46,12.23,18851.78
Team Building,Fundraiser,2,705,Hotel,London,7,1.09,2,Bus,327.55,456,Vegan,705,19.85,25.46,9765.02
Conférence,Networking Event,23,99,Hotel,London,45,0.29,23,Walking,453.71,266,Non-Vegetarian,99,5.5,9.51,526.6
Team Building,Corporate Training,32,1278,Coworking Space,Dubai,36,1.14,32,Plane,153.24,458,Vegetarian,1278,16.03,27.05,20205.78
Lancement de Produit,Trade Show,10,942,Hotel,Berlin,21,0.14,10,Bus,333.84,36,Vegetarian,942,9.9,32.02,2232.63
Conference,Team Building,25,299,Hotel,Sydney,5,0.64,25,Bus,446.44,377,Vegetarian,299,7.58,29.28,10660.69
Seminar,Team Building,46,1679,Outdoor,Tokyo,15,0.95,46,Bus,419.22,85,Non-Vegetarian,1679,10.54,49.81,8462.97
Board Meeting,Team Building,21,266,Hotel,Berlin,31,0.9,21,Bus,263.69,371,Non-Vegetarian,266,3.21,44.73,7189.57
Conference,Trade Show,15,886,Office,Paris,43,1.85,15,Bus,288.19,367,Mixed,886,17.99,10.61,9214.77
Corporate Training,Networking Event,34,1682,Coworking Space,Tokyo,47,1.7,34,Car,1.22,227,Vegan,1682,6.49,25.92,3163.28
Événement de Bienfaisance,Trade Show,18,1824,Outdoor,Berlin,19,0.37,18,Train,236.33,174,Vegetarian,1824,15.02,11.26,4496.69
Atelier,Board Meeting,19,1845,Convention Center,Berlin,36,1.75,19,Walking,396.73,257,Mixed,1845,17.89,21.42,5289.62
Board Meeting,Team Building,20,667,Coworking Space,Berlin,35,1.82,20,Bicycle,294.71,348,Vegetarian,667,4.14,35.38,1716.54
Trade Show,Team Building,16,83,Hotel,Paris,48,0.81,16,Walking,487.14,484,Vegan,83,10.12,42.64,499.56
Corporate Training,Workshop,15,1565,Office,Paris,18,0.18,15,Train,491.33,194,Mixed,1565,10.35,45.03,7860.28
Seminar,Product Launch,20,1937,Hotel,Paris,32,1.96,20,Bus,203.36,330,Non-Vegetarian,1937,18.63,17.14,11504.77
Trade Show,Conference,4,832,Coworking Space,Sydney,12,0.77,4,Bus,31.31,255,Vegan,832,14.36,14.55,1387.34
Lancement de Produit,Team Building,3,606,Coworking Space,London,29,1.04,3,Car,127.33,439,Vegetarian,606,2.52,28.39,12754.61
Workshop,Product Launch,48,257,Coworking Space,Tokyo,30,0.37,48,Walking,121.94,450,Non-Vegetarian,257,10.83,33.6,1254.76
Corporate Training,Corporate Training,26,436,Hotel,London,12,1.97,26,Walking,270.65,172,Mixed,436,3.91,28.98,1463.1
Séminaire,Team Building,3,1114,Outdoor,Paris,50,0.3,3,Bus,489.54,12,Vegan,1114,11.0,24.27,1559.51
Networking,Board Meeting,5,217,Office,Tokyo,31,1.25,5,Bus,402.67,482,Non-Vegetarian,217,17.21,6.89,12549.79
Lancement de Produit,Trade Show,3,143,Office,New York,6,0.8,3,Car,14.99,477,Vegan,143,18.31,11.89,1712.15
Networking Event,Fundraiser,39,232,Outdoor,Sydney,49,1.2,39,Plane,359.26,436,Non-Vegetarian,232,14.43,17.58,41181.96
Networking,Conference,6,776,Hotel,Tokyo,16,0.31,6,Bus,386.29,142,Vegetarian,776,1.72,42.33,4558.17
Team Building,Conference,43,1392,Hotel,Berlin,43,0.33,43,Bus,343.88,18,Non-Vegetarian,1392,19.72,26.68,5641.28
Networking Event,Workshop,27,483,Convention Center,Dubai,24,1.5,27,Bicycle,306.15,495,Mixed,483,19.39,20.8,1773.88
Conférence,Fundraiser,4,1422,Coworking Space,Sydney,28,0.71,4,Train,424.48,411,Non-Vegetarian,1422,1.69,34.41,12067.41
Fundraiser,Conference,8,546,Coworking Space,Paris,19,1.43,8,Bicycle,460.53,427,Non-Vegetarian,546,9.7,7.91,2054.9
Trade Show,Workshop,40,1018,Coworking Space,Tokyo,47,1.42,40,Bicycle,131.94,33,Vegetarian,1018,15.88,14.29,2922.14
Networking Event,Trade Show,22,1395,Hotel,Dubai,44,1.39,22,Bicycle,276.6,268,Non-Vegetarian,1395,8.27,34.84,5641.48
Séminaire,Seminar,21,1987,Coworking Space,Tokyo,6,1.01,21,Bus,59.95,201,Vegetarian,1987,12.44,48.5,3889.01
Workshop,Team Building,1,279,Coworking Space,London,15,1.5,1,Walking,191.06,243,Vegetarian,279,6.11,21.52,485.01
Networking Event,Corporate Training,11,812,Outdoor,Paris,12,0.76,11,Plane,387.82,374,Non-Vegetarian,812,14.5,19.94,39222.21
Séminaire,Product Launch,34,1624,Hotel,Dubai,36,0.56,34,Walking,459.66,130,Vegan,1624,12.35,7.64,2006.7
Atelier,Product Launch,32,1781,Convention Center,London,27,1.45,32,Plane,460.99,21,Mixed,1781,8.63,34.62,7585.6
Product Launch,Conference,41,580,Coworking Space,London,11,1.66,41,Walking,148.9,112,Non-Vegetarian,580,11.96,17.27,2462.79
Trade Show,Corporate Training,15,349,Coworking Space,Sydney,36,0.9,15,Plane,149.27,46,Mixed,349,2.46,1.92,2840.87
Événement de Bienfaisance,Team Building,33,514,Hotel,Sydney,6,1.63,33,Walking,328.91,11,Vegan,514,17.71,13.59,737.97
Conférence,Networking Event,39,1668,Hotel,Berlin,40,1.08,39,Train,217.51,421,Vegetarian,1668,8.82,9.74,7044.39
Atelier,Conference,5,414,Convention Center,Dubai,50,0.22,5,Bicycle,269.72,472,Mixed,414,2.91,17.02,1102.36
Corporate Training,Seminar,23,353,Office,Berlin,50,0.36,23,Bicycle,209.83,375,Non-Vegetarian,353,17.6,2.26,1482.22
Atelier,Seminar,38,81,Coworking Space,London,43,1.35,38,Car,449.8,80,Non-Vegetarian,81,6.68,48.88,9054.21
Workshop,Fundraiser,34,354,Hotel,Dubai,34,1.06,34,Bus,361.49,419,Vegetarian,354,1.29,28.93,10291.98
Réunion du Conseil,Trade Show,29,912,Office,Dubai,17,1.42,29,Train,35.75,265,Vegan,912,18.7,2.24,1682.86
Seminar,Corporate Training,6,1705,Coworking Space,Berlin,36,0.93,6,Train,8.18,228,Vegan,1705,5.82,20.2,1932.08
Trade Show,Workshop,38,1401,Convention Center,Dubai,22,0.38,38,Train,124.18,288,Vegetarian,1401,11.59,30.61,3775.29
Réunion du Conseil,Corporate Training,37,399,Hotel,Berlin,39,0.91,37,Bus,323.01,330,Non-Vegetarian,399,9.37,23.16,8513.72
Atelier,Product Launch,5,670,Coworking Space,Sydney,36,1.98,5,Plane,108.0,290,Vegan,670,10.99,7.77,8715.72
Networking Event,Trade Show,36,159,Outdoor,Paris,26,1.72,36,Bicycle,25.9,84,Non-Vegetarian,159,3.73,8.21,1385.34
Séminaire,Corporate Training,25,1709,Hotel,New York,9,1.87,25,Car,294.77,285,Vegan,1709,6.37,20.76,19615.62
Fundraiser,Product Launch,6,1634,Office,Tokyo,41,1.11,6,Bicycle,493.84,469,Mixed,1634,7.74,6.38,4249.77
Formation,Product Launch,19,1710,Office,Paris,41,1.02,19,Walking,171.07,305,Vegan,1710,1.79,44.88,2200.63
Lancement de Produit,Trade Show,7,1915,Outdoor,Tokyo,20,0.75,7,Bus,366.9,171,Vegetarian,1915,10.42,18.16,6746.55
Team Building,Networking Event,33,884,Hotel,London,40,1.84,33,Train,436.3,316,Non-Vegetarian,884,14.64,41.02,9934.55
Événement de Bienfaisance,Board Meeting,39,1267,Office,Dubai,10,1.37,39,Walking,24.92,369,Vegan,1267,16.95,37.49,1643.03
Corporate Training,Board Meeting,17,465,Coworking Space,Sydney,15,1.84,17,Walking,426.0,333,Vegetarian,465,9.34,32.62,1016.02
Lancement de Produit,Networking Event,26,775,Coworking Space,Tokyo,18,0.67,26,Bus,20.36,163,Vegetarian,775,16.17,35.12,1620.98
Networking,Workshop,25,1430,Convention Center,Berlin,19,1.39,25,Car,437.67,165,Mixed,1430,3.0,28.32,19133.03
Réunion du Conseil,Conference,35,442,Coworking Space,Dubai,15,2.0,35,Train,39.89,381,Non-Vegetarian,442,0.87,35.16,2751.98
Workshop,Workshop,48,339,Convention Center,New York,35,0.15,48,Plane,134.37,318,Vegetarian,339,12.94,22.37,11387.54
Conférence,Team Building,20,1410,Hotel,London,43,0.11,20,Walking,113.01,392,Vegetarian,1410,9.25,1.17,2183.14
Fundraiser,Workshop,17,1790,Outdoor,Paris,47,1.83,17,Walking,198.07,419,Non-Vegetarian,1790,6.98,44.54,7099.12
Board Meeting,Fundraiser,14,501,Coworking Space,London,8,0.83,14,Train,372.47,33,Mixed,501,18.01,44.2,1915.06
Workshop,Corporate Training,48,1518,Coworking Space,New York,38,0.68,48,Plane,444.36,262,Non-Vegetarian,1518,0.7,37.31,35114.76
Conference,Conference,24,1488,Outdoor,Paris,33,1.32,24,Car,98.49,244,Mixed,1488,7.06,34.55,9372.57
Workshop,Workshop,20,832,Convention Center,London,37,0.92,20,Plane,398.93,345,Vegetarian,832,5.67,34.09,36075.63
Conférence,Team Building,34,216,Coworking Space,New York,10,0.43,34,Bicycle,90.33,375,Vegan,216,0.89,35.52,361.92
Conférence,Corporate Training,23,1156,Hotel,New York,12,1.08,23,Train,249.83,490,Mixed,1156,3.73,6.37,7955.91
Seminar,Conference,29,813,Coworking Space,Sydney,19,0.92,29,Plane,382.45,398,Vegan,813,18.04,19.32,39194.96
Fundraiser,Workshop,22,55,Hotel,Tokyo,25,0.23,22,Bus,37.28,260,Vegetarian,55,18.64,36.92,838.44
Seminar,Conference,33,1007,Hotel,Tokyo,30,1.62,33,Walking,178.72,27,Vegetarian,1007,16.98,45.02,2436.4
Networking,Product Launch,33,1301,Hotel,London,18,0.69,33,Bus,489.11,143,Mixed,1301,3.11,45.77,7751.75
Product Launch,Board Meeting,22,973,Office,Paris,49,1.27,22,Bicycle,493.37,73,Non-Vegetarian,973,3.38,4.87,4106.53
Corporate Training,Team Building,40,833,Outdoor,Tokyo,5,0.14,40,Plane,423.56,331,Non-Vegetarian,833,19.32,45.82,38109.37
Atelier,Corporate Training,8,1853,Convention Center,Paris,20,0.67,8,Bus,113.15,140,Mixed,1853,7.89,16.57,5685.48
Networking,Team Building,2,1824,Office,Paris,39,1.64,2,Bus,105.51,344,Non-Vegetarian,1824,18.39,29.05,8720.57
Product Launch,Conference,22,254,Coworking Space,London,47,0.34,22,Train,206.03,324,Vegetarian,254,10.03,34.24,3315.47
Board Meeting,Board Meeting,32,1568,Coworking Space,Tokyo,18,0.48,32,Car,167.12,96,Vegetarian,1568,8.79,18.95,5914.86
Networking Event,Conference,23,807,Convention Center,Paris,50,0.34,23,Plane,272.81,390,Mixed,807,10.77,22.92,28879.35
Product Launch,Board Meeting,20,817,Convention Center,Berlin,7,1.8,20,Car,403.65,105,Vegan,817,19.08,39.75,9961.14
Lancement de Produit,Seminar,27,1906,Convention Center,Berlin,11,1.04,27,Train,107.35,354,Vegan,1906,7.22,17.43,3629.82
Formation,Workshop,3,512,Coworking Space,Dubai,42,0.26,3,Bicycle,86.14,58,Vegan,512,0.91,41.26,612.72
Networking,Conference,23,1434,Outdoor,Berlin,23,0.84,23,Train,481.11,125,Vegetarian,1434,13.63,49.11,4904.21
Atelier,Workshop,44,52,Office,Sydney,8,1.49,44,Plane,20.34,298,Mixed,52,14.99,33.66,2004.87
Réunion du Conseil,Seminar,38,646,Hotel,New York,36,1.53,38,Walking,72.15,343,Mixed,646,19.2,29.57,2759.06
Séminaire,Fundraiser,26,668,Outdoor,Dubai,5,0.86,26,Train,111.29,163,Vegan,668,18.85,11.74,1510.69
Fundraiser,Networking Event,18,1290,Office,London,49,1.02,18,Train,375.73,13,Vegetarian,1290,9.01,5.76,2609.74
Conference,Fundraiser,1,1071,Coworking Space,Sydney,32,0.72,1,Bus,463.03,191,Vegetarian,1071,14.72,11.3,6976.38
Réunion du Conseil,Workshop,43,1228,Convention Center,Paris,49,0.68,43,Plane,277.1,407,Mixed,1228,19.02,17.63,32054.61
Fundraiser,Workshop,46,1245,Outdoor,Sydney,33,0.8,46,Car,125.31,171,Mixed,1245,13.29,33.96,8314.08
Séminaire,Team Building,1,1820,Hotel,Dubai,10,1.54,1,Train,3.83,120,Mixed,1820,15.59,13.12,4633.5
Product Launch,Conference,45,462,Convention Center,Dubai,39,0.9,45,Bus,283.67,311,Mixed,462,7.6,45.32,7343.87
Conférence,Board Meeting,45,100,Outdoor,Berlin,46,0.65,45,Bicycle,114.85,371,Vegetarian,100,9.33,36.17,913.75
Fundraiser,Networking Event,26,140,Outdoor,Tokyo,35,1.01,26,Car,127.96,173,Mixed,140,12.71,14.48,5512.72
Product Launch,Fundraiser,20,1750,Convention Center,Dubai,44,0.48,20,Train,83.16,49,Non-Vegetarian,1750,1.14,41.81,6585.09
Fundraiser,Trade Show,46,1711,Outdoor,Berlin,40,0.59,46,Walking,464.62,373,Vegetarian,1711,11.81,33.18,3199.28
Product Launch,Fundraiser,17,1301,Convention Center,Paris,21,1.86,17,Car,30.63,277,Vegan,1301,14.13,34.39,3511.8
Conférence,Board Meeting,19,1213,Convention Center,Paris,35,0.91,19,Bicycle,76.52,197,Non-Vegetarian,1213,5.49,18.94,4596.93
Réunion du Conseil,Fundraiser,18,1794,Convention Center,Dubai,17,0.77,18,Walking,311.46,466,Non-Vegetarian,1794,10.03,19.22,6455.31
Networking,Trade Show,10,195,Convention Center,Paris,41,1.24,10,Car,459.79,302,Mixed,195,1.05,21.4,29946.48
Séminaire,Board Meeting,26,1817,Hotel,Paris,8,1.76,26,Walking,264.17,331,Vegan,1817,18.57,32.12,2101.42
Conference,Trade Show,38,146,Convention Center,Sydney,15,1.04,38,Walking,291.35,377,Vegan,146,11.88,1.37,468.9
Conférence,Workshop,5,196,Coworking Space,Berlin,28,1.13,5,Plane,462.27,441,Vegan,196,7.3,7.92,51270.81
Workshop,Networking Event,8,290,Office,Paris,37,1.48,8,Bus,25.42,39,Vegan,290,11.69,18.21,628.32
Workshop,Networking Event,43,54,Hotel,London,35,0.69,43,Train,152.25,377,Vegan,54,16.36,34.61,2971.09
Lancement de Produit,Conference,17,603,Coworking Space,Berlin,7,0.89,17,Bicycle,336.94,262,Non-Vegetarian,603,8.42,10.89,2202.07
Réunion du Conseil,Networking Event,31,76,Hotel,Tokyo,7,0.87,31,Bicycle,483.57,387,Vegan,76,18.31,8.02,223.05
Réunion du Conseil,Corporate Training,36,1733,Outdoor,Paris,36,1.16,36,Car,445.54,306,Mixed,1733,13.8,30.66,33803.5
Board Meeting,Networking Event,33,350,Coworking Space,Sydney,47,1.3,33,Bus,183.34,313,Non-Vegetarian,350,3.29,49.52,5781.9
Atelier,Seminar,29,1369,Convention Center,Dubai,29,1.34,29,Car,256.25,283,Non-Vegetarian,1369,6.07,25.41,20646.87
Réunion du Conseil,Workshop,13,309,Coworking Space,Sydney,35,1.9,13,Bus,163.62,335,Vegan,309,8.43,2.62,4052.11
Événement de Bienfaisance,Product Launch,40,1161,Office,New York,21,1.85,40,Car,164.98,267,Mixed,1161,10.8,45.66,13042.85
Team Building,Team Building,36,473,Office,Dubai,8,0.7,36,Train,219.34,102,Non-Vegetarian,473,8.81,3.54,2675.91
Fundraiser,Board Meeting,4,821,Convention Center,New York,25,0.18,4,Bus,316.05,140,Vegetarian,821,8.29,23.02,3957.94
Formation,Networking Event,40,664,Coworking Space,Sydney,27,0.16,40,Train,215.09,467,Mixed,664,15.92,38.54,5873.2
Workshop,Team Building,27,1107,Outdoor,Paris,42,0.82,27,Car,152.13,155,Vegetarian,1107,12.32,5.49,7112.89
Fundraiser,Corporate Training,1,884,Coworking Space,London,28,0.37,1,Plane,276.0,118,Vegetarian,884,15.06,45.04,9593.38
Formation,Seminar,5,1933,Coworking Space,Paris,31,0.41,5,Train,337.48,91,Vegan,1933,16.19,43.97,3313.52
Réunion du Conseil,Board Meeting,15,891,Convention Center,London,34,0.91,15,Bicycle,184.19,260,Non-Vegetarian,891,3.75,45.86,3449.77
Workshop,Product Launch,24,366,Office,Berlin,32,0.6,24,Bicycle,123.97,373,Vegan,366,19.97,2.16,640.66
Workshop,Trade Show,47,860,Convention Center,Sydney,26,0.59,47,Bicycle,232.35,242,Vegetarian,860,11.48,23.85,1721.15
Product Launch,Fundraiser,24,659,Outdoor,Paris,29,1.99,24,Plane,122.91,238,Non-Vegetarian,659,3.91,8.45,10336.88
Conference,Fundraiser,7,1326,Office,Tokyo,22,1.65,7,Bus,1.36,264,Non-Vegetarian,1326,9.33,17.54,4843.33
Workshop,Corporate Training,28,1577,Hotel,Dubai,39,1.84,28,Plane,133.47,161,Non-Vegetarian,1577,12.99,4.48,11931.25
Seminar,Team Building,40,1650,Office,Sydney,16,0.74,40,Bus,92.7,351,Vegetarian,1650,7.59,42.65,4764.54
Réunion du Conseil,Seminar,31,440,Hotel,Sydney,41,0.76,31,Walking,332.18,231,Mixed,440,0.71,34.51,1653.42
Conference,Product Launch,5,580,Office,New York,46,0.76,5,Bicycle,417.83,278,Vegetarian,580,17.67,11.61,1015.96
Networking,Team Building,9,815,Hotel,Sydney,32,0.58,9,Train,259.63,140,Vegan,815,13.8,31.04,2442.13
Lancement de Produit,Fundraiser,2,258,Office,Paris,33,0.44,2,Car,428.32,258,Vegetarian,258,4.18,18.4,23653.06
Lancement de Produit,Networking Event,16,1407,Hotel,London,27,1.27,16,Walking,10.57,495,Mixed,1407,12.38,48.48,3913.54
Corporate Training,Conference,3,983,Coworking Space,Paris,42,1.36,3,Plane,220.5,445,Vegan,983,2.78,24.89,25654.65
Lancement de Produit,Corporate Training,8,423,Coworking Space,Paris,41,1.27,8,Bus,57.31,114,Vegetarian,423,1.67,9.58,1257.28
Team Building,Trade Show,31,1726,Outdoor,London,10,1.3,31,Bus,478.03,126,Vegan,1726,10.04,22.9,5607.29
Networking,Seminar,40,559,Convention Center,Berlin,50,1.13,40,Plane,282.07,336,Non-Vegetarian,559,8.7,45.06,26887.9
Networking,Board Meeting,20,1311,Office,Paris,38,1.9,20,Train,20.2,89,Mixed,1311,3.04,29.06,4135.61
Networking Event,Trade Show,1,413,Coworking Space,Tokyo,27,1.81,1,Bus,88.63,172,Non-Vegetarian,413,18.54,4.8,2431.28
Networking Event,Product Launch,23,600,Coworking Space,Dubai,47,1.12,23,Car,228.77,390,Mixed,600,10.95,39.51,20942.54
Formation,Conference,30,1626,Outdoor,Paris,48,0.75,30,Train,10.65,207,Non-Vegetarian,1626,14.99,1.13,6351.42
Seminar,Team Building,36,903,Hotel,Berlin,47,0.75,36,Walking,67.49,421,Non-Vegetarian,903,17.66,37.87,3906.06
Workshop,Team Building,16,342,Office,Tokyo,45,1.9,16,Bicycle,43.07,499,Vegetarian,342,11.91,49.37,1319.56
Atelier,Corporate Training,34,456,Office,Sydney,12,1.1,34,Bicycle,238.75,442,Vegetarian,456,13.82,44.68,1025.4
Événement de Bienfaisance,Networking Event,2,1025,Office,Paris,47,1.71,2,Bus,102.77,61,Non-Vegetarian,1025,9.14,22.65,4107.59
Team Building,Conference,3,623,Convention Center,London,26,0.37,3,Car,235.04,187,Vegan,623,3.37,3.5,9881.19
Workshop,Corporate Training,20,1624,Hotel,London,16,1.35,20,Plane,232.83,82,Vegetarian,1624,7.17,4.11,7447.58
Seminar,Product Launch,6,1265,Coworking Space,Dubai,39,0.45,6,Plane,132.55,445,Vegetarian,1265,12.14,4.43,16729.48
Workshop,Networking Event,18,968,Office,Tokyo,10,1.95,18,Plane,219.82,60,Vegetarian,968,11.14,12.4,4971.88
Atelier,Networking Event,14,658,Outdoor,London,21,1.55,14,Car,40.72,375,Vegan,658,1.59,23.77,4143.27
Product Launch,Trade Show,47,1420,Office,New York,17,1.34,47,Walking,254.02,135,Non-Vegetarian,1420,11.23,43.09,5613.97
Atelier,Product Launch,47,415,Office,Dubai,50,1.2,47,Bicycle,146.25,204,Vegan,415,19.85,15.2,1895.1
Networking,Networking Event,44,21,Outdoor,Berlin,18,0.42,44,Walking,52.48,418,Vegetarian,21,6.94,14.52,240.74
Conference,Board Meeting,26,962,Coworking Space,New York,9,1.49,26,Car,380.37,124,Vegan,962,5.76,41.87,11136.42
Réunion du Conseil,Board Meeting,3,465,Hotel,Tokyo,12,1.6,3,Bicycle,450.52,103,Vegetarian,465,8.48,10.46,764.18
Événement de Bienfaisance,Trade Show,25,1005,Hotel,Sydney,38,0.59,25,Bus,457.16,210,Vegetarian,1005,13.79,25.55,7626.65
Événement de Bienfaisance,Fundraiser,2,296,Office,Sydney,18,0.76,2,Walking,145.2,304,Vegetarian,296,5.03,26.83,521.4
Workshop,Networking Event,25,1637,Outdoor,Sydney,23,1.01,25,Bicycle,477.88,380,Vegetarian,1637,5.21,42.17,2840.64
Conference,Product Launch,11,1253,Hotel,Berlin,9,1.95,11,Bus,178.62,26,Vegan,1253,1.34,6.65,1644.15
Corporate Training,Networking Event,2,1113,Office,Tokyo,45,1.24,2,Walking,473.58,24,Vegan,1113,15.04,47.59,1294.06
Seminar,Conference,10,1727,Convention Center,London,48,0.72,10,Bus,232.88,423,Mixed,1727,4.08,36.76,10482.47
Atelier,Product Launch,5,116,Hotel,Dubai,6,0.32,5,Car,430.16,228,Vegan,116,3.89,20.26,20765.16
Événement de Bienfaisance,Seminar,22,1400,Convention Center,Dubai,38,1.51,22,Plane,434.0,220,Vegan,1400,14.8,39.71,26010.2
Networking,Workshop,30,642,Hotel,London,39,1.9,30,Bicycle,394.3,26,Vegan,642,7.26,19.69,1807.4
Fundraiser,Corporate Training,40,1501,Office,New York,31,0.48,40,Train,497.88,410,Vegan,1501,12.16,34.55,10057.25
Networking,Team Building,24,1941,Office,Sydney,28,1.77,24,Car,303.89,115,Non-Vegetarian,1941,15.43,23.54,14805.1
Workshop,Corporate Training,46,1822,Office,New York,13,1.31,46,Car,384.11,301,Non-Vegetarian,1822,16.58,8.96,31099.36
Séminaire,Board Meeting,21,343,Outdoor,Sydney,44,1.69,21,Plane,275.23,493,Vegetarian,343,10.45,31.22,35300.72
Formation,Corporate Training,3,227,Office,New York,33,0.34,3,Bicycle,267.71,496,Vegetarian,227,14.3,4.07,394.07
Lancement de Produit,Corporate Training,48,1949,Coworking Space,Paris,50,1.78,48,Walking,203.83,241,Mixed,1949,16.65,20.1,7082.0
Lancement de Produit,Seminar,33,1424,Hotel,Berlin,8,1.32,33,Train,76.2,31,Mixed,1424,16.26,31.8,3924.85
Formation,Conference,32,700,Convention Center,New York,10,1.03,32,Bicycle,151.94,243,Non-Vegetarian,700,9.31,22.58,2678.58
Formation,Fundraiser,14,1842,Hotel,Berlin,31,1.69,14,Plane,53.11,453,Non-Vegetarian,1842,1.74,7.46,12846.84
Conference,Networking Event,12,838,Outdoor,Sydney,26,0.12,12,Plane,261.23,236,Vegetarian,838,6.95,38.12,16778.43
Board Meeting,Board Meeting,8,462,Coworking Space,Berlin,39,1.97,8,Plane,302.65,203,Vegetarian,462,10.65,27.8,16436.71
Product Launch,Trade Show,37,1909,Convention Center,Sydney,24,0.47,37,Walking,456.54,204,Non-Vegetarian,1909,1.77,33.06,6959.84
Corporate Training,Fundraiser,4,1865,Convention Center,Tokyo,30,1.72,4,Walking,223.95,171,Vegetarian,1865,12.25,16.25,2957.7
Networking Event,Seminar,43,492,Convention Center,New York,45,1.82,43,Plane,358.21,69,Vegetarian,492,14.59,46.54,8800.23
Seminar,Corporate Training,44,1230,Hotel,Sydney,43,1.48,44,Plane,399.25,240,Vegan,1230,16.37,26.92,26671.66
Lancement de Produit,Seminar,16,1021,Convention Center,Sydney,5,0.71,16,Walking,442.01,496,Mixed,1021,9.86,18.22,2637.06
Séminaire,Trade Show,10,1635,Convention Center,Dubai,25,0.67,10,Plane,241.26,289,Vegetarian,1635,17.62,13.22,20028.97
Réunion du Conseil,Product Launch,24,914,Coworking Space,Tokyo,22,0.78,24,Car,471.48,158,Non-Vegetarian,914,13.07,35.75,19146.27
Conférence,Conference,2,1954,Coworking Space,London,18,1.6,2,Train,27.43,343,Vegetarian,1954,5.72,8.28,3364.14
Workshop,Trade Show,39,1045,Coworking Space,New York,23,0.99,39,Plane,327.02,178,Mixed,1045,6.19,39.84,17700.97
Formation,Workshop,39,748,Hotel,Dubai,31,0.67,39,Train,373.18,138,Vegan,748,14.86,27.33,3297.35
Trade Show,Seminar,10,1874,Outdoor,Dubai,29,0.55,10,Car,25.6,381,Mixed,1874,7.17,16.17,6859.69
Team Building,Seminar,14,536,Outdoor,London,33,1.88,14,Bicycle,270.06,434,Mixed,536,8.55,4.13,1799.64
Lancement de Produit,Board Meeting,46,945,Outdoor,Berlin,18,0.64,46,Bus,251.1,188,Vegetarian,945,12.39,30.71,4601.07
Corporate Training,Board Meeting,10,991,Coworking Space,London,48,0.65,10,Plane,62.15,438,Vegan,991,18.46,14.75,8018.85
Networking Event,Product Launch,37,1417,Outdoor,London,38,0.38,37,Bus,207.16,438,Vegan,1417,6.18,13.0,7166.66
Formation,Corporate Training,11,1961,Outdoor,Tokyo,20,0.82,11,Bus,205.46,160,Non-Vegetarian,1961,3.0,16.14,8964.4
Networking,Team Building,2,140,Office,London,40,0.43,2,Plane,342.94,229,Vegetarian,140,16.68,22.02,19937.92
Trade Show,Conference,44,159,Convention Center,New York,17,1.99,44,Bus,260.66,313,Non-Vegetarian,159,0.79,40.61,6278.75
Networking Event,Conference,30,1258,Convention Center,New York,19,0.8,30,Train,303.0,362,Mixed,1258,14.51,27.07,7843.6
Fundraiser,Fundraiser,28,1982,Office,Sydney,31,0.54,28,Bus,473.45,405,Mixed,1982,13.96,6.75,16735.61
Product Launch,Trade Show,34,741,Convention Center,Berlin,37,1.47,34,Plane,301.9,147,Mixed,741,18.3,12.49,13933.53
Conférence,Trade Show,15,634,Convention Center,London,39,1.04,15,Bicycle,338.75,177,Mixed,634,2.09,45.14,1983.66
Conference,Fundraiser,6,716,Coworking Space,New York,35,0.89,6,Plane,25.93,220,Vegan,716,15.83,7.68,2282.62
Board Meeting,Corporate Training,41,1064,Coworking Space,London,42,0.17,41,Train,113.9,59,Mixed,1064,16.96,8.44,3125.97
Formation,Product Launch,24,830,Convention Center,New York,50,1.5,24,Plane,123.57,130,Mixed,830,3.14,11.9,7021.1
Workshop,Product Launch,3,1037,Convention Center,Tokyo,18,1.13,3,Bicycle,369.15,383,Mixed,1037,2.34,11.43,2650.55
Seminar,Workshop,35,1775,Coworking Space,Berlin,46,0.6,35,Plane,393.41,34,Vegan,1775,1.88,13.98,5633.71
Lancement de Produit,Fundraiser,35,332,Convention Center,London,42,0.76,35,Bus,447.8,286,Non-Vegetarian,332,18.49,46.3,9534.43
Conference,Workshop,17,176,Outdoor,Berlin,17,1.98,17,Train,104.35,425,Vegetarian,176,14.26,13.37,2379.32
Réunion du Conseil,Conference,39,1627,Coworking Space,Berlin,26,1.5,39,Walking,410.37,345,Mixed,1627,4.46,18.99,4874.9
Networking Event,Board Meeting,23,143,Outdoor,Berlin,17,0.89,23,Train,246.62,238,Non-Vegetarian,143,14.44,39.98,3131.16
Seminar,Networking Event,5,1348,Outdoor,London,36,1.25,5,Car,288.29,394,Vegetarian,1348,8.95,29.48,26064.47
Seminar,Board Meeting,7,1915,Coworking Space,Tokyo,46,1.36,7,Bicycle,325.61,185,Mixed,1915,18.68,26.12,5096.06
Séminaire,Corporate Training,38,1587,Hotel,Sydney,39,0.11,38,Plane,273.54,478,Mixed,1587,18.31,17.01,36807.68
Workshop,Conference,1,1707,Coworking Space,Dubai,20,1.57,1,Bus,135.92,347,Non-Vegetarian,1707,8.05,31.04,8898.23
Conférence,Product Launch,35,737,Office,London,33,1.49,35,Walking,496.53,447,Vegan,737,16.1,11.05,1651.77
Conference,Networking Event,39,1967,Outdoor,Tokyo,38,0.83,39,Bicycle,265.65,341,Non-Vegetarian,1967,3.27,41.78,7589.63
Conférence,Team Building,16,55,Coworking Space,Paris,33,0.51,16,Plane,173.26,406,Vegetarian,55,18.44,47.52,17934.95
Conférence,Team Building,43,226,Coworking Space,Tokyo,43,1.41,43,Plane,137.59,482,Mixed,226,0.68,41.7,18532.9
Événement de Bienfaisance,Seminar,34,791,Outdoor,Sydney,36,1.04,34,Bicycle,216.06,258,Vegetarian,791,16.54,49.31,1954.68
Corporate Training,Board Meeting,27,968,Coworking Space,Paris,12,0.11,27,Bus,203.39,134,Vegan,968,11.68,3.32,2651.08
Board Meeting,Networking Event,2,963,Convention Center,Dubai,39,1.89,2,Plane,123.22,233,Mixed,963,13.26,37.04,9759.38
Trade Show,Product Launch,43,1714,Office,Paris,21,1.89,43,Plane,92.49,432,Vegetarian,1714,18.19,19.26,13488.15
Networking Event,Team Building,15,1631,Convention Center,Sydney,44,1.8,15,Walking,439.19,224,Vegetarian,1631,16.21,26.21,3125.34
Board Meeting,Conference,33,598,Coworking Space,Tokyo,18,1.59,33,Bus,9.34,130,Non-Vegetarian,598,10.85,39.44,2738.66
Lancement de Produit,Conference,36,998,Hotel,Tokyo,43,1.82,36,Bus,496.87,41,Non-Vegetarian,998,14.13,34.38,6221.0
Product Launch,Product Launch,9,135,Coworking Space,Paris,15,0.72,9,Bicycle,218.45,396,Vegan,135,8.56,5.48,211.68
Team Building,Trade Show,10,398,Coworking Space,Tokyo,24,0.28,10,Walking,361.09,176,Vegetarian,398,2.79,36.32,708.82
Networking Event,Team Building,43,1013,Office,Berlin,36,0.35,43,Plane,342.21,210,Vegetarian,1013,2.42,48.82,19858.9
Lancement de Produit,Product Launch,45,1746,Office,London,5,1.42,45,Bus,158.99,202,Vegetarian,1746,8.74,40.13,4803.45
Workshop,Board Meeting,44,299,Coworking Space,Sydney,10,1.76,44,Bicycle,177.81,209,Non-Vegetarian,299,17.27,25.73,1519.7
Corporate Training,Team Building,26,1332,Coworking Space,Berlin,10,1.14,26,Walking,467.64,381,Non-Vegetarian,1332,8.75,23.18,4874.06
Fundraiser,Team Building,42,1382,Convention Center,Paris,44,1.67,42,Car,108.45,221,Non-Vegetarian,1382,9.14,43.78,11519.08
Workshop,Team Building,42,1263,Coworking Space,New York,30,1.86,42,Car,454.56,355,Mixed,1263,15.32,13.45,38274.29
Product Launch,Conference,43,762,Coworking Space,London,32,1.62,43,Train,119.27,172,Mixed,762,16.73,40.55,3954.7
Événement de Bienfaisance,Board Meeting,21,1069,Hotel,Paris,8,1.83,21,Car,357.54,399,Vegetarian,1069,14.17,39.06,31821.96
Networking Event,Corporate Training,29,1092,Hotel,Tokyo,36,1.9,29,Bus,486.72,242,Mixed,1092,15.55,36.75,10893.57
Formation,Corporate Training,29,1377,Outdoor,Dubai,40,1.24,29,Bus,314.35,30,Vegan,1377,0.85,45.32,2754.37
Trade Show,Seminar,23,160,Office,New York,30,0.73,23,Bicycle,425.41,74,Mixed,160,11.21,7.24,688.75
Seminar,Seminar,6,318,Coworking Space,Tokyo,35,0.42,6,Plane,99.07,293,Vegan,318,15.22,35.13,7719.68
Atelier,Corporate Training,5,1686,Coworking Space,London,23,0.85,5,Bus,69.79,222,Mixed,1686,6.04,43.16,5291.88
Networking Event,Workshop,32,11,Coworking Space,Paris,35,0.72,32,Bus,98.63,80,Vegan,11,13.11,30.62,975.08
Réunion du Conseil,Board Meeting,35,975,Outdoor,Paris,37,1.8,35,Walking,120.95,427,Mixed,975,5.04,19.62,3652.32
Conference,Trade Show,18,1604,Hotel,Dubai,6,0.19,18,Plane,489.7,324,Vegan,1604,0.93,42.53,41366.88
Atelier,Trade Show,8,1314,Hotel,Tokyo,43,0.73,8,Bus,231.01,394,Mixed,1314,9.71,17.33,8925.72
Seminar,Fundraiser,48,1518,Convention Center,Tokyo,11,1.84,48,Walking,227.96,147,Vegetarian,1518,12.64,40.83,2869.7
Réunion du Conseil,Seminar,34,1227,Hotel,Sydney,33,0.82,34,Plane,182.55,125,Non-Vegetarian,1227,15.46,20.54,10531.21
Atelier,Seminar,5,1779,Coworking Space,Dubai,36,0.19,5,Bus,207.21,20,Vegetarian,1779,4.21,17.58,2977.83
Conference,Corporate Training,24,828,Convention Center,London,34,1.79,24,Plane,240.2,208,Non-Vegetarian,828,11.55,33.98,16209.78
Corporate Training,Networking Event,22,1051,Office,London,14,0.64,22,Walking,21.58,416,Non-Vegetarian,1051,14.46,9.9,3825.78
Atelier,Seminar,47,1802,Convention Center,Paris,42,0.46,47,Plane,3.0,341,Vegan,1802,5.14,4.95,2531.95
Product Launch,Team Building,35,927,Convention Center,Tokyo,35,0.87,35,Bus,168.66,104,Vegan,927,19.0,23.65,2597.61
Board Meeting,Board Meeting,2,812,Convention Center,New York,37,1.67,2,Car,306.88,440,Vegetarian,812,1.28,12.97,29664.0
Événement de Bienfaisance,Workshop,23,695,Convention Center,Paris,41,1.39,23,Bicycle,141.5,289,Vegetarian,695,0.71,48.15,1795.61
Atelier,Corporate Training,47,1427,Convention Center,New York,39,0.16,47,Walking,465.25,130,Non-Vegetarian,1427,7.89,33.09,5223.1
Événement de Bienfaisance,Corporate Training,14,1158,Outdoor,New York,18,1.75,14,Plane,390.52,211,Non-Vegetarian,1158,11.89,1.34,24899.89
Séminaire,Product Launch,36,1080,Convention Center,Sydney,14,0.27,36,Plane,97.79,72,Vegetarian,1080,15.47,11.26,3501.72
Événement de Bienfaisance,Conference,22,709,Hotel,Paris,7,1.27,22,Walking,232.37,95,Vegan,709,2.12,7.77,826.57
Product Launch,Product Launch,18,1592,Convention Center,Berlin,33,1.32,18,Train,6.64,118,Non-Vegetarian,1592,17.92,1.35,6033.92
Product Launch,Seminar,47,1038,Convention Center,Berlin,35,1.31,47,Plane,209.85,375,Non-Vegetarian,1038,13.79,13.54,24438.57
Conférence,Corporate Training,27,1948,Office,Berlin,40,1.78,27,Car,359.35,239,Mixed,1948,16.88,20.84,23942.42
Team Building,Team Building,23,1386,Convention Center,Tokyo,50,1.92,23,Bicycle,239.79,130,Non-Vegetarian,1386,11.58,37.77,6053.7
Corporate Training,Board Meeting,16,1441,Coworking Space,Tokyo,28,0.47,16,Walking,232.97,215,Vegetarian,1441,9.34,10.2,2305.86
Networking,Product Launch,5,706,Convention Center,Paris,9,1.23,5,Car,339.21,412,Vegan,706,18.55,46.09,30211.4
Fundraiser,Board Meeting,17,661,Coworking Space,London,48,0.45,17,Bicycle,305.51,194,Mixed,661,1.33,45.76,1930.28
Événement de Bienfaisance,Seminar,5,455,Outdoor,Tokyo,27,0.19,5,Train,316.97,438,Non-Vegetarian,455,8.29,7.57,7190.36
Team Building,Fundraiser,1,1792,Convention Center,Dubai,46,1.6,1,Bus,471.92,122,Vegetarian,1792,13.85,41.62,6290.19
Conference,Workshop,44,518,Hotel,Tokyo,15,0.86,44,Bus,231.69,315,Mixed,518,6.84,29.54,6030.5
Board Meeting,Seminar,39,1531,Convention Center,Paris,5,0.58,39,Bicycle,390.23,265,Non-Vegetarian,1531,16.79,29.02,5506.67
Board Meeting,Trade Show,41,1619,Hotel,New York,32,1.83,41,Train,293.34,79,Vegan,1619,1.1,14.88,3778.39
Board Meeting,Product Launch,35,1119,Hotel,Sydney,48,1.83,35,Car,339.26,123,Vegan,1119,7.48,41.11,11516.47
Corporate Training,Team Building,48,231,Hotel,Tokyo,50,1.4,48,Walking,147.37,297,Vegan,231,2.72,3.92,1924.28
Formation,Board Meeting,30,833,Hotel,Sydney,16,1.56,30,Bus,34.77,129,Vegan,833,10.92,41.67,1581.7
Lancement de Produit,Workshop,29,1006,Outdoor,Paris,9,1.96,29,Plane,270.34,113,Non-Vegetarian,1006,17.3,32.1,11512.68
Événement de Bienfaisance,Corporate Training,9,874,Office,Paris,18,1.84,9,Plane,497.76,431,Vegan,874,12.72,16.55,54715.22
Formation,Seminar,18,758,Outdoor,Paris,46,0.31,18,Train,176.58,243,Non-Vegetarian,758,16.67,16.46,4563.96
Lancement de Produit,Workshop,37,1015,Outdoor,London,44,0.45,37,Car,295.06,395,Vegan,1015,6.59,39.73,25949.17
Product Launch,Corporate Training,27,1585,Outdoor,Tokyo,37,1.99,27,Train,311.29,427,Vegetarian,1585,19.78,38.97,8805.84
Networking Event,Seminar,3,523,Convention Center,Paris,22,0.59,3,Car,326.24,344,Mixed,523,13.24,28.74,24978.51
Conference,Networking Event,29,1828,Office,Paris,38,0.82,29,Plane,318.65,277,Non-Vegetarian,1828,12.21,36.58,29013.91
Formation,Team Building,10,632,Coworking Space,Dubai,7,1.95,10,Walking,461.9,188,Non-Vegetarian,632,10.99,44.57,2391.37
Networking Event,Workshop,1,656,Outdoor,Paris,43,1.53,1,Walking,290.81,456,Non-Vegetarian,656,12.98,1.36,2357.57
Événement de Bienfaisance,Seminar,28,679,Coworking Space,Berlin,44,1.88,28,Train,495.88,497,Non-Vegetarian,679,4.21,42.31,13485.71
Workshop,Team Building,1,11,Convention Center,Dubai,43,1.42,1,Train,153.68,242,Mixed,11,10.24,17.48,1601.09
Séminaire,Fundraiser,6,188,Office,Dubai,25,0.71,6,Plane,63.11,303,Mixed,188,14.34,31.2,5394.91
Événement de Bienfaisance,Product Launch,25,911,Outdoor,London,13,1.54,25,Bicycle,73.0,206,Vegan,911,19.32,9.44,1218.77
Workshop,Seminar,32,1590,Coworking Space,Paris,38,1.93,32,Train,353.28,150,Mixed,1590,11.46,29.26,7349.56
Board Meeting,Corporate Training,3,1370,Office,London,15,0.96,3,Bicycle,327.86,74,Mixed,1370,11.93,44.22,3558.9
Conférence,Trade Show,7,938,Convention Center,Tokyo,20,1.6,7,Bus,371.04,386,Vegetarian,938,17.61,5.05,10157.61
Fundraiser,Board Meeting,8,1463,Convention Center,New York,8,1.24,8,Bicycle,431.33,17,Mixed,1463,3.94,26.99,3759.04
Conférence,Seminar,40,1002,Office,Dubai,18,1.47,40,Train,115.22,114,Mixed,1002,9.43,31.14,3640.74
Événement de Bienfaisance,Workshop,14,1689,Hotel,Berlin,19,0.16,14,Car,303.08,46,Mixed,1689,13.38,27.76,7253.81
Networking Event,Workshop,46,1253,Hotel,Sydney,44,0.62,46,Bicycle,422.02,332,Vegan,1253,19.13,39.86,1998.42
Corporate Training,Fundraiser,19,626,Convention Center,New York,10,1.03,19,Bus,372.09,41,Non-Vegetarian,626,19.38,2.7,3248.35
Networking,Workshop,33,1496,Convention Center,London,28,1.8,33,Train,243.91,239,Non-Vegetarian,1496,2.3,41.55,8487.08
Networking,Fundraiser,47,639,Office,Tokyo,31,1.04,47,Car,447.07,83,Vegan,639,3.06,10.31,9215.81
Séminaire,Seminar,12,1959,Hotel,Paris,44,1.49,12,Bus,378.08,162,Mixed,1959,13.15,14.62,9021.34
Conference,Workshop,3,496,Convention Center,Tokyo,11,1.76,3,Car,397.83,119,Vegan,496,7.31,38.64,10558.71
Événement de Bienfaisance,Board Meeting,47,1173,Hotel,London,39,0.62,47,Walking,191.39,155,Non-Vegetarian,1173,18.58,28.42,4767.73
Événement de Bienfaisance,Workshop,6,1399,Coworking Space,Tokyo,49,1.69,6,Train,209.25,57,Vegan,1399,17.0,20.02,2198.56
Événement de Bienfaisance,Seminar,30,75,Outdoor,Dubai,21,0.85,30,Bus,217.61,412,Vegetarian,75,13.43,7.16,5800.75
Networking,Trade Show,23,1980,Convention Center,Berlin,34,0.79,23,Walking,12.14,171,Non-Vegetarian,1980,15.61,20.82,7311.75
Seminar,Networking Event,48,1840,Coworking Space,New York,33,0.25,48,Bicycle,228.85,255,Non-Vegetarian,1840,10.34,17.3,6693.28
Workshop,Fundraiser,25,573,Convention Center,New York,9,1.94,25,Car,426.11,327,Vegetarian,573,10.96,41.36,30443.36
Workshop,Seminar,45,1911,Office,London,34,1.54,45,Plane,32.74,53,Vegetarian,1911,19.2,40.25,4597.3
Product Launch,Fundraiser,44,1719,Office,New York,17,0.41,44,Bicycle,438.05,339,Vegan,1719,10.08,34.55,1961.6
Séminaire,Networking Event,48,658,Outdoor,Paris,40,1.5,48,Car,71.97,74,Vegan,658,12.25,14.92,3270.75
Networking,Fundraiser,29,584,Outdoor,Berlin,17,0.2,29,Plane,229.73,260,Non-Vegetarian,584,14.05,42.25,17138.35
Networking,Fundraiser,35,1327,Coworking Space,Tokyo,19,1.95,35,Bicycle,373.33,436,Non-Vegetarian,1327,17.29,40.65,5408.76
Networking,Workshop,2,463,Hotel,Berlin,33,1.51,2,Bus,445.52,217,Non-Vegetarian,463,11.89,30.25,7555.28
Conference,Trade Show,8,1372,Coworking Space,Dubai,25,0.96,8,Plane,343.09,106,Non-Vegetarian,1372,5.17,41.33,14082.89
Product Launch,Workshop,22,15,Hotel,Paris,18,0.29,22,Bicycle,231.1,198,Non-Vegetarian,15,19.09,18.51,185.12
Trade Show,Fundraiser,14,1187,Convention Center,Sydney,31,1.09,14,Car,16.26,189,Vegetarian,1187,19.06,23.02,2746.55
Réunion du Conseil,Product Launch,4,1053,Coworking Space,Sydney,11,1.55,4,Bus,492.31,284,Non-Vegetarian,1053,3.89,45.49,12207.32
Lancement de Produit,Trade Show,10,1765,Convention Center,Berlin,18,1.71,10,Bus,386.03,371,Vegetarian,1765,17.21,25.66,11480.17
Séminaire,Trade Show,6,1569,Hotel,Paris,37,0.49,6,Train,346.76,356,Mixed,1569,6.83,49.57,9027.55
Événement de Bienfaisance,Seminar,30,1173,Convention Center,Berlin,27,1.82,30,Car,44.01,335,Non-Vegetarian,1173,13.71,30.29,8026.7
Séminaire,Board Meeting,21,1365,Outdoor,Berlin,18,1.42,21,Train,94.45,311,Vegan,1365,5.77,27.31,2874.5
Networking Event,Team Building,16,457,Coworking Space,London,19,1.51,16,Bus,2.83,152,Vegan,457,19.01,16.01,782.37
Conférence,Team Building,45,1425,Coworking Space,Tokyo,49,0.71,45,Bus,298.44,99,Vegan,1425,0.82,41.93,4066.01
Trade Show,Conference,33,60,Convention Center,New York,49,0.38,33,Car,88.82,455,Non-Vegetarian,60,2.31,24.34,9057.28
Atelier,Networking Event,48,1356,Hotel,Dubai,20,1.55,48,Bicycle,357.93,383,Vegan,1356,16.58,40.64,2214.44
Réunion du Conseil,Trade Show,36,192,Hotel,Sydney,47,1.41,36,Bicycle,224.56,110,Vegetarian,192,0.88,21.65,1525.92
Fundraiser,Product Launch,6,559,Coworking Space,New York,13,1.4,6,Train,126.1,315,Vegetarian,559,15.61,1.15,2515.48
Conference,Workshop,31,390,Convention Center,New York,36,0.37,31,Bicycle,262.87,174,Non-Vegetarian,390,6.95,27.26,1639.88
Conference,Networking Event,10,1337,Outdoor,New York,23,0.69,10,Plane,377.34,284,Mixed,1337,11.49,46.14,30328.25
Fundraiser,Team Building,2,1034,Hotel,New York,31,1.19,2,Plane,370.03,466,Non-Vegetarian,1034,11.62,22.48,46832.58
Événement de Bienfaisance,Networking Event,36,154,Office,Tokyo,12,1.73,36,Train,217.78,455,Mixed,154,15.47,22.58,4798.38
Séminaire,Seminar,20,740,Hotel,Paris,45,0.73,20,Walking,236.63,147,Vegan,740,1.97,36.92,1146.28
Networking,Team Building,47,1681,Coworking Space,New York,45,0.17,47,Car,452.97,149,Mixed,1681,17.75,13.76,18618.73
Conference,Conference,21,1862,Convention Center,New York,49,0.21,21,Train,239.13,364,Vegetarian,1862,2.27,2.21,6391.74
Networking Event,Board Meeting,19,1229,Office,Dubai,49,0.87,19,Plane,57.1,463,Vegan,1229,10.11,34.48,8332.49
Conference,Seminar,33,629,Office,Tokyo,28,0.44,33,Walking,192.94,124,Mixed,629,15.89,28.16,1863.88
Trade Show,Corporate Training,48,1767,Outdoor,New York,40,1.51,48,Train,387.65,483,Vegetarian,1767,0.62,17.16,11625.06
Board Meeting,Networking Event,22,1845,Outdoor,Berlin,12,0.65,22,Train,216.33,379,Mixed,1845,16.31,7.37,8025.22
Networking,Networking Event,32,568,Office,Tokyo,48,0.42,32,Walking,349.05,56,Mixed,568,1.4,1.39,1748.14
Corporate Training,Conference,25,137,Coworking Space,New York,39,0.49,25,Bus,425.78,297,Vegetarian,137,10.81,29.22,8111.83
Lancement de Produit,Trade Show,19,525,Office,New York,30,0.63,19,Plane,161.08,193,Vegan,525,2.62,7.95,8497.8
Conference,Fundraiser,28,248,Convention Center,Tokyo,13,0.9,28,Train,349.13,482,Non-Vegetarian,248,14.27,10.62,7812.81
Événement de Bienfaisance,Board Meeting,33,1522,Convention Center,Paris,17,1.14,33,Bus,30.42,330,Vegetarian,1522,8.39,41.7,3305.27
Séminaire,Product Launch,16,490,Hotel,New York,24,1.96,16,Walking,44.99,347,Vegetarian,490,4.88,43.44,1207.96
Seminar,Product Launch,43,16,Convention Center,New York,47,0.15,43,Bicycle,93.5,222,Vegan,16,11.76,6.59,204.27
Team Building,Board Meeting,5,1305,Outdoor,Dubai,33,0.78,5,Plane,317.05,208,Mixed,1305,8.96,33.22,19897.81
Board Meeting,Trade Show,5,726,Coworking Space,Berlin,40,1.49,5,Bicycle,57.14,106,Vegan,726,14.53,13.05,930.16
Networking,Team Building,39,954,Hotel,Dubai,38,1.12,39,Plane,64.19,303,Vegan,954,18.19,31.14,6744.97
Formation,Team Building,31,294,Convention Center,Sydney,10,1.17,31,Car,447.06,420,Vegan,294,9.06,27.45,39979.06
Corporate Training,Board Meeting,15,1057,Hotel,Sydney,17,1.19,15,Plane,222.81,492,Vegan,1057,18.17,35.76,28722.22
Team Building,Product Launch,23,668,Outdoor,Sydney,44,0.31,23,Car,36.42,102,Mixed,668,9.91,17.59,2661.98
Lancement de Produit,Corporate Training,29,1111,Office,Dubai,19,1.46,29,Train,395.33,122,Non-Vegetarian,1111,8.0,36.72,6309.38
Product Launch,Product Launch,36,1886,Outdoor,Sydney,24,0.7,36,Plane,338.32,387,Vegetarian,1886,4.88,48.98,35971.58
Lancement de Produit,Fundraiser,44,168,Convention Center,Sydney,14,0.32,44,Car,323.93,204,Mixed,168,14.08,37.8,14499.48
Seminar,Fundraiser,28,394,Office,Berlin,15,0.58,28,Train,437.78,376,Vegetarian,394,1.43,2.57,7305.01
Fundraiser,Seminar,17,1482,Outdoor,Tokyo,27,1.18,17,Bicycle,472.11,105,Mixed,1482,18.24,5.43,4023.15
Séminaire,Trade Show,14,375,Outdoor,Sydney,19,1.24,14,Bicycle,138.13,221,Non-Vegetarian,375,12.36,7.12,1516.38
Fundraiser,Team Building,39,357,Outdoor,New York,37,0.13,39,Bicycle,422.45,212,Vegan,357,15.97,45.68,574.1
Événement de Bienfaisance,Product Launch,8,1709,Hotel,Berlin,48,1.84,8,Bus,333.57,397,Vegetarian,1709,11.06,33.6,10951.74
Networking Event,Product Launch,41,157,Outdoor,Paris,9,0.76,41,Bus,137.24,176,Vegetarian,157,13.41,5.57,1862.93
Workshop,Corporate Training,11,1696,Hotel,Paris,8,1.01,11,Plane,289.87,370,Non-Vegetarian,1696,5.13,17.6,32838.88
Fundraiser,Team Building,33,694,Outdoor,Paris,23,1.87,33,Walking,83.09,168,Vegetarian,694,2.99,12.06,1780.76
Fundraiser,Workshop,26,1626,Convention Center,New York,32,0.65,26,Bus,417.61,41,Non-Vegetarian,1626,1.02,44.7,7080.16
Product Launch,Team Building,42,1079,Office,Berlin,7,0.42,42,Bus,247.88,157,Non-Vegetarian,1079,15.69,6.86,6218.37
Product Launch,Corporate Training,4,219,Hotel,Tokyo,49,1.88,4,Train,116.91,291,Vegetarian,219,18.55,13.02,1936.71
Formation,Seminar,5,483,Coworking Space,Tokyo,34,1.48,5,Car,227.4,174,Vegetarian,483,10.15,47.06,9273.92
Trade Show,Networking Event,33,690,Office,Paris,9,0.68,33,Plane,315.72,326,Vegetarian,690,16.31,13.41,26926.6
Conference,Fundraiser,35,1827,Outdoor,London,9,1.09,35,Walking,478.17,161,Vegan,1827,4.04,12.27,2031.29
Networking,Fundraiser,47,1654,Office,New York,16,0.76,47,Bicycle,404.28,140,Non-Vegetarian,1654,7.23,32.73,6154.68
Trade Show,Corporate Training,7,970,Coworking Space,Paris,15,0.28,7,Car,397.5,289,Vegan,970,13.68,20.77,25177.88
Team Building,Team Building,2,1657,Convention Center,Sydney,6,1.8,2,Walking,131.15,370,Mixed,1657,6.14,31.16,4227.9
Corporate Training,Product Launch,4,1585,Convention Center,Berlin,39,1.59,4,Bicycle,177.55,98,Mixed,1585,15.93,12.84,4144.06
Team Building,Workshop,5,191,Convention Center,New York,7,0.99,5,Bicycle,455.79,144,Vegan,191,14.41,49.76,336.66
Conférence,Seminar,34,1978,Convention Center,London,8,0.18,34,Walking,121.76,458,Vegetarian,1978,7.06,4.58,3014.76
Formation,Product Launch,15,1435,Outdoor,Dubai,50,0.46,15,Walking,41.96,340,Vegan,1435,5.24,21.7,1661.38
Team Building,Networking Event,27,56,Hotel,Paris,47,1.03,27,Bus,468.96,318,Non-Vegetarian,56,12.55,26.93,9876.25
